month,FX_AUD,FX_CAD,FX_CHF,FX_EUR,FX_GBP,FX_JPY
1921-01,,,,,,
1921-02,,,,,,
1921-03,,,,,,
1921-04,,,,,,
1921-05,,,,,,
1921-06,,,,,,
1921-07,,,,,,
1921-08,,,,,,
1921-09,,,,,,
1921-10,,,,,,
1921-11,,,,,,
1921-12,,,,,,
1922-01,,,,,,
1922-02,,,,,,
1922-03,,,,,,
1922-04,,,,,,
1922-05,,,,,,
1922-06,,,,,,
1922-07,,,,,,
1922-08,,,,,,
1922-09,,,,,,
1922-10,,,,,,
1922-11,,,,,,
1922-12,,,,,,
1923-01,,,,,,
1923-02,,,,,,
1923-03,,,,,,
1923-04,,,,,,
1923-05,,,,,,
1923-06,,,,,,
1923-07,,,,,,
1923-08,,,,,,
1923-09,,,,,,
1923-10,,,,,,
1923-11,,,,,,
1923-12,,,,,,
1924-01,,,,,,
1924-02,,,,,,
1924-03,,,,,,
1924-04,,,,,,
1924-05,,,,,,
1924-06,,,,,,
1924-07,,,,,,
1924-08,,,,,,
1924-09,,,,,,
1924-10,,,,,,
1924-11,,,,,,
1924-12,,,,,,
1925-01,,,,,,
1925-02,,,,,,
1925-03,,,,,,
1925-04,,,,,,
1925-05,,,,,,
1925-06,,,,,,
1925-07,,,,,,
1925-08,,,,,,
1925-09,,,,,,
1925-10,,,,,,
1925-11,,,,,,
1925-12,,,,,,
1926-01,,,,,,
1926-02,,,,,,
1926-03,,,,,,
1926-04,,,,,,
1926-05,,,,,,
1926-06,,,,,,
1926-07,,,,,,
1926-08,,,,,,
1926-09,,,,,,
1926-10,,,,,,
1926-11,,,,,,
1926-12,,,,,,
1927-01,,,,,,
1927-02,,,,,,
1927-03,,,,,,
1927-04,,,,,,
1927-05,,,,,,
1927-06,,,,,,
1927-07,,,,,,
1927-08,,,,,,
1927-09,,,,,,
1927-10,,,,,,
1927-11,,,,,,
1927-12,,,,,,
1928-01,,,,,,
1928-02,,,,,,
1928-03,,,,,,
1928-04,,,,,,
1928-05,,,,,,
1928-06,,,,,,
1928-07,,,,,,
1928-08,,,,,,
1928-09,,,,,,
1928-10,,,,,,
1928-11,,,,,,
1928-12,,,,,,
1929-01,,,,,,
1929-02,,,,,,
1929-03,,,,,,
1929-04,,,,,,
1929-05,,,,,,
1929-06,,,,,,
1929-07,,,,,,
1929-08,,,,,,
1929-09,,,,,,
1929-10,,,,,,
1929-11,,,,,,
1929-12,,,,,,
1930-01,,,,,,
1930-02,,,,,,
1930-03,,,,,,
1930-04,,,,,,
1930-05,,,,,,
1930-06,,,,,,
1930-07,,,,,,
1930-08,,,,,,
1930-09,,,,,,
1930-10,,,,,,
1930-11,,,,,,
1930-12,,,,,,
1931-01,,,,,,
1931-02,,,,,,
1931-03,,,,,,
1931-04,,,,,,
1931-05,,,,,,
1931-06,,,,,,
1931-07,,,,,,
1931-08,,,,,,
1931-09,,,,,,
1931-10,,,,,,
1931-11,,,,,,
1931-12,,,,,,
1932-01,,,,,,
1932-02,,,,,,
1932-03,,,,,,
1932-04,,,,,,
1932-05,,,,,,
1932-06,,,,,,
1932-07,,,,,,
1932-08,,,,,,
1932-09,,,,,,
1932-10,,,,,,
1932-11,,,,,,
1932-12,,,,,,
1933-01,,,,,,
1933-02,,,,,,
1933-03,,,,,,
1933-04,,,,,,
1933-05,,,,,,
1933-06,,,,,,
1933-07,,,,,,
1933-08,,,,,,
1933-09,,,,,,
1933-10,,,,,,
1933-11,,,,,,
1933-12,,,,,,
1934-01,,,,,,
1934-02,,,,,,
1934-03,,,,,,
1934-04,,,,,,
1934-05,,,,,,
1934-06,,,,,,
1934-07,,,,,,
1934-08,,,,,,
1934-09,,,,,,
1934-10,,,,,,
1934-11,,,,,,
1934-12,,,,,,
1935-01,,,,,,
1935-02,,,,,,
1935-03,,,,,,
1935-04,,,,,,
1935-05,,,,,,
1935-06,,,,,,
1935-07,,,,,,
1935-08,,,,,,
1935-09,,,,,,
1935-10,,,,,,
1935-11,,,,,,
1935-12,,,,,,
1936-01,,,,,,
1936-02,,,,,,
1936-03,,,,,,
1936-04,,,,,,
1936-05,,,,,,
1936-06,,,,,,
1936-07,,,,,,
1936-08,,,,,,
1936-09,,,,,,
1936-10,,,,,,
1936-11,,,,,,
1936-12,,,,,,
1937-01,,,,,,
1937-02,,,,,,
1937-03,,,,,,
1937-04,,,,,,
1937-05,,,,,,
1937-06,,,,,,
1937-07,,,,,,
1937-08,,,,,,
1937-09,,,,,,
1937-10,,,,,,
1937-11,,,,,,
1937-12,,,,,,
1938-01,,,,,,
1938-02,,,,,,
1938-03,,,,,,
1938-04,,,,,,
1938-05,,,,,,
1938-06,,,,,,
1938-07,,,,,,
1938-08,,,,,,
1938-09,,,,,,
1938-10,,,,,,
1938-11,,,,,,
1938-12,,,,,,
1939-01,,,,,,
1939-02,,,,,,
1939-03,,,,,,
1939-04,,,,,,
1939-05,,,,,,
1939-06,,,,,,
1939-07,,,,,,
1939-08,,,,,,
1939-09,,,,,,
1939-10,,,,,,
1939-11,,,,,,
1939-12,,,,,,
1940-01,,,,,,
1940-02,,,,,,
1940-03,,,,,,
1940-04,,,,,,
1940-05,,,,,,
1940-06,,,,,,
1940-07,,,,,,
1940-08,,,,,,
1940-09,,,,,,
1940-10,,,,,,
1940-11,,,,,,
1940-12,,,,,,
1941-01,,,,,,
1941-02,,,,,,
1941-03,,,,,,
1941-04,,,,,,
1941-05,,,,,,
1941-06,,,,,,
1941-07,,,,,,
1941-08,,,,,,
1941-09,,,,,,
1941-10,,,,,,
1941-11,,,,,,
1941-12,,,,,,
1942-01,,,,,,
1942-02,,,,,,
1942-03,,,,,,
1942-04,,,,,,
1942-05,,,,,,
1942-06,,,,,,
1942-07,,,,,,
1942-08,,,,,,
1942-09,,,,,,
1942-10,,,,,,
1942-11,,,,,,
1942-12,,,,,,
1943-01,,,,,,
1943-02,,,,,,
1943-03,,,,,,
1943-04,,,,,,
1943-05,,,,,,
1943-06,,,,,,
1943-07,,,,,,
1943-08,,,,,,
1943-09,,,,,,
1943-10,,,,,,
1943-11,,,,,,
1943-12,,,,,,
1944-01,,,,,,
1944-02,,,,,,
1944-03,,,,,,
1944-04,,,,,,
1944-05,,,,,,
1944-06,,,,,,
1944-07,,,,,,
1944-08,,,,,,
1944-09,,,,,,
1944-10,,,,,,
1944-11,,,,,,
1944-12,,,,,,
1945-01,,,,,,
1945-02,,,,,,
1945-03,,,,,,
1945-04,,,,,,
1945-05,,,,,,
1945-06,,,,,,
1945-07,,,,,,
1945-08,,,,,,
1945-09,,,,,,
1945-10,,,,,,
1945-11,,,,,,
1945-12,,,,,,
1946-01,,,,,,
1946-02,,,,,,
1946-03,,,,,,
1946-04,,,,,,
1946-05,,,,,,
1946-06,,,,,,
1946-07,,,,,,
1946-08,,,,,,
1946-09,,,,,,
1946-10,,,,,,
1946-11,,,,,,
1946-12,,,,,,
1947-01,,,,,,
1947-02,,,,,,
1947-03,,,,,,
1947-04,,,,,,
1947-05,,,,,,
1947-06,,,,,,
1947-07,,,,,,
1947-08,,,,,,
1947-09,,,,,,
1947-10,,,,,,
1947-11,,,,,,
1947-12,,,,,,
1948-01,,,,,,
1948-02,,,,,,
1948-03,,,,,,
1948-04,,,,,,
1948-05,,,,,,
1948-06,,,,,,
1948-07,,,,,,
1948-08,,,,,,
1948-09,,,,,,
1948-10,,,,,,
1948-11,,,,,,
1948-12,,,,,,
1949-01,,,,,,
1949-02,,,,,,
1949-03,,,,,,
1949-04,,,,,,
1949-05,,,,,,
1949-06,,,,,,
1949-07,,,,,,
1949-08,,,,,,
1949-09,,,,,,
1949-10,,,,,,
1949-11,,,,,,
1949-12,,,,,,
1950-01,,,,,,
1950-02,,,,,,
1950-03,,,,,,
1950-04,,,,,,
1950-05,,,,,,
1950-06,,,,,,
1950-07,,,,,,
1950-08,,,,,,
1950-09,,,,,,
1950-10,,,,,,
1950-11,,,,,,
1950-12,,,,,,
1951-01,,,,,,
1951-02,,,,,,
1951-03,,,,,,
1951-04,,,,,,
1951-05,,,,,,
1951-06,,,,,,
1951-07,,,,,,
1951-08,,,,,,
1951-09,,,,,,
1951-10,,,,,,
1951-11,,,,,,
1951-12,,,,,,
1952-01,,,,,,
1952-02,,,,,,
1952-03,,,,,,
1952-04,,,,,,
1952-05,,,,,,
1952-06,,,,,,
1952-07,,,,,,
1952-08,,,,,,
1952-09,,,,,,
1952-10,,,,,,
1952-11,,,,,,
1952-12,,,,,,
1953-01,,,,,,
1953-02,,,,,,
1953-03,,,,,,
1953-04,,,,,,
1953-05,,,,,,
1953-06,,,,,,
1953-07,,,,,,
1953-08,,,,,,
1953-09,,,,,,
1953-10,,,,,,
1953-11,,,,,,
1953-12,,,,,,
1954-01,,,,,,
1954-02,,,,,,
1954-03,,,,,,
1954-04,,,,,,
1954-05,,,,,,
1954-06,,,,,,
1954-07,,,,,,
1954-08,,,,,,
1954-09,,,,,,
1954-10,,,,,,
1954-11,,,,,,
1954-12,,,,,,
1955-01,,,,,,
1955-02,,,,,,
1955-03,,,,,,
1955-04,,,,,,
1955-05,,,,,,
1955-06,,,,,,
1955-07,,,,,,
1955-08,,,,,,
1955-09,,,,,,
1955-10,,,,,,
1955-11,,,,,,
1955-12,,,,,,
1956-01,,,,,,
1956-02,,,,,,
1956-03,,,,,,
1956-04,,,,,,
1956-05,,,,,,
1956-06,,,,,,
1956-07,,,,,,
1956-08,,,,,,
1956-09,,,,,,
1956-10,,,,,,
1956-11,,,,,,
1956-12,,,,,,
1957-01,,,,,,
1957-02,,,,,,
1957-03,,,,,,
1957-04,,,,,,
1957-05,,,,,,
1957-06,,,,,,
1957-07,,,,,,
1957-08,,,,,,
1957-09,,,,,,
1957-10,,,,,,
1957-11,,,,,,
1957-12,,,,,,
1958-01,,,,,,
1958-02,,,,,,
1958-03,,,,,,
1958-04,,,,,,
1958-05,,,,,,
1958-06,,,,,,
1958-07,,,,,,
1958-08,,,,,,
1958-09,,,,,,
1958-10,,,,,,
1958-11,,,,,,
1958-12,,,,,,
1959-01,,,,,,
1959-02,,,,,,
1959-03,,,,,,
1959-04,,,,,,
1959-05,,,,,,
1959-06,,,,,,
1959-07,,,,,,
1959-08,,,,,,
1959-09,,,,,,
1959-10,,,,,,
1959-11,,,,,,
1959-12,,,,,,
1960-01,,,,,,
1960-02,,,,,,
1960-03,,,,,,
1960-04,,,,,,
1960-05,,,,,,
1960-06,,,,,,
1960-07,,,,,,
1960-08,,,,,,
1960-09,,,,,,
1960-10,,,,,,
1960-11,,,,,,
1960-12,,,,,,
1961-01,,,,,,
1961-02,,,,,,
1961-03,,,,,,
1961-04,,,,,,
1961-05,,,,,,
1961-06,,,,,,
1961-07,,,,,,
1961-08,,,,,,
1961-09,,,,,,
1961-10,,,,,,
1961-11,,,,,,
1961-12,,,,,,
1962-01,,,,,,
1962-02,,,,,,
1962-03,,,,,,
1962-04,,,,,,
1962-05,,,,,,
1962-06,,,,,,
1962-07,,,,,,
1962-08,,,,,,
1962-09,,,,,,
1962-10,,,,,,
1962-11,,,,,,
1962-12,,,,,,
1963-01,,,,,,
1963-02,,,,,,
1963-03,,,,,,
1963-04,,,,,,
1963-05,,,,,,
1963-06,,,,,,
1963-07,,,,,,
1963-08,,,,,,
1963-09,,,,,,
1963-10,,,,,,
1963-11,,,,,,
1963-12,,,,,,
1964-01,,,,,,
1964-02,,,,,,
1964-03,,,,,,
1964-04,,,,,,
1964-05,,,,,,
1964-06,,,,,,
1964-07,,,,,,
1964-08,,,,,,
1964-09,,,,,,
1964-10,,,,,,
1964-11,,,,,,
1964-12,,,,,,
1965-01,,,,,,
1965-02,,,,,,
1965-03,,,,,,
1965-04,,,,,,
1965-05,,,,,,
1965-06,,,,,,
1965-07,,,,,,
1965-08,,,,,,
1965-09,,,,,,
1965-10,,,,,,
1965-11,,,,,,
1965-12,,,,,,
1966-01,,,,,,
1966-02,,,,,,
1966-03,,,,,,
1966-04,,,,,,
1966-05,,,,,,
1966-06,,,,,,
1966-07,,,,,,
1966-08,,,,,,
1966-09,,,,,,
1966-10,,,,,,
1966-11,,,,,,
1966-12,,,,,,
1967-01,,,,,,
1967-02,,,,,,
1967-03,,,,,,
1967-04,,,,,,
1967-05,,,,,,
1967-06,,,,,,
1967-07,,,,,,
1967-08,,,,,,
1967-09,,,,,,
1967-10,,,,,,
1967-11,,,,,,
1967-12,,,,,,
1968-01,,,,,,
1968-02,,,,,,
1968-03,,,,,,
1968-04,,,,,,
1968-05,,,,,,
1968-06,,,,,,
1968-07,,,,,,
1968-08,,,,,,
1968-09,,,,,,
1968-10,,,,,,
1968-11,,,,,,
1968-12,,,,,,
1969-01,,,,,,
1969-02,,,,,,
1969-03,,,,,,
1969-04,,,,,,
1969-05,,,,,,
1969-06,,,,,,
1969-07,,,,,,
1969-08,,,,,,
1969-09,,,,,,
1969-10,,,,,,
1969-11,,,,,,
1969-12,,,,,,
1970-01,,,,,,
1970-02,,,,,,
1970-03,,,,,,
1970-04,,,,,,
1970-05,,,,,,
1970-06,,,,,,
1970-07,,,,,,
1970-08,,,,,,
1970-09,,,,,,
1970-10,,,,,,
1970-11,,,,,,
1970-12,,,,,,
1971-01,,,,,,
1971-02,-0.000533997864009,0.000993048659568,-0.00248432784047,,-0.00057913460743,0.000447477345995
1971-03,0.000356188780053,-0.00109116159089,0.00270056339481,,0.000331125827814,0.000391696045815
1971-04,0.000979170375645,-0.000990982062792,-0.000116390048376,,0.00103442568686,5.59597089196e-05
1971-05,-0.000622498888395,-0.000990000990338,0.0463003555952,,-0.000620014053652,0
1971-06,0.00071187043958,-0.013092330239,0.00168337846806,,0.000744478451485,0
1971-07,-0.000444602525342,0.00461327051424,0.00310802212583,,-0.000495949743759,2.7980635134e-05
1971-08,0.0146784093942,0.00453559455653,0.0231870993585,,0.0145137280847,0.0516110048571
1971-09,0.0125372610907,0.00485484989681,0.00998963101592,,0.0127165274098,0.0134188161611
1971-10,0.00268421508356,0.00567955360624,-0.00966764344925,,0.00269650259589,0.0177541729907
1971-11,0.000949913644214,0,0.00940462646813,,0.000923175724492,0.00629122892616
1971-12,0.0255370546113,0.00119712689571,0.0104222545772,,0.0233789148655,0.0394590647916
1972-01,0.00193488685118,-0.00318217979303,0.0103755323266,,0.0163401253918,0.0143289541462
1972-02,0,0.00439472632831,0.00155098875859,,0.00470370513167,0.0235992089676
1972-03,0,0.00350806856271,0.00852494916325,,0.00399094362792,-0.00302313354392
1972-04,0,0.00534058846965,-0.007477941367,,-0.00202576157169,-0.00183678824711
1972-05,0,0.0114145943766,0.0055942964178,,0.000765990042129,0.000623584628112
1972-06,0,-0.00446428571924,0.026907147628,,-0.0658247225411,0.0124946000743
1972-07,0,0.00223713646464,-0.00824146703401,,0.00360507988529,-0.00152626165508
1972-08,0,0.000203417411076,-0.00216827965422,,-0.000612294881215,0.000929892729316
1972-09,0,-0.000305033041313,-0.00539147358304,,-0.0117632643058,0
1972-10,0,0.000305126114859,0.000763278413051,,-0.0326513742509,0
1972-11,0,-0.0113624937081,0.00617038743545,,0.00499893185217,0
1972-12,0.0690176322418,-0.00110486139542,0.0014320948366,,-0.00178556245217,-0.00182324471123
1973-01,-0.00172792962614,-0.00529523428834,0.0414572170373,,0.0143526405451,0.000895849231439
1973-02,0.10936270653,0.00673908670228,0.156778171827,,0.0454717218793,0.134452516281
1973-03,0.00354609929078,-0.00490441397199,-0.0350536440995,,-0.00582329317269,-0.00109038953243
1973-04,0,-0.00408692184994,0.000647848217628,,0.00545344374874,0.00161940270303
1973-05,0,0.00813988543985,0.0502527216177,,0.0309762957011,0.00317352374609
1973-06,0.000353356890459,-0.00340510766323,0.0539903698391,,0.00580647675461,0.00581395348626
1973-07,0.00317908866125,-0.00299550673988,0.0307648984498,,-0.0317706315382,-0.00106286061334
1973-08,-0.00281690140845,-0.0040771678599,-0.0639230287666,,-0.0164065626251,-0.00734767700391
1973-09,0.045197740113,-0.000198846689354,0.0015180015172,,-0.0181041497152,-0.000790662650606
1973-10,0,0.00680680680593,-0.0224208013398,,0.0103584006629,-0.00505712680049
1973-11,0.00135135135135,-0.00119976004699,-0.032853889116,,-0.0391634201353,-0.0469815429665
1973-12,0.000337381916329,0.00421686747285,-0.0141187326964,,-0.00874946649595,-0.000570878081859
1974-01,0.00168634064081,0.00789313903642,-0.00129024330382,,-0.0157158234661,-0.061920540883
1974-02,0.0016835016835,0.0203407330963,0.0390704800802,,0.00678040244969,0.0358492528494
1974-03,-0.00168067226891,-0.00442023026158,0.0388301223599,,0.0397566804258,0.0446955702846
1974-04,0,0.012700395585,0.0283716965047,,0.0129544504806,-0.0126948934341
1974-05,-0.0016835016835,-0.00166285595742,-0.0158405208564,,-0.0115511551155,-0.0081225836178
1974-06,0.00168634064081,-0.0103877404095,-0.00686598006878,,-0.00229549248748,-0.00816182937794
1974-07,-0.0016835016835,-0.00704656862345,0.012007960333,,-0.00146412884334,-0.0469085300405
1974-08,-0.00168634064081,-0.00860585198454,-0.0154096509586,,-0.0296606619187,-0.0155146233592
1974-09,-0.114864864865,0.00182574297498,0.020746465983,,0.00703738882653,0.0154526866237
1974-10,-0.00152671755725,0.00132033313327,0.0277322927924,,0.00128617363344,-0.00536774021601
1974-11,0.0045871559633,-0.00283573020425,0.0582921613442,,-0.00428173838578,-0.0011988011998
1974-12,0.00799086757991,-0.00403469840745,0.0659068579285,,0.00924532358633,-0.00239186765017
1975-01,0.0086825217063,-0.00810405201764,0.0195944862969,,0.0151256923732,0.0102359297929
1975-02,0.0209580838323,0.00130234421214,0.038405525735,,0.0199370409234,0.0402164426593
1975-03,-0.00953079178886,-0.0052815146956,-0.0531105945403,,-0.00987654320988,-0.0257796823457
1975-04,-0.00925240562546,-0.015597410242,-0.00785708701394,,-0.022859517872,0.00615953187706
1975-05,0.0014942099365,-0.00332420805576,0.022502897799,,-0.0148872820077,0.00233236151451
1975-06,-0.0126818351361,-0.0075684067542,-0.000239760241903,,-0.0528929188256,-0.0139678030306
1975-07,-0.0177559501322,-0.00116301608757,-0.0720827616885,,-0.018007750171,-0.0068187161987
1975-08,-0.0176923076923,-0.000581170089346,0.00458168814761,,-0.0204271123491,-0.000872571064347
1975-09,-0.0184025058731,0.00702301989841,-0.0220036429888,,-0.0317535545024,-0.0161135875841
1975-10,0.0119664938173,0.00756756756764,0.0458338095806,,0.017131669114,0.00364540182185
1975-11,-0.00906582577848,0.00662841313857,-0.0194269062672,,-0.0279114533205,-0.00451966217891
1975-12,-0.00198886237072,-0.005900865461,0.0211735083185,,0.00173267326733,-0.00668501769787
1976-01,0.00143483459546,0.0156827489759,0.00734022520307,,0.00296515937732,0.00490664207981
1976-02,0.00135317997294,0.0165515840771,0.0130026861825,,-0.00211874846021,0.0051636821037
1976-03,-0.00945945945946,0.000507975212729,0.0118170717311,,-0.0539699782738,0.00844515655068
1976-04,-0.00770403659417,0.00551639595864,0.00914258456763,,-0.0396158463385,0.00180577849183
1976-05,-0.00768297614234,-0.00112244897953,0.0223929122976,,-0.04375,-0.0032996700328
1976-06,0.00497147514262,0.0115606936367,-0.00320032408309,,0.0144927536232,0.00691344766264
1976-07,0.00600113534993,-0.00656275635355,-0.00543916196616,,0,0.0160608333901
1976-08,0.00257960499798,-0.00641874681796,0.00149295888227,,-0.00420168067227,0.0135130464829
1976-09,-0.00715606657554,0.00852856555809,0.013619631902,,-0.0661040787623,0.00868019242963
1976-10,-0.00550696469064,0.00102859493328,0.00489087994817,,-0.0433734939759,-0.0255452136692
1976-11,-0.177605863192,-0.0610392118963,-0.00486707566539,,0.0396725440806,-0.00912181493984
1976-12,0.0783245865927,0.0257578759663,-0.00098063250705,,0.030284675954,0.0136822710541
1977-01,-0.0020202020202,-0.0103921568627,-0.0235007780394,,0.0082304526749,0.0161217626439
1977-02,0.00846521899153,-0.0253225035841,-0.0190222709299,,-0.00116618075802,0.0198719988685
1977-03,0.00620437956204,-0.0100274335438,0.00432406934215,,0.00408639813193,0.018951540265
1977-04,0.000181356546971,0.00906834669696,0.0106873261822,,-0.00046511627907,-0.000827993377119
1977-05,0,-0.00351945210727,0.00491076775551,,-5.81665891112e-05,0.00180323138962
1977-06,0.0108794197643,-0.00811397301614,0.0154051972273,,0.000349019835961,0.0362121155519
1977-07,0.00609865470852,-0.00841987089557,0.0236968791495,,0.00976914578124,0.00292342865728
1977-08,-0.0158673560349,-0.00548939337559,0.00626409421145,,0.00362798733084,-0.00257943925311
1977-09,0.00452898550725,0.00102449473836,0.020107352818,,0.00275418866192,0.0143718478637
1977-10,0.0166816952209,-0.0312189840295,0.051278606296,,0.0525864042115,0.0585236623454
1977-11,-0.00133037694013,0.000451345007456,0.0331760133249,,-0.0122315846697,0.020940906482
1977-12,0.0106571936057,0.0120591997076,0.0842865743535,,0.0550357732526,0.0168347362288
1978-01,0,-0.0119155082144,0.00256526331711,,0.0159102764737,-0.00670529801459
1978-02,-0.00131810193322,-0.00645739910277,0.0920626201585,,-0.00333761232349,0.0146997060064
1978-03,0.00448746150462,-0.0151916622502,-0.00600600600476,,-0.0407006697579,0.0357127321761
1978-04,-0.00823405746321,0.000884016973058,-0.0580641843258,,-0.0209452201933,0.0218695826112
1978-05,-0.00141317788377,0.00721218057098,0.028565382989,,0.00575973669775,0.0164001084303
1978-06,0.0149478153193,-0.00142260158175,0.0211754537599,,0.0149986364876,0.0865445977118
1978-07,0.00862745098039,-0.00600972160885,0.0662980243076,,0.0376141859215,0.0770328856948
1978-08,-0.0063936409193,-0.0171979501428,0.058145913329,,0.00621439668566,-0.00719122355832
1978-09,0.00434782608696,-0.027289624874,0.0585161290329,,0.0164693772517,0.00697711295491
1978-10,0.0225108225108,0.0141376060325,0.0333333333332,,0.0511392405063,0.0539832869084
1978-11,-0.0393734123624,-0.00401092336623,-0.135446685879,,-0.0635838150289,-0.0984429934717
1978-12,0.0136624063464,-0.0125558270831,0.0709876543199,,0.0501543209877,0.0247040658789
1979-01,-0.0142608695652,-0.0114128623798,-0.0470588235284,,-0.025422483468,-0.0390702274977
1979-02,-0.00494001411433,0.00561280053688,0.0155316606932,,0.0169883393647,-0.00222057735043
1979-03,-0.00859929078014,0.0285197311732,-0.0123893805317,,0.0193239102501,-0.0330661322644
1979-04,-0.0141285880354,0.0161092628257,-0.0153935521357,,0.00266666666667,-0.0550946798928
1979-05,0.0031746031746,-0.0160234321149,-0.00202898550559,,0.000967117988395,0.00658044020966
1979-06,0.0122061482821,-0.00616438356178,0.0429262394193,,0.0536231884058,0.0117079889804
1979-07,0.00848593121929,-0.00145336411078,-0.00301386377473,,0.0304906006419,0.00507614213324
1979-08,-0.0014171833481,0.00291520192017,0.00169061707601,,0.00231368186874,-0.0167876588029
1979-09,0.000975696292354,0.00491125280064,0.0657657657664,,-0.0220624139921,-0.0182628062361
1979-10,-0.027735932654,-0.020177289996,-0.0641373080397,,-0.0583295506128,-0.056127811647
1979-11,-0.00273423259205,0.0118742525198,0.0391113892364,,0.060014461316,-0.0468843919045
1979-12,0.0105099616158,0.00188291680988,0.00188087774267,,0.00886766712142,0.038493549729
1980-01,0.00090440444967,0.00854553301634,-0.0262515262511,,0.0217263917061,0.00405298124008
1980-02,-0.00876479624108,0.0117903930137,-0.0378854625551,,0.0027793708916,-0.0489568845612
1980-03,-0.0138559708295,-0.0390264372643,-0.0804752903052,,-0.0497140343159,0.00680136027057
1980-04,0.0306895914217,0.00286171197784,0.110344827586,,0.0456018518519,0.0442866095688
1980-05,0.024932735426,0.0252847773551,0.0033092659444,,0.0371928270976,0.0733183856506
1980-06,0.0106755337767,0.00660180681057,0.0197570254022,,0.00554962646745,0.0140973169618
1980-07,-0.0030303030303,-0.0092090541355,-0.0110436893202,,-0.00551899808958,-0.032981530343
1980-08,0.0115501519757,0.00371458189323,-0.000606428137872,,0.0228388473853,0.0378822455502
1980-09,0.0053228021978,-0.011020931226,-0.00272149984946,,-0.00375626043406,0.039127341712
1980-10,0.000853970964987,-0.00408406364344,-0.0358600583086,,0.0207373271889,-0.000947642738747
1980-11,-0.00682593856655,-0.0122699386502,-0.0135174000579,,-0.0324235583829,-0.0256232686989
1980-12,0.0149484536082,-0.00385098367492,-0.0274125874118,,0.013361611877,0.0664697193504
1981-01,-0.00253936008126,0.000167462111657,-0.0747929606638,,-0.00983675177899,-0.0174165457186
1981-02,-0.0198574338086,-0.00582702072791,-0.0152905198762,,-0.0682730923695,-0.0143061516448
1981-03,0.010303030303,0.0117914596152,0.0176348547706,,0.0129310344828,-0.00733727810687
1981-04,-0.0151683948925,-0.00744022738711,-0.0460168233543,,-0.0416573348264,-0.0209936045977
1981-05,-0.009136790811,-0.00623078840261,-0.0263994604493,,-0.0324842252863,-0.0362661902634
1981-06,0.00799156933345,0.00258204231245,0.0128323981458,,-0.0676328502415,-0.0130041877879
1981-07,-0.0109775222164,-0.0269876002918,-0.0460786595288,,-0.0466321243523,-0.0563643926793
1981-08,0.0125968992248,0.0265391014978,0.00303454715153,,0.00271739130435,0.0429501084603
1981-09,-0.00582862113963,-0.00405998840075,0.0845569620249,,-0.0227642276423,-0.0077486009473
1981-10,-0.00507525376269,0.00324189526219,0.0762942779285,,0.032723239046,-0.0021477663232
1981-11,0.013016710642,0.0224375318716,0.0352609308889,,0.0499462943072,0.0868347338934
1981-12,-0.0206633096024,-0.00817668380688,-0.00866890380294,,-0.0204603580563,-0.025477707007
1982-01,-0.0310283687943,-0.0086905657223,-0.031419284941,,-0.0187989556136,-0.0372317126581
1982-02,-0.0178408051235,-0.0262815296992,-0.0279094260121,,-0.0313996806812,-0.0377239199166
1982-03,-0.0224499301351,-0.00121901665971,-0.0203765798313,,-0.0214285714286,-0.0443101711982
1982-04,0.0114351057747,0.00885463638572,-0.0094532447607,,0.00758001122965,0.0525757896978
1982-05,-0.0104578858112,-0.0195337620581,-0.0202753441807,,-0.00195040401226,-0.0306206329632
1982-06,-0.0268494715795,-0.0378219506537,-0.0485829959511,,-0.0309882747069,-0.0458823529422
1982-07,-0.0323843068193,0.0297069130308,-0.000238095239856,,0.00144050705848,-0.0120108485085
1982-08,-0.0250758341759,0.013234344738,-0.0126939351189,,-0.0100690448792,-0.0114898506308
1982-09,-0.0152457996266,0.00234570896966,-0.0202671579923,,-0.0151118860796,-0.0268356317568
1982-10,-0.0144286466561,0.00831906043634,-0.0165345413354,,-0.0103275302449,-0.0317574882719
1982-11,0.0236161572986,-0.00905196799456,0.0425029515944,,-0.0268336314848,0.111958266453
1982-12,0.023071301806,0.00618036919582,0.0547945205463,,-0.00857843137255,0.0617809970187
1983-01,-0.0125510204082,-0.00566022479176,-0.00372208436611,,-0.0604449938195,-0.0214717531785
1983-02,-0.0136405910923,0.00626525630527,-0.0230303030318,,-0.00572293119326,0.00840866091863
1983-03,-0.0946045049764,-0.00413256624294,-0.0110285303267,,-0.0191862388356,-0.00481171548019
1983-04,0.00335570469799,0.0064426684066,0.00602990834367,,0.050455311973,0.00293747377236
1983-05,0.0161457732672,-0.00308943089442,-0.0109732824423,,0.0277403197842,-0.00230270043981
1983-06,-0.00658268073998,0.0019550342133,-0.00309155766919,,-0.0421743205248,-0.00179705783863
1983-07,0.00548383411402,-0.00518638573712,-0.014991801359,,-0.00848010437052,-0.0102171664949
1983-08,-0.00215884558573,0,-0.0240054869671,,-0.0171052631579,-0.0190708054376
1983-09,0.021521293555,0.00081103000759,0.031603773585,,0.0024765729585,0.0458306810957
1983-10,0.0182811280794,0.000324517280949,-0.0107326178275,,-0.00166922614676,0.00683614612175
1983-11,0.00131362889984,-0.00532601678498,-0.00855887115267,,-0.0215355805243,0.00666666666723
1983-12,-0.0198972340658,-0.00425873844971,-0.00803120697588,,-0.00786056049214,0.00345274061295
1984-01,0.0230897936419,-0.0038421516039,-0.0328450954292,,-0.0346538064072,-0.012656070227
1984-02,0.0286742259049,-0.00207684319864,0.0392066420666,,0.0637310876392,0.00531208499239
1984-03,-0.00773714891362,-0.0193482688392,0.00720092915205,,-0.0355585374036,0.0386206896559
1984-04,-0.0183721427046,-0.00615025301737,-0.0418428666822,,-0.0274782608696,-0.00991189427338
1984-05,-0.0217627856366,-0.00780163757087,-0.00597345132681,,-0.00894134477825,-0.0197771828309
1984-06,-0.0417130144605,-0.0191681187967,-0.0304590304596,,-0.0202093107182,-0.0241045090587
1984-07,-0.040626813697,0.00640487990818,-0.0572295247705,,-0.0369797421731,-0.0326131267849
1984-08,0.026981246219,0.0108678896248,0.0261465034223,,0.000152987072592,0.0140553947913
1984-09,-0.0233270499529,-0.015853751042,-0.0487564153184,,-0.0562141491396,-0.0202511138114
1984-10,0.0255729794934,0.00250950570272,0.0156375300735,,-0.0125607779579,0.00488400488348
1984-11,0.00823335685721,-0.00694759099803,-0.0238747553826,,-0.0176446450554,-0.00727272727273
1984-12,-0.0375641623892,0.00189150336638,-0.0176855055745,,-0.0325814536341,-0.0162957074717
1985-01,-0.0135757575758,-0.00414406268832,-0.0276635514012,,-0.0237478411054,-0.0125588697011
1985-02,-0.127549766527,-0.0406938923014,-0.0637031851595,,-0.0455550641309,-0.0179225284263
1985-03,-0.0140845070423,0.0117001828154,0.0988461538452,,0.145505097312,0.0336653386462
1985-04,-0.0792857142857,0.000365764446892,0,,0.00404530744337,-0.00198807157137
1985-05,0.0290147401086,-0.00545652964654,0.00970873786481,,0.0362610797744,0.0011942675179
1985-06,0.00799155609168,0.0112566215414,0.0133805588346,,0.0182737169518,0.0112721417057
1985-07,0.0809274495138,0.00384047267404,0.107672188319,,0.0775105001909,0.0505392260527
1985-08,-0.0292001107113,-0.00871220440785,-0.00692640692854,,-0.0141743444366,-0.0106694560675
1985-09,0.000712758374911,-0.00371991247201,0.0523917995463,,0.0125808770669,0.103926096997
1985-10,-0.0042735042735,0.00307287093897,0.0204556020448,,0.0227192048278,0.023398723707
1985-11,-0.0187410586552,-0.0124277456646,0.0336376741948,,0.0336688649774,0.0467590301826
1985-12,-0.00597754774749,-0.0103682516987,0.0101941747578,,-0.0295500335796,0.00923845193553
1986-01,0.0469345849223,-0.0174242956498,0.0117878192534,,-0.0228373702422,0.0413416536654
1986-02,-0.0203138133931,0.00021082220628,0.078389830508,,0.0240793201133,0.0650789255062
1986-03,0.017589017589,0.0186113099491,-0.0347648261752,,0.0190179806362,0.0166103603596
1986-04,0.0408937605396,0.0168874654253,0.0788747931592,,0.0525958601968,0.0596658711215
1986-05,-0.0349669231808,-0.00427629194812,-0.0623222136014,,-0.0507414571244,-0.0395415472773
1986-06,-0.0577783995523,-0.00526315789392,0.0762593932635,,0.0405488011954,0.0653235653239
1986-07,-0.115219005197,0.00543675244577,0.0706197854598,,-0.0264360313316,0.0646733831643
1986-08,0.0219835542876,-0.00619551905503,0.0225472273002,,-0.00234663090848,-0.00452927855067
1986-09,0.0310344827586,-0.000504032258083,-0.00364298724892,,-0.027688172043,0.00129575639882
1986-10,0.0205446727186,-0.00122258180531,-0.0374050263006,,-0.0285457561515,-0.0553855569164
1986-11,0.0149812734082,0.00469653179233,0.041387705416,,0.019921736037,0.00833076211125
1986-12,0.0229089790898,0.00217233888506,0.0179677819087,,0.0341820718521,0.0236891977259
1987-01,-0.00526078460845,0.0313666915603,0.0439844760675,,0.0212478920742,0.0302635860714
1987-02,0.0229676639468,0.00435043504443,0.00487487812773,,0.0211360634082,0.00247928492235
1987-03,0.0406203840473,0.0213743966906,0.0219196280309,,0.0394566623545,0.0521004942346
1987-04,-0.00354861603974,-0.0237828135527,0.0192958700068,,0.0332918481643,0.0356152697796
1987-05,0.0145299145299,-0.00126979384508,-0.0234710743807,,-0.0186690755796,-0.023802914642
1987-06,0.0122156697557,0.00548253849066,-0.00197954470409,,-0.0102485424977,-0.0183923705724
1987-07,-0.0314884172562,0.00263554216917,-0.0149496262597,,-0.0135168650794,-0.0206804536362
1987-08,0.0233457462045,0.00636556532197,0.0301305657853,,0.0262727844123,0.057495590829
1987-09,-0.00797760671798,0.0077128675068,-0.0261476265003,,-0.00489955903969,-0.0324232081915
1987-10,-0.0547404063205,-0.00509041179157,0.0731980405884,,0.0595150172329,0.0585260115609
1987-11,0.0522388059701,0.0061921871427,0.0620587142321,,0.0604705198954,0.0451593414894
1987-12,0.0241134751773,0.00607598830847,0.0581989775866,,0.0330850131464,0.0921237113399
1988-01,-0.0193905817175,0.0189655172417,-0.0700650917873,,-0.0619830328738,-0.0508806262224
1988-02,0.0149717514124,0.0122164048868,-0.0180969479353,,0.00248714035385,-0.00544959128164
1988-03,0.0314500417478,0.0213903743319,0.0220183486234,,0.0637158161827,0.0350523771159
1988-04,0.0221262817053,0.00406768630025,-0.0222461428056,,-0.00424065730188,-0.00656420108863
1988-05,0.0587381203801,-0.00380906070236,-0.0348386203071,,-0.0214532871972,-0.00151866357662
1988-06,-0.00947512778955,0.0172300082434,-0.0413014608234,,-0.0705581547166,-0.0630569909374
1988-07,0.0100692259283,0.00189972743063,-0.0358514724712,,0.000877963125549,0.00360766629041
1988-08,0.0016199376947,-0.023629032258,-0.0145110410102,,-0.016081871345,-0.0254175212429
1988-09,-0.0258770838517,0.0186478271584,0.000947268708706,,0.00505200594354,0.0195668409259
1988-10,0.0472541507024,-0.00196769697444,0.0546120546131,,0.0461265523359,0.066932270917
1988-11,0.0670731707317,0.0268563731263,0.0330237358095,,0.0453928773318,0.0295324036098
1988-12,-0.0245714285714,-0.00419181757134,-0.0322902796269,,-0.0220624019899,-0.0251899240304
1989-01,0.0397188049209,0.00785804816251,-0.0610739513658,,-0.0323472491015,-0.0417624521078
1989-02,-0.0998422357449,-0.0129274395335,0.028812142259,,-0.00342857142857,0.0286119650044
1989-03,0.0252879318978,0.00452412868639,-0.0647218045115,,-0.0337155963303,-0.044437749492
1989-04,-0.030525030525,0.00598398651502,-0.00657305049258,,0.00225492523143,-0.000602182912909
1989-05,-0.052644836272,-0.0163322832028,-0.0190504103159,,-0.0695677915927,-0.0666057753107
1989-06,0.00465301781441,0.00642469753803,0.016081000596,,-0.0143175310213,-0.0115972222234
1989-07,0.000793965859468,0.0149038868657,0.0451291627763,,0.0755326016785,0.051478641841
1989-08,0.011106703689,0.00391056703257,-0.0482819905227,,-0.0558223289316,-0.0529045643153
1989-09,0.0132077939061,-0.00220544575458,0.0401774710392,,0.0263827082009,0.0358166189102
1989-10,0.010067114094,0.00408823779852,0.0051409104978,,-0.0229173118613,-0.0219295172696
1989-11,-0.000127779197547,0.00928393363805,0.0144517750555,,-0.00507131537242,-0.00125953397191
1989-12,0.00869009584665,0.00457685664951,0.0327709279684,,0.0286715514495,-0.00618915160054
1990-01,-0.0263524642088,-0.02344408838,0.0246010638292,,0.0401982037783,-0.00518851608343
1990-02,-0.0109303838647,-0.00545164807541,0.00838082467383,,0.00583541741098,-0.0286923800574
1990-03,-0.00697276674122,0.0186245194363,-0.00400667779689,,-0.0243902439024,-0.0570269927763
1990-04,-0.00635930047695,0.00437617985284,0.0324026197862,,-0.00552184466019,-0.00648410450063
1990-05,0.0237333333333,-0.00774797786353,0.0122121423595,,0.0229422173409,0.0406839622641
1990-06,0.0309976556395,0.00685812258989,0.0123631225718,,0.0408589322994,0.0019035116498
1990-07,0.00277918140475,0.0117085862958,0.0503079320312,,0.0659025787966,0.0425648395275
1990-08,0.0279667422525,-0.00129926375043,0.0299579671387,,0.0172043010753,0.0152852080873
1990-09,0.0115196078431,-0.00172935581522,0.0069257406689,,-0.00977801268499,0.0409344037022
1990-10,-0.0491882723528,-0.00967631443643,0.00971250971313,,0.0376301040833,0.0640246248557
1990-11,-0.0137614678899,0.0017155601296,0.00822561692109,,-0.00246913580247,-0.0236664162275
1990-12,-0.00258397932817,0.00456699698439,-0.000391542678054,,-0.00551773927393,-0.0195211786383
1991-01,0.0137305699482,-0.00206380600252,0.015103338632,,0.0189266269121,0.0327120578172
1991-02,0.00345003833376,0.0113053308989,-0.0516396532226,,-0.027989821883,-0.0112824370062
1991-03,-0.0156628040239,-0.00827943078983,-0.0820069204153,,-0.084554973822,-0.0544096728306
1991-04,0.0108667529107,0.00651041666763,-0.00276052449877,,-0.0148698884758,0.0309429535119
1991-05,-0.0281545943179,0.00584999563392,-0.0223991364191,,-0.0142235123367,-0.0149512459374
1991-06,0.0100079009745,0.00253851540604,-0.0487742266726,,-0.0471142520612,0.00398839738924
1991-07,0.0143415906128,-0.00824724368415,0.0211009174326,,0.0411001236094,0.00349294134857
1991-08,0.00925449871465,0.00849238311976,-0.00163559044842,,-0.0026714158504,0.00416514431816
1991-09,0.0182119205298,0.00918890263373,0.0548654244306,,0.0428571428571,0.0301091456534
1991-10,-0.0255159474672,0.00783615316127,-0.0109215017073,,-0.00542237442922,0.017228177642
1991-11,0.00680272108844,-0.0105726872257,0.0201949860735,,0.0131994261119,0.00399753997492
1991-12,-0.0319989801122,-0.0179961931124,0.0547190598591,,0.0569243840272,0.0414731785428
1992-01,-0.00948241801659,-0.0165078284547,-0.0472358292508,,-0.0412647374062,-0.00517722023149
1992-02,0.00226033772105,-0.00575296108334,-0.0373863253624,,-0.018446059251,-0.0278745644599
1992-03,0.0214911117007,-0.00688959838608,-0.0116511318235,,-0.0112186788155,-0.028362925067
1992-04,-0.0175324675325,-0.00484949832792,-0.00988793671747,,0.0222887749813,-0.00285071267816
1992-05,0.00039656311963,-0.00730411686669,0.0417525065241,,0.0304225352113,0.043444227006
1992-06,-0.0120243128964,0.00634814567383,0.0592856623263,,0.0407326407873,0.0149360451249
1992-07,-0.00454727832018,0.010721823554,0.0418340280402,,0.0086682427108,-0.011621515508
1992-08,-0.0385597205428,-0.00895247657217,0.0585639791422,,0.03609375,0.0357869052466
1992-09,-0.00237562884293,-0.0423076923083,0.00751697381227,,-0.105715578344,0.0245833333326
1992-10,-0.0261941448382,0.00604594921382,-0.101525054467,,-0.121697582912,-0.0267639902676
1992-11,-0.0186996547756,-0.035456029858,-0.0420869565219,,-0.03136,-0.00900176820462
1992-12,0.00996775139255,0.0115620575751,-0.0194406548433,,-0.000330360092501,-0.0034441329591
1993-01,-0.0140783744557,0.0011023622043,-0.0147849462359,,-0.0181758096497,-0.00096023045531
1993-02,0.0238480789048,0.0161625860136,-0.0249017038005,,-0.0430831369909,0.0581710414898
1993-03,0.0127965492451,-0.00596516344487,0.0231310760974,,0.0615546957439,0.0278503046131
1993-04,0.000141964792731,-0.0101558809635,0.039372822299,,0.0400927766733,0.0326233486116
1993-05,-0.0259758694109,-0.000393483907492,0.0116320056396,,-0.0057343102899,0.0382569748997
1993-06,-0.0290002914602,-0.00904624502839,-0.0609069844411,,-0.0432553668696,0.00346441947565
1993-07,0.0325679123518,-0.00163500467041,-0.00820748522741,,-0.00535833891494,0.0166587339358
1993-08,-0.0247093023256,-0.0275590551189,0.0287065180682,,0.00121212121212,0.00305547598634
1993-09,-0.0387481371088,-0.0113772455087,0.0345911949691,,0.0061877858488,-0.0124469589817
1993-10,0.0317829457364,0.0105900151281,-0.0350640593391,,-0.00521390374332,-0.0212275034613
1993-11,-0.0106686701728,-0.0113670355965,-0.0114651379821,,-0.00201585808359,-0.00669233589993
1993-12,0.0302247873633,0.00882685778971,0.00819892473173,,-0.00518448693779,-0.0234556848704
1994-01,0.0445230723868,-0.00113036925333,0.0172967799278,,0.0155668358714,0.0274098601919
1994-02,0.00494001411433,-0.0186362964065,0.0264561403503,,-0.00866377874042,0.0431778929179
1994-03,-0.0147471910112,-0.0228356698949,0.010853373058,,0.000336134453782,0.0177734375005
1994-04,0.0171062009979,0.00144738746568,-0.000921332389145,,0.0159946236559,0.00342969132749
1994-05,0.0350385423966,-0.00195016251352,0.00548706620247,,0.0001322926313,-0.0256826427339
1994-06,-0.0101557210562,0.00144665461186,0.0531332082545,,0.0240079365079,0.0632423104221
1994-07,0.0108071135431,-0.000722804481385,-0.00892525102284,,-0.00439191371181,-0.0153923038453
1994-08,0.00744349709027,0.00897024503992,0.0097634247089,,-0.00343820953617,-0.000599340725603
1994-09,-0.00591080064481,0.0225205070847,0.0349786241746,,0.0265590417914,0.0107016658276
1994-10,0.0027027027027,-0.0086493679308,0.0250996015934,,0.0367786937223,0.0221878224995
1994-11,0.0362533692722,-0.0163612565449,-0.0528301886794,,-0.0415902140673,-0.0203215044021
1994-12,0.00832357913903,-0.0198146828218,0.0114503816796,,-0.000319081046586,-0.00692771084007
1995-01,-0.0229588546369,-0.00439965938161,0.0198520825218,,0.00957548675391,0.00170974554203
1995-02,-0.0257425742574,0.0111214752098,0.0415990917944,,0.00158077774265,0.0292960662568
1995-03,-0.00745257452575,-0.00400200099965,0.0884377758163,,0.022095959596,0.112262521594
1995-04,-0.00723549488055,0.0291240714864,-0.0109122653858,,-0.00611488573193,0.0334364588224
1995-05,-0.0112761276128,-0.00737333917382,-0.0188436830835,,-0.0140451183892,-0.00720614293619
1995-06,-0.01140472879,-0.00291163196973,0.0138949196698,,0.00252127324299,-0.00153338051474
1995-07,0.0392515475521,0.00313983205538,0.000869187309235,,0.00471549827098,-0.0402988453705
1995-08,0.0175984838229,0.0195801072058,-0.0460199004967,,-0.029098873592,-0.0962659846595
1995-09,0.00505520819476,-0.000966902193603,0.0432525951549,,0.0180470512407,-0.0136226034283
1995-10,0.00794176042356,0.00328333706397,0.0176056338032,,0.000759734093067,-0.0309016233128
1995-11,-0.0250820748523,-0.0136895561923,-0.0336027222459,,-0.0319478711963,0.0045186640476
1995-12,0.0010775862069,-0.00497986085806,0.0186308492195,,0.0152267677428,-0.014329976762
1996-01,0.0014800861141,-0.00640325984143,-0.0480904066648,,-0.0282587705182,-0.034315100515
1996-02,0.0268708853957,0.001092657343,0.0110925771478,,0.0148383677795,0.0174086757995
1996-03,0.022504252257,0.00682068206889,0.00781709674685,,-0.00378590078329,-0.0175700934584
1996-04,0.00499040307102,0.00146896804896,-0.0417237213043,,-0.0138907089503,0.0226512472529
1996-05,0.0160427807487,-0.00649445417303,-0.00759392485999,,0.0295681063123,-0.0311139920366
1996-06,-0.0155388471178,0.00344145859301,0.000399840063858,,0.00219425621168,-0.0136097917423
1996-07,-0.0154022403259,-0.0065468829567,0.0439973284346,,0.00173868246507,0.0253816615146
1996-08,0.0226244343891,0.00453050785497,-0.00258139728481,,0.0035998971458,-0.0177552897881
1996-09,0.000252844500632,0.00477239353893,-0.0434886499406,,0.00262618498591,-0.026421854008
1996-10,0.00227502527806,0.015735699903,-0.00538699199825,,0.0399284482208,-0.0188065735124
1996-11,0.0261034047919,-0.00593075839595,-0.03145860508,,0.0332964737683,-0.000790305585727
1996-12,-0.0237188152882,-0.0151858071104,-0.0266616878268,,0.0180142687277,-0.0163254729204
1997-01,-0.0401560926485,0.0165503933496,-0.056377730796,,-0.0648834900426,-0.0451958762885
1997-02,0.0183606557377,-0.01433796635,-0.0369867662027,,0.0171746190357,0.00347595795813
1997-03,0.00965872504829,-0.0119262739421,0.0244733365772,,0.00988518450298,-0.0233591981893
1997-04,-0.00573979591837,-0.00973444993242,-0.0245506951497,,-0.0150778210117,-0.026056836968
1997-05,-0.0211674150096,0.0125380489932,0.0424178154818,,0.00987654320988,0.0913230240553
1997-06,-0.0104849279161,-0.000868935554377,-0.0315623716274,,0.0177261613692,0.0156181834043
1997-07,-0.0131125827815,-0.000723589001675,-0.0355893034019,,-0.0157357357357,-0.0317648052712
1997-08,-0.0142262783519,-0.0050395968315,0.0171939015388,,-0.0112887478643,-0.0188976377954
1997-09,-0.0129339686862,0.00477430555556,0.0234396480616,,-0.00530765907548,-0.000497059067602
1997-10,-0.0303448275862,-0.0195049294286,0.039514112183,,0.0415089656884,0.00265802807517
1997-11,-0.0291607396871,-0.0102492102483,-0.0182392143106,,0.00589777195282,-0.0575387505864
1997-12,-0.0454212454212,-0.00300951847766,-0.024298425736,,-0.0271246668641,-0.0207742430057
1998-01,0.0517267843438,-0.0188160966896,-0.0141700404852,,-0.00620928958422,0.0263571990561
1998-02,-0.00977816695855,0.0228996909242,0.0107761560491,,0.00784073506891,0.00777037741857
1998-03,-0.025350036846,0.00394922426016,-0.0382420465734,,0.0189631070322,-0.0537924825564
1998-04,-0.0140632088311,-0.00853027548678,0.0159946684448,,-0.00226662690128,0.00695021530433
1998-05,-0.0398773006135,-0.0184613272938,0.0124831309046,,-0.0250493214563,-0.044259927797
1998-06,-0.00830670926518,-0.00992050010175,-0.0217821782179,,0.0237306843267,0.0015185479782
1998-07,-0.0222293814433,-0.0261381683438,0.0157559503853,,-0.0207247678946,-0.0439681991012
1998-08,-0.0576606260297,-0.0402032391233,0.0345425539285,,0.0251391522417,0.0266146202986
1998-09,0.0367132867133,0.0316472284112,0.044104866745,,0.0140214797136,0.0315542865503
1998-10,0.0539629005059,-0.0110160705025,0.0191910245048,,-0.0152986172404,0.172949763848
1998-11,0.0048,0.0129307515575,-0.0297214065745,,-0.0149387511204,-0.0548656764871
1998-12,-0.025,-0.00910569105626,0.016599927193,,0.0086745526236,0.089582596392
1999-01,0.0284174424302,0.0185491884731,-0.0305618294747,,-0.0102838585518,-0.0251724137934
1999-02,-0.0146101318088,0.000331345262514,-0.0225595032762,-0.0330665728608,-0.0261286990338,-0.0227464195446
1999-03,0.0217566478646,-0.000132520541463,-0.018950930626,-0.0170077307867,0.00705060210894,0.00227982774661
1999-04,0.0441640378549,0.0352586088624,-0.0315920561054,-0.0225758697261,-0.00340768277571,-0.00837310558553
1999-05,-0.0138972809668,-0.00998302207095,-0.00150523560282,-0.0134418780765,-0.00404103201741,-0.0119953673057
1999-06,0.0127144607843,-0.00067865626064,-0.0176792028282,-0.0107464977931,-0.0159176029963,-0.000496113776425
1999-07,-0.013462411133,-0.0222295952218,0.0422110552765,0.0372453928225,0.0280367903584,0.0544027898872
1999-08,-0.0217724624348,0.00701637153343,-0.0135492399217,-0.0105666729007,-0.00746590979207,0.0494053064958
1999-09,0.023197492163,0.0183735964614,0.00718945546642,0.00585955958794,0.0230635335074,0.0232166261
1999-10,-0.0232843137255,-0.00169836956551,-0.0144984583094,-0.0117448087945,-0.00194446132345,0.0242592770158
1999-11,-0.000784190715182,0,-0.0408985087778,-0.0419281232173,-0.0298325722983,0.0244597249513
1999-12,0.0296656725789,0.019390581717,-0.00232266164451,-0.000694651185869,0.0134923125196,-0.00352388410332
2000-01,-0.0271341463415,-0.00530412619707,-0.0342528038788,-0.0310824230387,0.00198142414861,-0.0481691978014
2000-02,-0.035568787214,0.000827300930885,-0.0102010201021,-0.0116839192375,-0.0248424175009,-0.0232071350563
2000-03,-0.0151096669374,-0.00226991332982,0.00210463018593,-0.0071554495489,0.00899873257288,0.0695999221257
2000-04,-0.0371164632135,-0.018895937374,-0.0359420289849,-0.0506580321705,-0.0227358372064,-0.0486201148361
2000-05,-0.022100394038,-0.0106162782936,0.0217378428,0.0262955220596,-0.0380462724936,0.00222758492715
2000-06,0.0460756832516,0.0120962292208,0.0346877489733,0.0232632933105,0.0108230892571,0.0150744299976
2000-07,-0.0308156087757,-0.0055107526878,-0.0222901312248,-0.0292299633316,-0.00971579643093,-0.0322757111594
2000-08,-0.00397442543632,0.010869565217,-0.0422381635578,-0.0418735160803,-0.0312354001201,0.0283142696414
2000-09,-0.0605482303956,-0.0232249502319,0.00926730379457,-0.00461815724262,0.0187392352739,-0.0114921223353
2000-10,-0.0432132963989,-0.0132914293199,-0.0396595839361,-0.0397193617744,-0.0190708054372,-0.0114521300958
2000-11,0.0156340474812,-0.00534028003913,0.0353008925998,0.024510959227,-0.0203378145467,-0.0160461552333
2000-12,0.056632459141,0.0240080026678,0.0717812615718,0.0798251667817,0.0524278676988,-0.0299081766504
2001-01,-0.0143884892086,0,-0.0135768645356,-0.00852151683,-0.0228686058175,-0.0175272789758
2001-02,-0.0423357664234,-0.0212140992177,-0.0185826959845,-0.0103137086377,-0.0123177992199,-0.00758867667197
2001-03,-0.069931402439,-0.0293968575766,-0.0359447004613,-0.0453755970473,-0.0168364165454,-0.0657957623066
2001-04,0.0440483507478,0.027604166667,0.000864802537985,0.00909711166705,0.00817477096547,0.0159423808369
2001-05,-0.00549450549451,-0.00653256581068,-0.0347801892041,-0.0472165877845,-0.00915699706417,0.0394515477797
2001-06,0.00631412786109,0.0188467874787,0.000111308992305,0.00224719101124,-0.00691358024691,-0.0469013068225
2001-07,-0.00392156862745,-0.00881776616596,0.0395140295062,0.0328062308237,0.0124316260567,-0.00216000000049
2001-08,0.0387795275591,-0.010854115518,0.0351539106486,0.0386197440585,0.0181027224249,0.0526315789475
2001-09,-0.0627250331628,-0.0201937076671,0.0315048183835,0.000990099009901,0.0124741557547,-0.00402583242537
2001-10,0.0169834209462,-0.0067903175096,-0.00972655533211,-0.0116496318277,-0.0106868150568,-0.0270115880518
2001-11,0.034393638171,0.0119615702745,-0.0035355074659,-0.00389191593462,-0.0191963671391,-0.00551858464541
2001-12,-0.0165289256198,-0.0130612244908,-0.0116279069778,-0.00636302746149,0.0202034373904,-0.0596764346766
2002-01,-0.00879421536056,0.000628338046928,-0.0344386271079,-0.0344905066846,-0.0290861582892,-0.0225272266154
2002-02,0.0187302839117,-0.00834942987217,0.00969162995614,0.00744705608564,0.000637393767706,0.000746491490144
2002-03,0.032126959551,0.00570246898123,0.0121878715802,0.00681450681451,0.00856394649303,0.00949510173388
2002-04,0.00731295705982,0.0176646897531,0.037247163297,0.032694734427,0.0221052631579,0.0330868042028
2002-05,0.0536113179449,0.0265793780685,0.0333269610643,0.0374361253055,0.00411946446962,0.0348022234756
2002-06,-0.00565371024735,0.00559578670144,0.0518096514745,0.055359246172,0.0423931623932,0.0357113057993
2002-07,-0.0325159914712,-0.0413379615019,0.00586530034489,-0.00608766233766,0.0249262053132,0.000667946898204
2002-08,0.00918273645546,0.0166827077316,-0.0115945891924,0.00102082482646,-0.009536,0.00850454698588
2002-09,-0.0120109190173,-0.0175250583115,0.0168722049059,0.00744442178258,0.0144740242957,-0.0244783965827
2002-10,0.0219193221588,0.0162075592569,-0.00317460317488,0.000202449640652,-0.00445859872611,-0.00847043492476
2002-11,0.00955299206921,-0.0030655256097,-0.00370121130565,0.00516142090881,-0.00492642354447,0.000488917862121
2002-12,0.00428494911623,-0.00898734177281,0.0742427528382,0.0556786145791,0.0348485822671,0.0334315789471
2003-01,0.0417777777778,0.0336255397096,0.0109625082218,0.0242250834526,0.0219322771047,-0.0100866955648
2003-02,0.0366894197952,0.027284946237,0.00929409161278,0.00372474159605,-0.0432271400778,0.0147183217728
2003-03,-0.00493827160494,0.0125893160938,0.00140345693616,0.0112255311253,0.00336785918536,0.00127043279359
2003-04,0.0358974358974,0.025041852678,-0.000516795866035,0.0256880733945,0.0132995566814,-0.00839842109713
2003-05,0.0400830405621,0.045507584597,0.0401628014132,0.0524150268336,0.0245625,-0.00359832635939
2003-06,0.030707815139,0.0113586074655,-0.036763074192,-0.0224375318715,0.00829622399805,-0.0030866772337
2003-07,-0.0356025621928,-0.0366633508608,-0.0157979033201,-0.0235611198053,-0.0265593804828,-0.00456734761718
2003-08,0.00247142415817,0.0161732851993,-0.0192074259191,-0.0218146202475,-0.0197016780609,0.0317881929578
2003-09,0.0473035439137,0.0253942400239,0.0603422168384,0.0604405607136,0.0536993596653,0.047384007897
2003-10,0.0411946446962,0.0236453201961,-0.0130025407265,-0.00351931330472,0.0202166064982,0.0120799273384
2003-11,0.0224671470962,0.0171124643496,0.0359990709917,0.033250064605,0.0155107336636,0.00520405368393
2003-12,0.0392482034273,0.00386907064909,0.0433764135702,0.0501875781576,0.0361809628898,0.022402688323
2004-01,0.0139627659574,-0.0257821334343,-0.0169141586596,-0.0115106771454,0.0209057280574,0.0121882086169
2004-02,0.0120655737705,-0.0104438642294,-0.0068611987376,-0.000883392226149,0.0197639308262,-0.0313014827017
2004-03,-0.0125696514189,0.0232824427483,0.000236649050124,-0.0119765292179,-0.00942126514132,0.048761758495
2004-04,-0.0538057742782,-0.0445627598273,-0.0236444855214,-0.0257891311422,-0.035652173913,-0.0560840808196
2004-05,-0.00998613037448,0.00329284355239,0.0359849996012,0.0202087682672,0.0330252479711,0.00172445089843
2004-06,-0.0260577192491,0.0193182665772,0.00103833865756,-0.00311041990669,-0.0111292962357,0.00685369642765
2004-07,0.0119390103567,0.00834837545124,-0.0215692403868,-0.0120699564825,0.00314465408805,-0.0175958344556
2004-08,0.00511727078891,0.00987391766699,0.0122616881574,0.0125498670213,-0.00835945663532,0.0219266055048
2004-09,0.0244661292604,0.0409550917146,0.0136316253708,0.0192070918493,0.00327214242139,-0.0108892921964
2004-10,0.0309221424627,0.0359570808416,0.04029029029,0.0264959329951,0.014096185738,0.0392304790639
2004-11,0.03414568827,0.0257939842047,0.0496453900717,0.0402479209164,0.0396838375579,0.0291149068329
2004-12,0.0106176356338,-0.0109689213899,0.000788643532718,0.0210423108832,0.00456142190531,0.00350603817652
2005-01,-0.0058936579116,-0.0292029686993,-0.0391513008335,-0.0361205495642,-0.0161795407098,-0.00840173829025
2005-02,0.0233277484212,0.00821472143165,0.0252050064733,0.0172427005901,0.0211671087533,-0.00671462829739
2005-03,-0.0265743073048,0.0166198114759,-0.0307061579642,-0.022977248757,-0.0187542209985,-0.0277000559601
2005-04,0.0135851986027,-0.0377148313178,0.00453857791147,-0.0038553473668,0.0123888182973,0.0246559633033
2005-05,-0.0310186367118,0.00447570332556,-0.0441070137377,-0.0441210620017,-0.0465955443991,-0.0308419005279
2005-06,0.00355684363062,0.0208877284589,-0.0296250097456,-0.0203255324318,-0.0165103395316,-0.0265079794435
2005-07,-0.00315043318456,-8.15860324929e-05,-0.00334110334072,0.00256240700942,-0.0187953151143,-0.0119376391977
2005-08,-0.0105346326047,0.0306062389648,0.0258249641312,0.0165718525847,0.0238162905701,0.0127210393358
2005-09,0.0171679531541,0.0246403032648,-0.0266873545377,-0.0220600162206,-0.0175438596491,-0.0216259157907
2005-10,-0.0213267041738,-0.0160223804671,-0.00077519379818,-0.0052247470559,-0.000395569620253,-0.0263836369892
2005-11,-0.0114973262032,0.0107969151671,-0.0188621843638,-0.017090454356,-0.0208038894228,-0.0275781380573
2005-12,-0.00703272923992,0.00120109814588,0,0.00441051738762,-0.00767854049997,0.0151001017979
2006-01,0.0313266140016,0.0192374956279,0.028473091365,0.0266846816416,0.0367698394229,0.00855578371005
2006-02,-0.0187533016376,0.00500922752516,-0.0249408893302,-0.0191643362395,-0.0157687991021,0.00915213261883
2006-03,-0.035666218035,-0.0249357326476,0.00660268714062,0.0179454926625,-0.00832430583272,-0.0141300646917
2006-04,0.0597348220516,0.0416852628755,0.0494722423657,0.0399538676992,0.0475478640833,0.0324281571322
2006-05,-0.00974581851706,0.015960823433,0.0207253886014,0.0165557667934,0.0281009879254,0.0136290753604
2006-06,-0.0127676552733,-0.0110313901343,-0.00718543316746,-0.00420790150394,-0.0128656843903,-0.0196489389571
2006-07,0.0324666576856,-0.01405959855,-0.0051986028761,-0.00117380076688,0.0104915905035,0.000611674240076
2006-08,-0.0044363256785,0.0219591541666,-0.00202658884526,0.00227201504231,0.0181428953706,-0.0247976139753
2006-09,-0.0221494102228,-0.00762263474116,-0.0134357005756,-0.00828578128664,-0.0161900756939,-0.00542418849157
2006-10,0.0377965420185,-0.00676939520846,0.00643915003135,0.00677859225979,0.0196623210088,0.0100154083206
2006-11,0.0197597830298,-0.0162972049414,0.0382751128208,0.0382055899162,0.0319115489415,0.0109909130256
2006-12,-0.00151975683891,-0.020511500172,-0.0187781877824,-0.00482618203755,-0.00543340273194,-0.0291547639053
2007-01,-0.0182648401826,-0.0118724559029,-0.0220529270246,-0.0150791846632,0.00127642193403,-0.0165261940178
2007-02,0.0196382428941,0.00786324786398,0.0230535728933,0.0178488998307,0.000101983580644,0.0227330347327
2007-03,0.0268626457172,0.0147441457063,0.00519544779845,0.0108843537415,0.00367103451792,0.00654984688756
2007-04,0.0273938795656,0.0417419588009,0.00513925729479,0.0213847764319,0.0160020320041,-0.0157401205628
2007-05,-0.00648570742253,0.0342958602,-0.015344433563,-0.0151537335286,-0.01015,-0.0190538764784
2007-06,0.0264748549323,0.00630054542,0.000980392157023,0.00498030179142,0.0134363792494,-0.0132101466895
2007-07,0.0121304911082,-0.00206456456498,0.0182181182934,0.0141272189349,0.0150027413647,0.0357592545962
2007-08,-0.0508494298348,0.0090909090917,-0.00414215889326,-0.00510538983298,-0.00977214692595,0.0284900284901
2007-09,0.0855706754934,0.0603474244349,0.0341843728585,0.0423722600982,0.0111083560625,0.00748021222827
2007-10,0.0469791078487,0.0487573715313,0.00716196393063,0.0175117800127,0.019029869047,-0.00260258523476
2007-11,-0.0456261460468,-0.0510642550231,0.0267564454691,0.0152059717998,-0.0101073302209,0.0382813907414
2007-12,-0.00813743218807,0.0127517457711,-0.0037072998499,-0.00578703703704,-0.0352020226577,-0.00617670754652
2008-01,0.0218778486782,-0.0136753843049,0.0446288612261,0.0162980209546,0.00262057148617,0.0465617388046
2008-02,0.0448260481713,0.0226623111481,0.0392908481065,0.0233137928711,-0.00155818044735,0.0244745177076
2008-03,-0.0254002134472,-0.0466180048667,0.0518092934237,0.040692697702,-0.000453080950463,0.0434651977968
2008-04,0.0314279456855,0.0181331747927,-0.0480713874548,-0.0149952546662,-0.000402921178545,-0.0447718358363
2008-05,0.0140142265633,0.0154960756639,-0.000383656243975,-0.000513874614594,-0.00272081422885,-0.00881850938807
2008-06,0.00115171186263,-0.0242513500203,0.0219564791222,0.0120822622108,0.00570908907189,-0.00668738815121
2008-07,-0.0153733528551,-0.0074066855073,-0.0273619982838,-0.010096520193,-0.00502361097157,-0.0178538390369
2008-08,-0.0904938927244,-0.034803875459,-0.0480987385423,-0.0590159728013,-0.0815914369383,-0.00542828227099
2008-09,-0.0769590096929,0.00320845522284,-0.0151934936104,-0.0400845320063,-0.0212204507971,0.0259580894841
2008-10,-0.168269230769,-0.128392827767,-0.0411346302169,-0.099353739081,-0.0920579645024,0.0779405779398
2008-11,-0.0042592029206,-0.0163430420718,-0.0407727085903,0.000946222993219,-0.0505412929168,0.0295411690731
2008-12,0.0667583256951,0.00980392156845,0.139791998501,0.0965022845439,-0.0474980453479,0.0514373829795
2009-01,-0.0863525705284,-0.0101091791347,-0.0808646228041,-0.0801063294777,-0.0140912511116,0.0106868529407
2009-02,0.00611285266458,-0.0271439811168,-0.00514050719593,-0.0110902842862,-0.00950530770832,-0.0809289952969
2009-03,0.0788284779561,0.00825003966372,0.0243089074148,0.047306902543,0.00168114317736,-0.0142208774545
2009-04,0.0566064981949,0.0558673255718,-0.000613927380334,-0.00128195460373,0.0348951048951,0.00394896719005
2009-05,0.0923875905426,0.0896230720082,0.0664047886259,0.0665961945032,0.0919656733563,0.0335949764513
2009-06,0.00775678718879,-0.0575434371238,-0.0161038004968,-0.00750389352966,0.0180693069307,-0.00902302426665
2009-07,0.0352576039727,0.0773792975637,0.0186539182611,0.0184736091298,0.0158643326039,0.0198857626388
2009-08,0.011991845545,-0.0160481444334,0.00936701674675,0.00525246866027,-0.023873631305,0.0185304891211
2009-09,0.0456215191373,0.0231364866127,0.0186987951809,0.0192280897311,-0.0190020840995,0.0372108615464
2009-10,0.0242520398912,-0.00445806631397,0.0133815198273,0.00854408749146,0.02968007998,-0.0111602209923
2009-11,0.0116176145165,0.0186376537368,0.0187064676623,0.0161978990173,-0.00424783057224,0.0508592661377
2009-12,-0.0179372197309,0.0104196539531,-0.0297354701685,-0.0441509937308,-0.0147480041441,-0.0747743876239
2010-01,-0.0118053235327,-0.0179309049952,-0.0188500520979,-0.032235556796,-0.00977299437125,0.0298738659025
2010-02,0.00991772793869,0.0125475285172,-0.0143777425078,-0.015140591204,-0.048097944906,0.0173345339944
2010-03,0.0232116951233,0.035840882237,0.0173822188452,-0.00980966325037,-0.00347791849859,-0.0488222698103
2010-04,0.0149416512161,0.00435126582327,-0.0221974551868,-0.0165606979151,0.00803371526406,-0.00891341256421
2010-05,-0.0875779067268,-0.0366771458514,-0.0664990462984,-0.0701398285972,-0.0533054611968,0.0377711705833
2010-06,-0.00129548934166,-0.0102772015839,0.0705401893453,-0.00630608780015,0.0313966326249,0.0262176517127
2010-07,0.0673349056604,0.0304090158365,0.0349663784821,0.063298348385,0.0513146450793,0.0238343167858
2010-08,-0.0155783891283,-0.0326127819555,0.0256157635468,-0.027928686204,-0.0226549573629,0.0277051129564
2010-09,0.0819304152637,0.0337122316144,0.0348694942864,0.0706076826196,0.0242870165386,0.00682389560531
2010-10,0.0163900414938,0.01040541867,-0.00426395938325,0.0215425336372,0.0183713686352,0.0378976143173
2010-11,-0.0194937742396,-0.0076953048897,-0.0135202804246,-0.0617532747949,-0.0275905118602,-0.0368597415005
2010-12,0.0536067450817,0.0256768907988,0.0657487458643,0.017873580853,-0.0119399152651,0.0231419125701
2011-01,-0.0144240268722,-0.00109780439153,-0.00350989151211,0.0336121787625,0.0422297297297,-0.00365987556209
2011-02,0.0198476343224,0.0290643935456,0.0104245029549,0.00568720379147,0.0127789552425,0.000366121554267
2011-03,0.0180853155101,0.00205824843252,0.0161624986386,0.0282752120641,-0.012248415092,-0.00990816819894
2011-04,0.0558988221664,0.0243516761608,0.0566582044728,0.0449834308679,0.0400672981057,0.0178329848694
2011-05,-0.0253268720856,-0.0208505367503,0.016539589444,-0.0300249645773,-0.0150979569828,0.000246032725387
2011-06,0.00675422138837,0.00477079443966,0.0133127302968,0.010225375626,-0.022629113693,0.00806051587383
2011-07,0.0250652254939,0.010797777544,0.0675041238421,-0.00929560008263,0.0241488765793,0.0448302669051
2011-08,-0.0271793473321,-0.0249412245699,-0.0195322219476,0.00125104253545,-0.0113035551504,0.00888888888889
2011-09,-0.0895159783218,-0.0583309269434,-0.111626878864,-0.0664306538942,-0.0396459524249,-0.00700934579282
2011-10,0.0888752052545,0.0460128876313,0.0392832529277,0.0370287753736,0.0330901177675,-0.011927664488
2011-11,-0.0344957587182,-0.0261790371559,-0.043927081043,-0.035419803542,-0.0270119571278,0.00502706883547
2011-12,0.000683326825459,0.00304878048757,-0.0285897162412,-0.0356797740281,-0.0106972301815,0.00779423226498
2012-01,0.0338503560628,0.0117412935327,0.0167028199571,0.00616665381947,0.0139666602304,0.00838354729143
2012-02,0.0168899792414,0.0186499087738,0.0218330932106,0.0234428866927,0.0125047606957,-0.0586929716386
2012-03,-0.0380439825554,-0.0124124124098,-0.000332373149898,-0.0018713975597,0.0021315278039,-0.0158961291126
2012-04,0.00414777659882,0.0105199271724,-0.00605660168949,-0.00787460626969,0.015014075696,0.0325773712599
2012-05,-0.0671469740634,-0.0447386220902,-0.0650674353951,-0.0653866505405,-0.0505392912173,0.0194149955242
2012-06,0.05406240346,0.0156035328748,0.0240379546625,0.024587512132,0.0182408308991,-0.0190452324219
2012-07,0.0279406017976,0.017575394448,-0.0274787244959,-0.0278654878434,0,0.0218950063962
2012-08,-0.0178673256035,0.0154126951966,0.0216844751681,0.0213560698335,0.0113476985847,-0.00255427841615
2012-09,0.00522546932456,0.00254142523028,0.0155319148937,0.0221020830021,0.0168935955623,0.00487679671891
2012-10,-0.00173276857913,-0.0157094256536,0.00955858661984,0.00793403858121,-0.00130176047607,-0.0252689517173
2012-11,0.00568948891032,0.00634377202163,0.00507340241934,0.00401296496373,-0.00521382906089,-0.031499878847
2012-12,-0.00345191293508,-0.00271138782791,0.0119060622659,0.013528055342,0.0146627565982,-0.0473222529948
2013-01,0.00384874434716,-0.00340272217966,0.00681843175961,0.0301835279842,-0.0249661788218,-0.0508326029875
2013-02,-0.0184031438704,-0.0285825393711,-0.0260282776363,-0.0371760895171,-0.0418768920283,-0.0116933737488
2013-03,0.0164046479836,0.0110084529188,-0.0162276080084,-0.0201085709917,6.58241179567e-05,-0.0191163976226
2013-04,-0.00355461619752,0.0101270849879,0.0206496020632,0.0274656679151,0.0227736457579,-0.0344544708745
2013-05,-0.0736598534516,-0.0256360646219,-0.0297401648735,-0.0136695018226,-0.0227813887638,-0.0328275314922
2013-06,-0.0461074104913,-0.0167411775901,0.0140740740712,0.00169387126578,0.00164636154099,0.0163289990976
2013-07,-0.022695035461,0.0219694760385,0.01788022404,0.0209069946195,-0.00216962524655,0.00874428062685
2013-08,-0.00625209333482,-0.0252984650379,-0.00311392676721,-0.00647492847463,0.0191737497529,0.00132355935624
2013-09,0.0495449949444,0.0262543757299,0.0300851675697,0.02568960291,0.0459658650116,-0.000712178251271
2013-10,0.0138086062942,-0.0139035382111,-0.00165636041921,0.00435906908016,-0.00686074541072,0.00193679919149
2013-11,-0.0365325731179,-0.0158535434557,0.000994804905436,0.000882742386347,0.0189818272343,-0.0424597364613
2013-12,-0.0214794520548,-0.00376045877538,0.0160601976601,0.0127149786859,0.0122763085568,-0.0266033254155
2014-01,-0.020831000112,-0.0430910399432,-0.0163499779068,-0.0202482037884,-0.00748159768312,0.0290379350801
2014-02,0.0217316710511,0.00370203160306,0.0274687854784,0.0226666666667,0.0182370820669,0.00195924764812
2014-03,0.0382850106347,0.00199040984353,-0.00339366515953,-0.00210053599884,-0.0044776119403,-0.00873956107978
2014-04,0.000754716981132,0.00885359620267,0.00454545453959,0.0067503810699,0.0124737631184,0.00822400626606
2014-05,0.00172376642965,0.00818993282402,-0.0161001788905,-0.0165825522711,-0.00704851033584,0.00363564901315
2014-06,0.0138739513874,0.0178905957293,0.00857013983407,0.00366568914956,0.0203412073491,0.00483807266909
2014-07,-0.0133658640076,-0.0195610248876,-0.0239929562019,-0.0219138056976,-0.0126278865829,-0.0143065693431
2014-08,0.00462315880013,0.00285503776054,-0.00959232613619,-0.0179238237491,-0.0179998815797,-0.0120192307693
2014-09,-0.0649614726027,-0.0311412510045,-0.0397739166867,-0.0396958174905,-0.0220078384082,-0.0516140798826
2014-10,0.00618061119377,-0.00576650106435,-0.00717032110128,-0.00776053215078,-0.0136251541307,-0.0216790079408
2014-11,-0.0303719713343,-0.013478032557,-0.00362393870539,-0.0073423782921,-0.0225639102444,-0.0556866048856
2014-12,-0.0411778507743,-0.0150849064739,-0.0277833702397,-0.0270943881653,-0.00383680777593,-0.0095953274929
2015-01,-0.0502875321179,-0.0876848065427,0.0786102062973,-0.0670192546071,-0.0354345872384,0.020521117166
2015-02,0.00618397320278,0.0167919398693,-0.031851151063,-0.00823737821081,0.0274856914681,-0.0190444370195
2015-03,-0.0236875800256,-0.013800173489,-0.0204901153219,-0.0407251942485,-0.0381501392577,-0.00200066688847
2015-04,0.031737704918,0.0466325519978,0.0320935175379,0.0391956056233,0.0321885521886,0.000834306691038
2015-05,-0.0264395576459,-0.0280763677198,0.00063802637115,-0.0150510661172,-0.00274008350731,-0.0332311663174
2015-06,0.00587544065805,-0.00056121221812,0.00620586347411,0.0145533927597,0.0288499280387,0.0153972153973
2015-07,-0.0482866043614,-0.0439947880738,-0.0300954753008,-0.0112963959118,-0.00591339734215,-0.0148458931748
2015-08,-0.0316421167485,-0.0133101414203,-0.00464828013948,0.0150525933986,-0.017334015607,0.0221012699991
2015-09,-0.0112676056338,-0.0129143027775,-0.00941369078379,-0.0028586742898,-0.0160775890126,0.0121024956176
2015-10,0.0160968660969,0.0240024461097,-0.00862243862679,-0.0107507615123,0.0217650172003,-0.00737365368688
2015-11,0.0142997336324,-0.0187518751877,-0.0412371133997,-0.0434703857997,-0.0259630948527,-0.0204512254497
2015-12,0.00704906703525,-0.0366355950581,0.0264550264546,0.0281196743041,-0.0198085615528,0.024528145006
2016-01,-0.0295086467197,-0.0166974563025,-0.0204380989634,-0.00248641679713,-0.0381120303811,-0.00644361833928
2016-02,0.0114552397115,0.0408223635562,0.0267068273126,0.0033234859675,-0.0181895093063,0.0721877767942
2016-03,0.0734060402685,0.0426401418774,0.0393404987988,0.048030916452,0.0326726985495,0.0042697029
2016-04,-0.00846684902957,0.0334688022942,-0.00156282558687,0.0044776119403,0.0169668312357,0.0516370439658
2016-05,-0.0486074619023,-0.0418416431237,-0.0338232333398,-0.0267459138187,-0.00649572649573,-0.0347629796839
2016-06,0.0262358464513,0.00668716372001,0.0145016339876,-0.00925011225864,-0.088644184446,0.0776491193934
2016-07,0.0224703982777,-0.00230061349753,0.0105263157888,0.0123277737491,0.00211448421689,0.00439796716181
2016-08,-0.0105277010133,-0.00624904740156,-0.0142421159708,-0.00196991404011,-0.0106254709872,-0.0102534339332
2016-09,0.0196834685463,0.000533739992771,0.0140292964654,0.00825408218195,-0.00868306801737,0.0214405691139
2016-10,-0.00730403025955,-0.0214877266276,-0.0198179979795,-0.0245595301655,-0.0616980407222,-0.036737413154
2016-11,-0.0294310865852,-0.00163873370704,-0.0291548051405,-0.0350301039956,0.0220275139207,-0.0810739898545
2016-12,-0.02125355354,-7.44823470525e-05,0.00265748031541,-0.00245793155606,-0.0115375370563,-0.0208939886961
2017-01,0.0486860304288,0.0303914044508,0.0275080906134,0.0229340409401,0.0201021317987,0.0360184528028
2017-02,0.0137166974413,-0.0163810674111,-0.0133705847126,-0.0163053548268,-0.012554628526,0.00588970194519
2017-03,-0.00624512099922,-0.005555138503,0.0024004800984,0.00753437558862,0.00885169389233,0.00583430571751
2017-04,-0.0213406650956,-0.0254590679639,0.00543041029067,0.0184146569452,0.0319853234426,-0.000269203158185
2017-05,-0.00508361204013,0.0126685434879,0.0268484097578,0.0312987608995,-0.00255062606276,0.00659380363142
2017-06,0.0321366142262,0.0397473424737,0.0102232422194,0.0155749377002,0.00697404106935,-0.0150355871895
2017-07,0.0406461698801,0.039391513211,-0.00663212434984,0.0363684164403,0.0154674874952,0.0183004167432
2017-08,-0.00701051577366,-0.00199760287696,0.00416233091021,0.00575004227972,-0.0233404061837,0.00290750499659
2017-09,-0.011598587998,0.000479654649455,-0.00805119736087,-0.00681015638137,0.0398820608318,-0.0229048295453
2017-10,-0.0219387755102,-0.0298588490774,-0.0280898876433,-0.0139676627444,-0.00902850320848,-0.00871248789903
2017-11,-0.0125195618153,0.000776156472983,0.0132140679063,0.0214629120879,0.0169414953693,0.0118432769371
2017-12,0.0320919175911,0.02932012463,0.0102690490874,0.0104219196504,0.00170294683844,-0.00346082172329
2018-01,0.0325015994882,0.0182217522171,0.0447376890838,0.033771419065,0.048858008722,0.0309212331897
2018-02,-0.0332135332755,-0.0400593471815,-0.0115588547207,-0.0174605728999,-0.0279069767442,0.0252297880322
2018-03,-0.0142289450071,-0.0065937475752,-0.0107007973145,0.00892637785603,0.0168914020589,0.00395480225937
2018-04,-0.0191157347204,0.00569511624227,-0.0382403390144,-0.0199675324675,-0.0196763384901,-0.0281844802343
2018-05,0.00357947766141,-0.0117193523515,0.00680617635201,-0.0334603279775,-0.0335975565413,0.00505840154499
2018-06,-0.0225891677675,-0.0129375951294,-0.00786131828651,0.000599828620394,-0.0069230190383,-0.0178845632726
2018-07,0.00527098256521,0.00944918183933,0.00272865083729,0.00248351460135,-0.00545578540577,-0.0104576331789
2018-08,-0.0330734068298,-0.00420746633995,0.0203134666951,-0.00939689048351,-0.0122666666667,0.00810956929136
2018-09,0.00639599555061,0.0116081102001,-0.00614880098372,0.00224215246637,0.00686516507251,-0.0220303137108
2018-10,-0.0204476374689,-0.0157666235061,-0.0297305359466,-0.0249526759594,-0.0209913429863,0.00549353180844
2018-11,0.0311706629055,-0.0115193494957,0.00700911184515,-0.000794211083657,-0.000547773691212,-0.0059890787378
2018-12,-0.0362467514704,-0.0265318088536,0.0157648494684,0.0117460037093,-0.000704666457876,0.0350045578848
2019-01,0.0334941810957,0.0383561643835,-0.0106661300083,-0.000174581005587,0.029146752331,0.00790150679834
2019-02,-0.0251304586652,-0.00197478353291,-0.00360938439644,-0.00654793085385,0.0105824133993,-0.0228048123531
2019-03,0.000704324552754,-0.0145209580838,0.00120457739461,-0.0132700588804,-0.0182311285219,0.00632453921194
2019-04,-0.00900900900901,-0.00498994563132,-0.0233333333318,-0.00240470252939,-0.000153468385513,-0.00646319569108
2019-05,-0.015625,-0.00709901649125,0.0165437512453,-0.00464244263905,-0.031465848043,0.0252162709367
2019-06,0.0113997113997,0.0329997708354,0.0282844845277,0.0201811821688,0.00665610142631,0.00760385756639
2019-07,-0.0172635183336,-0.00395647873412,-0.0145425166622,-0.0214524353789,-0.0380982367758,-0.00681525142708
2019-08,-0.0229384436702,-0.0110609480814,0.000303060909059,-0.0126684636119,-0.00441898527005,0.0214487300086
2019-09,0.00237741456166,0.00354904477812,-0.00791741831861,-0.00764400764401,0.0114252835772,-0.0167422070112
2019-10,0.0210495108212,0.0075319537431,0.0111471422759,0.0229252636405,0.0515237708249,0.00018503099258
2019-11,-0.0182926829268,-0.0110601158671,-0.0132986701294,-0.0121918422232,0,-0.0126061934775
2019-12,0.0396332446022,0.0253818855106,0.0334814508613,0.0188764860695,0.0255042893578,0.00736173736981
2020-01,-0.0470839260313,-0.0195158850227,0.00331778123293,-0.0129152934889,-0.00557690858392,0.00156682027682
2020-02,-0.0304523063144,-0.0142420401156,-0.00268845000061,-0.00730914997293,-0.0316028798787,0.00351461339236
2020-03,-0.0548113933795,-0.0504142179427,0.00457047885597,0.00136351240796,-0.0253560807638,0.00548684088179
2020-04,0.062550904056,0.0152397383372,-0.0043437790887,-0.00744371822803,0.0118837321343,0.00551711239915
2020-05,0.0182431396597,0.00738648707278,0.0053025577062,0.0158222059631,-0.0223774004126,-0.0077015867124
2020-06,0.0377898223427,0.0143234905243,0.0159501426052,0.0117043306023,0.00397727272727,0
2020-07,0.038589873785,0.0171846981478,0.0388456051729,0.0520601584053,0.0617673215296,0.0188126299869
2020-08,0.0319877077804,0.0268528464011,0.0112072791892,0.0108272711893,0.018426863626,-0.000566893423605
2020-09,-0.0308608554413,-0.0216918111535,-0.0191554201194,-0.0189958158996,-0.0339439252336,0.00246258761067
2020-10,-0.0191340782123,-0.000675067506239,0.00250954719845,-0.0064829821718,0.000928720687253,0.00994834513107
2020-11,0.0467036878827,0.0269604067164,0.0115894039682,0.0258435648665,0.0313152400835,0.0015328607013
2020-12,0.0487008570263,0.017956559241,0.0247709535108,0.0236022765316,0.0242914979757,0.0115321252064
2021-01,-0.00622648851991,-0.0018002504688,-0.00718697361117,-0.00776778413737,0.00446493924755,-0.013857033639
2021-02,0.007701344472,0.00614269963738,-0.0205675318908,-0.00346106304079,0.0163229614516,-0.0187546886729
2021-03,-0.0138601036269,0.0101026171349,-0.0346145678497,-0.0289423633507,-0.0108984010898,-0.0358918723433
2021-04,0.0135294890319,0.022780896591,0.0318834228065,0.0244400919697,0.00311707140268,0.0117076740139
2021-05,-0.00129600829445,0.0168776371307,0.01467481935,0.0136325852037,0.0252926723515,-0.00455249021234
2021-06,-0.0272514923436,-0.0255562721701,-0.0278828488058,-0.0283746104642,-0.026924161263,-0.0109860423229
2021-07,-0.0193436499466,-0.0049735279965,0.021189714156,0.00135043889264,0.00775025351297,0.0123062898814
2021-08,-0.00598558019317,-0.0129068018052,-0.0109158388823,-0.00539447066757,-0.0119312872853,-0.0031803725578
2021-09,-0.0108115505679,-0.00347194823704,-0.0190598565117,-0.0188983050847,-0.0201498508766,-0.0130044843053
2021-10,0.0390149418926,0.0222634508355,0.0189852700502,-0.00215945409001,0.0160356347439,-0.0221871437341
2021-11,-0.0561917443409,-0.0323915079621,-0.00564174894424,-0.0229397506925,-0.0317112377612,0.00715421303683
2021-12,0.0242663656885,0.00273929717505,0.00776295648687,0.00274652254806,0.0187141563538,-0.0169314925763
2022-01,-0.0269972451791,0.006538522137,-0.0168762764745,-0.00936561229899,-0.00451851851852,-0.000433952439363
2022-02,0.0278878822197,0.0025272468796,0.0135090968548,0.00107028184088,-0.00148820596771,0.000955607680498
2022-03,0.03277785429,0.0144207659029,-0.00347410705007,-0.0116714183892,-0.0198971607422,-0.0521245059297
2022-04,-0.0530737431658,-0.02499609436,-0.0526586444499,-0.0501216983683,-0.0446319951338,-0.0646950092418
2022-05,0.0122517955218,0.0128965899198,0.0159874608098,0.0184113125178,0.00469558296856,0.0101921730334
2022-06,-0.0393711741792,-0.0180250174804,0.00209424084409,-0.0244152455503,-0.0365969581749,-0.0527673373132
2022-07,0.011585807386,0.00546832278716,0.00388941448059,-0.0255038685643,0.0017266896892,0.0183114446534
2022-08,-0.0170365068003,-0.0221526239401,-0.0241075092288,-0.0134287394629,-0.0439957317574,-0.0392241690095
2022-09,-0.062481794349,-0.0480657358938,-0.0098527171199,-0.0280178837556,-0.0440456769984,-0.0416004422638
2022-10,-0.00668013049557,0.00828506488859,-0.016090345789,0.0104262496167,0.0342195078139,-0.0263742178566
2022-11,0.050516108852,0.00746048160688,0.0548176259791,0.0443095599393,0.0388189318281,0.0669011556953
2022-12,0.0131010867947,0.000443393437891,0.0265122822213,0.0363266492299,0.00961377696037,0.0569000834532
2023-01,0.0360029390154,0.0149253731345,0.00598737208188,0.0149560665545,0.0204520990312,0.0125989091191
2023-02,-0.0434042553191,-0.0207843713284,-0.0202645051214,-0.0235770860195,-0.0187439143135,-0.0435006245862
2023-03,-0.00593119810202,0.00672828096151,0.0270566327112,0.025466893039,0.0228231208137,0.0251600753294
2023-04,-0.012977326969,-0.00199232585631,0.0244641454392,0.0154525386313,0.0172204705312,-0.0238252812704
2023-05,-0.0217621278525,-0.00264939652578,-0.0238799430396,-0.0349637681159,-0.0147830233667,-0.027114036343
2023-06,0.0293526958134,0.0269044740017,0.0203420140845,0.0249671484888,0.0252500806712,-0.0324634872297
2023-07,0.0100555305418,0.00547112462064,0.0298112338817,0.00915750915751,0.0116452907388,0.0161063440719
2023-08,-0.0389301634473,-0.027993204816,-0.0168609256473,-0.0164246823956,-0.0147779419771,-0.0240252608457
2023-09,-0.0026283240569,0.000295530107048,-0.0332567552771,-0.0235261555494,-0.0357622167838,-0.025095362377
2023-10,-0.0184467524415,-0.0247153768546,0.00450549450062,-0.00151171579743,-0.00646798755526,-0.0134028786488
2023-11,0.0445356917246,0.0214175314639,0.0429799426966,0.0321725965178,0.0416151627524,0.0242780820996
2023-12,0.0323556093136,0.0291622481436,0.0380725758447,0.0141180784745,0.00814873417722,0.049318762418
2024-01,-0.0333919156415,-0.0135983263596,-0.0211948293961,-0.018712710179,-0.000784744565644,-0.0365103240801
2024-02,-0.014696969697,-0.0135613207547,-0.0278501075472,-0.00442192538001,-0.00793214482055,-0.024282855237
2024-03,0.0032292787944,0.00206794682388,-0.0201885746016,-0.00148052188396,0.000395820139329,-0.00872900409979
2024-04,-0.00521152667075,-0.0151294733777,-0.017331589271,-0.00991567046613,-0.00973332278231,-0.0401167957352
2024-05,0.0231124807396,0.00747471786602,0.0154970112947,0.0151628603519,0.0178999520537,0.00222660474617
2024-06,0.00557228915663,-0.0027769657993,0.00467081850313,-0.0124469850636,-0.00769351546554,-0.0229363500748
2024-07,-0.0212670360941,-0.00883673765073,0.0221666477191,0.0104565400056,0.0158227848101,0.069823114777
2024-08,0.03519510329,0.0231972133697,0.0357941834473,0.021897810219,0.0227414330218,0.0303528605683
2024-09,0.0249815225425,-0.00133224779757,0.0058029369979,0.00768535262206,0.0203320134024,0.0188481675392
2024-10,-0.0553792904528,-0.0307052155823,-0.0235892692021,-0.026020637057,-0.0405254123442,-0.0597308828361
2024-11,-0.00564885496183,-0.00535179106564,-0.0197234187257,-0.0283740211884,-0.0122121966397,0.0128980785855
2024-12,-0.0503608168279,-0.0268055555568,-0.0271283634705,-0.018583483455,-0.0140168517206,-0.0442269809999
2025-01,0.00921584478577,-0.00408050349264,-0.00220070422378,0.00473384214086,-0.00591007108058,0.015880188497
2025-02,-0.00496635693688,0.00180142728601,0.0076505155786,0.000192307692308,0.0115690527838,0.0283457249068
2025-03,0.00402511672839,0.00375547673629,0.0199027479307,0.0378773312824,0.0242236518148,0.00493662441615
2025-04,0.0261385503528,0.0414282610268,0.0748754102399,0.0512226750648,0.0347394540943,0.0509710439596
2025-05,0.00546960462572,0.0043645886379,-0.000243042897834,-0.000176226980351,0.00929256594724,-0.0107504508246
2025-06,0.0216039788623,0.00932452276032,0.0366591080889,0.037278575835,0.0188595188595,6.93625570325e-05
2025-07,-0.0217556671231,-0.0162513542798,-0.0227748368883,-0.0288020390824,-0.0365835883982,-0.0426958831335
2025-08,0.0178849144635,0.0086696779837,0.0158829414753,0.0230950922929,0.0220121028744,0.025187202179
2025-09,0.0105423987777,-0.0144323975008,0.00376600551926,0.00342026507054,-0.00503293612612,-0.00723119551378
2025-10,-0.010281221651,-0.00592433975839,-0.00759935218407,-0.0165317426502,-0.0224652235364,-0.0394677052903
2025-11,0.000916590284143,0.00257621296827,-0.00111996018348,0.00511220864743,0.00745757552698,-0.0135749503744
2025-12,0.0178571428571,0.0191073512239,0.0126008064539,0.011724137931,0.0157111564318,-0.00401785714241
