month,domestic,international,bond,gold,mf,cash
1970-01,-0.0743745008282,-0.0214011331923,0.00257773401825,-0.00653966448678,0.0182693199533,0.00703004347754
1970-02,0.0579594127894,-0.0129787776122,0.0566100085174,0.00143102461362,-0.0232230468051,0.00713799381895
1970-03,-0.00483176177447,-0.000947161519325,-0.00164497738123,0.00285795941698,-0.0132965225853,0.00688333554149
1970-04,-0.104827090191,-0.105215079027,-0.0390042362343,0.0151040182388,0.0491314218087,0.00649613458538
1970-05,-0.064084478743,-0.0743600716681,0.00616785197418,0.00926445816957,0.0196406579044,0.00605271748963
1970-06,-0.0522945130523,0.010382543035,0.0163851014034,-0.0147426981919,0.000677498044789,0.00649613458538
1970-07,0.0743782133207,0.0387398139325,0.0209211374998,-0.00282326369283,-0.0203902530677,0.00648837383085
1970-08,0.05032186541,0.0190787383635,0.00477362203565,0.00169875424689,-0.0219970887522,0.00644179547514
1970-09,0.047441522493,0.030406161494,0.0180603637486,0.0228942905596,-0.0346220624953,0.00621633185315
1970-10,-0.0180286119474,-0.0278408585497,0.00838005391496,0.036750483559,0.00647233561003,0.00588880990679
1970-11,0.0508591783829,-0.0342185566305,0.0595069808019,-0.00213219616205,0.0108723419391,0.00546597912957
1970-12,0.0616127430318,0.0352980648845,0.00981970038676,0.0,0.01466594752,0.00493072793153
1971-01,0.0522260773299,0.0464727890255,0.0237081126434,0.0117521367521,-0.0145222584946,0.00460648106881
1971-02,0.0173060680006,0.0118463856751,0.0132030805717,0.0227032734952,0.0388493287882,0.00414581520379
1971-03,0.0446013673441,0.0507158038305,0.0397461549748,0.00335570469799,0.0227234263675,0.00357871337678
1971-04,0.0342583991352,0.0214083802395,-0.039372734963,0.00360174942115,-0.0509876334126,0.00315307420847
1971-05,-0.0370629010477,0.00792167725139,-0.0119131363452,0.0387080235837,-0.0344723993336,0.00363478168988
1971-06,0.00366600109991,0.0172315403544,-0.0216607774503,-0.0103652517275,-0.0385939599761,0.00405818470759
1971-07,-0.0413272207288,0.0252660928905,-0.00128886109793,0.0211970074813,0.00647049126585,0.0043923222705
1971-08,0.0396975590677,-0.0157371500912,0.0490874682783,0.0429792429792,-0.00898679743358,0.00466983920004
1971-09,-0.00487645950935,-0.00277150976616,0.0175614336943,-0.0159213298993,-0.00018019152951,0.00466192183687
1971-10,-0.0405327010753,-0.0420591188356,0.016316890296,0.0111824886985,0.0237169767405,0.00457478551288
1971-11,-0.000871326214874,0.0181075005147,-0.00317086103525,0.00847058823529,-0.0251330049288,0.00428902936033
1971-12,0.0909687502548,0.152260521977,0.0130859534929,0.0144657022865,-0.0108887698167,0.0039704700018
1972-01,0.02784784308,0.0726977607614,-0.00801156677466,0.0522079116835,0.00272525148164,0.00379478728344
1972-02,0.0312439561399,0.0605555855411,0.00984939161459,0.0548633879781,0.0217065960673,0.00323353566034
1972-03,0.0088885586549,0.0103020615646,-0.00437329721506,0.00145047658516,0.000616943331507,0.00295967657621
1972-04,0.00541518418382,0.038389859392,0.00685099878111,0.0144837575005,0.0028683071074,0.0033380295383
1972-05,0.0156935418403,0.068095822591,0.010835294226,0.114011829492,-0.0203145648477,0.00375481218115
1972-06,-0.0213835708552,-0.0341266989118,-0.00215613184394,0.136763090443,0.00702656187332,0.00360274687305
1972-07,-0.004777186572,0.062281455305,0.00636826386785,0.0574971815107,0.0296625076695,0.00378679366382
1972-08,0.035596382714,0.0119786464638,-0.0118866989683,0.0208650624429,0.00463465166446,0.00393057179732
1972-09,-0.00770905890489,-0.0484841999407,0.00234954280334,-0.0234223482023,0.00437407171414,0.00395451281294
1972-10,0.00899047442303,-0.00162785153748,0.0104107462448,-0.00916590284143,0.0275896129894,0.00417765999336
1972-11,0.0493528588697,0.0826131278387,0.0140717512152,-0.0300647548566,0.00420133800473,0.00427312776616
1972-12,0.0107151169236,0.0217567305644,-0.00302086049431,0.0158957240502,0.0531249121434,0.00424927018062
1973-01,-0.0283658792688,0.0451811809281,-0.00313972964998,0.0192458144265,0.113255011207,0.00441614251048
1973-02,-0.0442289947459,0.102504060988,-0.00632196227189,0.13908504759,0.167700324147,0.00471732897177
1973-03,-0.00858205836485,0.0221805298925,0.000301044787868,0.137061994609,0.00396919741132,0.00513575317408
1973-04,-0.051578414961,-0.0685301986122,0.00641474300065,0.0726561574019,-0.0146266057309,0.0056932979896
1973-05,-0.0244735309646,0.0172043258839,-0.00455923946328,0.126629834254,0.0195679349426,0.00589662169497
1973-06,-0.0103960805692,0.0137580028025,0.00356557678678,0.178109062377,0.0572231366439,0.0060839047032
1973-07,0.0565504421911,0.000545697997504,-0.0317625476864,0.00041625041625,0.0307158259098,0.00655819693656
1973-08,-0.0312210590908,-0.0544253875353,0.0256932365435,-0.111591911459,0.0225807635606,0.00774476854075
1973-09,0.0545365351576,0.018339739231,0.0299533381013,-0.0355001873361,0.0316840981819,0.00856024728635
1973-10,-0.00419371047304,0.0189947996405,0.0104290977959,-0.0280664271147,-0.0125782357334,0.00842357054309
1973-11,-0.122391718695,-0.163956497379,0.00773460854952,-0.0515587529976,0.0241718255718,0.00736120118696
1973-12,0.0127163585271,-0.0457068887681,-0.000691683071878,0.124315212811,0.0330582454136,0.00739194575708
1974-01,0.0045789923824,0.0450122337883,-0.00330531215621,0.210550974513,0.0281528625527,0.00741499741325
1974-02,0.00147105812358,0.0401245184209,0.00259429793783,0.162086848827,0.0442146574823,0.00720732331614
1974-03,-0.0230235786996,-0.0266660637251,-0.0238284464926,0.121827749284,0.020271740894,0.00649613458538
1974-04,-0.0453968275081,0.0160322437908,-0.0135385724754,0.0226813917587,0.0370538984548,0.00708403455879
1974-05,-0.0390020773745,-0.05332412551,0.0113880199456,-0.0520784951231,0.00908892481128,0.0081648460519
1974-06,-0.0224329405719,-0.0515940381538,-0.00357843465773,-0.0561646352667,0.0440987885438,0.00888593053713
1974-07,-0.0737200927752,-0.0289888625077,-0.00645172163651,-0.0721609344581,0.0440015121094,0.00902192040287
1974-08,-0.0876218774049,-0.104812261795,-0.0056155560402,0.0815498671143,0.0649736657782,0.00967637803321
1974-09,-0.109942327385,-0.0585409132209,0.0240310650419,-0.0186885669943,0.0141477669193,0.00966138532586
1974-10,0.166655874006,-0.00181385707714,0.0170903438757,0.0463261943987,-0.00167849569957,0.00918785691963
1974-11,-0.0398237047812,0.0316379109198,0.0180419432671,0.144098752992,-0.00836858621516,0.00780599054572
1974-12,-0.0274526969027,-0.0108791005937,0.0215726916433,0.0116701530331,0.023047496006,0.00727660035901
1975-01,0.13953523504,0.167799573647,-0.000442647036058,-0.0408640766133,-0.0366521828078,0.00738426058212
1975-02,0.0601439753523,0.120889753612,0.00956909781663,0.018891473308,-0.0559113062206,0.00602932009846
1975-03,0.030657116024,-0.0117591652709,-0.0216666539577,-0.00801781737194,-0.00349060367373,0.00519087376512
1975-04,0.0467097479235,0.0377311319247,-0.0151580655499,-0.0466995958689,0.00040552224943,0.00500963825039
1975-05,0.0563375988545,-0.0027892155543,0.0266421565403,-0.0144253414979,0.00807860268591,0.0050727174712
1975-06,0.0522966248996,-0.0320361386498,0.00771263847109,-0.0188183284545,0.00550063143013,0.00470150179127
1975-07,-0.0610355777004,-0.0382126303945,-0.00782502463201,0.00566244520214,-0.00129850967388,0.00472524153368
1975-08,-0.0235357793914,-0.0060367820421,0.00541265306143,-0.0131379790519,-0.00381730394445,0.00530101530372
1975-09,-0.0373971265025,-0.0502360095943,-0.00891069955536,-0.115521472393,0.0114509522147,0.0055522700792
1975-10,0.0586293027005,0.0698073629227,0.0439595028649,-0.00957203301658,-0.0140172784719,0.00567763896071
1975-11,0.0308679045232,0.0243581821804,-0.00858045966415,-0.0025912178724,0.00518924544426,0.00530887747934
1975-12,-0.0114749808527,0.0161470067794,0.0307753577928,-0.0219070355287,0.00875277873743,0.0050727174712
1976-01,0.12656766996,0.0545298293718,0.00307746022288,-0.0592246949031,0.0209716791406,0.00489124719803
1976-02,0.00687022102377,-0.00266625839665,0.00899673448142,7.63067531475e-05,0.00843128153398,0.00418561945533
1976-03,0.0270384536936,-0.019342163174,0.013823002018,0.0129711582481,0.0211031189821,0.00421745036527
1976-04,-0.0106172817656,-0.00183904128107,0.0074417007318,-0.0363061163001,0.0281526489871,0.00434466313983
1976-05,-0.0100658341583,-0.0243813515879,-0.013531188097,-0.00797248710333,0.0237408464845,0.00416969983735
1976-06,0.0449659954959,0.0116894729167,0.0149647255986,-0.00953356445005,0.00515651757704,0.00451929180637
1976-07,-0.00616555338806,-0.0144306646939,0.00793141882442,-0.063479436799,0.0169252045202,0.00474106460143
1976-08,-0.00133834708463,-0.00354201199927,0.0209033491537,-0.0662532914295,0.0156945740554,0.0044875659697
1976-09,0.0250630706729,-0.0164174453278,0.0126592600837,0.0383880651324,0.0315041227645,0.00438438080939
1976-10,-0.0203339337056,-0.0600038437601,0.0158637632377,0.0175208059571,0.0357867048854,0.00433671753224
1976-11,0.0077442092435,-0.00271802570006,0.0452547867145,0.123202755058,-0.0203394653929,0.00416969983735
1976-12,0.0607629473311,0.112201122008,0.0121813209307,0.0265981910164,-0.0178481217643,0.00408209227808
1977-01,-0.0366111117404,-0.00947553495925,-0.0346296342773,-0.0124692003285,0.0215323716387,0.00381077242235
1977-02,-0.0159893355723,0.020016766024,0.00208072493284,0.0300922425525,0.0286760068628,0.00393855283367
1977-03,-0.00994861986919,0.00185960642041,0.00876870915418,0.0880064591897,0.0393675397187,0.00393855283367
1977-04,0.00528448389995,0.0226058476173,0.00401095444523,0.00634149632328,0.00700733610748,0.00394653317217
1977-05,-0.0108076426476,-0.00586308216143,0.0114404749392,-0.0171616276731,-0.0109496912256,0.00391460763053
1977-06,0.0512949333239,0.0232442044598,0.0172331385392,-0.0397653638906,0.0137092690803,0.00436055228096
1977-07,-0.0129784402402,-0.0141789021291,-0.00966041200264,0.0185395652792,0.0144775607928,0.00440820312092
1977-08,-0.0133491571544,0.0356294674281,0.0165906405137,0.010809679894,0.0188329999264,0.00443995653809
1977-09,0.00152164282271,0.0288332254314,-0.00236923755342,0.0316682765282,0.0221074195228,0.00478851736509
1977-10,-0.0390215703068,0.0148502112725,-0.00870459964507,0.0629973918277,0.0809706156669,0.00501752553503
1977-11,0.04497227406,-0.00319372345851,0.0113571394276,0.0198175526895,-0.00266047364139,0.00539531680184
1977-12,0.00737652621292,0.0380071164575,-0.00681334369418,-0.0101789019124,0.0397150437961,0.00540317086984
1978-01,-0.055586994794,0.00625518892693,-0.0032531045399,0.0793393580555,0.0325678884865,0.00542672902525
1978-02,-0.0095497032373,0.00958443719989,-0.000531765956285,0.0286407206375,0.0377031172943,0.00560714012103
1978-03,0.0336815203597,0.0689384148628,0.000849426854543,0.0307061861457,-0.0055204327205,0.00557578984429
1978-04,0.0842748959062,-0.0068403425361,0.000544909499228,-0.0453678993519,-0.0164837981494,0.00554442881257
1978-05,0.0222960933107,0.0230851484221,-0.00356987710536,0.00587631218622,0.00978867583366,0.00567763896071
1978-06,-0.0117690172263,0.0398751058083,-0.00310158990445,0.0421984005445,0.0575320521837,0.00596689777561
1978-07,0.0567862771113,0.0851717607673,0.0101459330318,0.0271020408163,0.0716860401823,0.006301917961
1978-08,0.0433832798352,0.0199293282016,0.0136061558059,0.0930959571875,0.0410587922651,0.00652717102276
1978-09,-0.00842196854878,0.0288542428129,-0.00185543570573,0.0280174503151,0.0429976601879,0.00648061241802
1978-10,-0.112289943576,0.0481105847239,-0.0174119904305,0.0724254998114,0.066306899665,0.00692968976937
1978-11,0.0338806780489,-0.0840337793651,0.0129757774261,-0.0933872669715,-0.0833362690353,0.00754551398597
1978-12,0.016531168898,0.0477500533817,-0.0107699881326,0.00800193986421,0.0649183267405,0.00852230195806
1979-01,0.0497110550261,0.00721089137913,0.0224024716966,0.0934808756315,0.0404598380084,0.00852230195806
1979-02,-0.0287331846002,-0.00239017281374,-0.00793737459705,0.0809134107709,0.0759820873382,0.00836275985659
1979-03,0.0649961649672,0.0275739372572,0.0118128964331,-0.0147352139048,-0.00130696209812,0.00811911288169
1979-04,0.00764208848409,-0.00204080581031,-0.00501913294412,-0.0121462507746,-0.0119555010474,0.00807335687862
1979-05,-0.0138133995153,-0.0144227987013,0.0253705856267,0.0772866044917,0.0502336464029,0.00801994598503
1979-06,0.046146810091,0.0204785733501,0.0229117483691,0.0833883302923,0.0262454093997,0.00809623773575
1979-07,0.0155379386991,0.00496770466705,-0.00652466567835,0.056150786541,0.0225462619268,0.0079359516336
1979-08,0.0629530111276,0.0318112908397,-0.00654976894821,0.0206283504105,0.0230101777607,0.00805809979951
1979-09,-0.000185756105931,0.047565992348,-0.00328875163208,0.179941493252,0.0654022879892,0.00851471100752
1979-10,-0.0722782199002,-0.0833201006239,-0.0654179453514,0.103423017326,0.0330948530226,0.00940613386849
1979-11,0.0625009080272,0.0213622471574,0.0317132481441,0.000842567533064,0.0808916286198,0.0107272411493
1979-12,0.0276491634758,0.0381320113681,0.0119387531649,0.160947983367,0.021293706735,0.0109049202586
1980-01,0.0631220679681,0.0612307375619,-0.0319805695005,0.483936890217,0.143543938873,0.0105566423224
1980-02,-0.00346039831019,0.011618586739,-0.0796229386002,-0.0147932060831,0.0899768022486,0.0105269405971
1980-03,-0.117142356645,-0.124851775213,0.0207728880781,-0.1679492575,-0.0224960472323,0.0112002908791
1980-04,0.0524707572831,0.0885342291903,0.116119438767,-0.0653383431482,-0.0264091720627,0.0135800250629
1980-05,0.0605835089167,0.0513867735677,0.0409712546693,-0.00697705881216,-0.0215727840187,0.0125469080155
1980-06,0.0365685912988,0.0634844725934,0.0233984439146,0.169170883612,0.0140853137531,0.0078136404206
1980-07,0.0699338032046,-0.000689783776276,-0.0261939608258,0.0708316686643,0.00393570174801,0.00681376015531
1980-08,0.0243756328728,0.0328446932415,-0.0444675716355,-0.0250594618123,0.0277577051928,0.00693741319239
1980-09,0.0294720839843,0.0355533223929,-0.00472363127399,0.0741130511042,0.0214565426114,0.00790538913378
1980-10,0.0198978983267,0.0336919972682,-0.0226573758534,-0.0185264908036,0.0228842434727,0.00895395067255
1980-11,0.105842698269,-0.0153949600172,-0.00542752625096,-0.0550253346442,0.0152500329896,0.0101921327307
1980-12,-0.0314296507039,-0.00746504834129,0.0273133905922,-0.13846695584,0.0096213335339,0.0122120971147
1981-01,-0.0401243987715,-0.0200635607418,-0.00226541345401,0.035540445138,0.020328617098,0.0143526743129
1981-02,0.0164909265445,-0.0141635769169,-0.0295503175478,-0.103392597643,0.0134094626497,0.0133066190337
1981-03,0.0483448639795,0.0388702693611,0.0253372253294,-0.00130062429966,0.00495060014248,0.0125469080155
1981-04,-0.0110276649342,0.0207030441231,-0.0352786806248,-0.00663180461221,0.0308324570015,0.011296082335
1981-05,0.0125778251571,-0.0347494648232,0.0405257587685,-0.0324727712787,0.0351419569959,0.0117735483682
1981-06,-0.0109935478188,-0.000299469636275,-0.0096869965457,-0.0387950802585,0.0126392850217,0.0140815540813
1981-07,-0.00327073292489,-0.0411555508773,-0.0238573471731,-0.112819623067,0.0490772948119,0.0130974197693
1981-08,-0.0580152755673,0.0227609332462,-0.024335674071,0.00266458063412,0.0099842853324,0.0137164244483
1981-09,-0.0594149951892,-0.102980770228,-0.00527357127684,0.0818948702945,0.0424908021766,0.0138597849815
1981-10,0.0610208897436,0.0110199228258,0.0728624867781,-0.0134985915493,0.00408769694311,0.0130540777752
1981-11,0.0444393774865,0.109765342432,0.0958134098773,-0.0557154605263,-0.0510776447174,0.0120003928952
1981-12,-0.0274736131615,-0.0145581749943,-0.0354925360279,-0.0079347799792,0.00383016679185,0.0098486183921
1982-01,-0.0248201274262,-0.0170406244069,0.00108253027182,-0.0632787924602,0.0252745108113,0.00985609977747
1982-02,-0.0495287389588,-0.0688239263513,0.0169078215875,-0.026058207945,0.0234281250278,0.0106160169807
1982-03,-0.00814096683419,-0.0500024158752,0.00169454613421,-0.117285435544,0.0303289929725,0.0117149169199
1982-04,0.043147579081,0.0564070879577,0.0309808765563,0.0607115821347,-0.0112898481899,0.0111339151961
1982-05,-0.0287584771784,-0.0148239841238,0.014671402625,-0.0473594062232,0.0315959649985,0.011303446776
1982-06,-0.0216338690436,-0.0801586700846,-0.0241534918114,-0.056126576968,0.0680126694178,0.0108309290429
1982-07,-0.0209554968985,-0.00548088847439,0.0522688412266,0.0761635659407,0.0144184578482,0.0113181738885
1982-08,0.119799602216,0.014916399958,0.0545867520555,0.074519869015,0.02331055604,0.0105640662536
1982-09,0.0178648275782,-0.00506671618774,0.0694641388484,0.200642451198,0.014086229133,0.00843876691397
1982-10,0.118563861781,0.0144060382187,0.0649825316128,-0.0346664837301,0.040487269304,0.0084767468244
1982-11,0.0530352892719,0.0746238900358,0.00690404736414,-0.0171976785503,-0.0193868188684,0.00759920209395
1982-12,0.0128367849172,0.0830537628839,0.0305477645937,0.071368314493,-0.0127444530146,0.00716881340997
1983-01,0.042683334921,-0.00150247105099,-0.0129623380237,0.0827671541057,0.0096010835752,0.00694513596381
1983-02,0.032082372845,0.0216644774315,0.0421363036803,0.0203619439423,0.0164646408613,0.00671316891255
1983-03,0.0348396341354,0.0368965307269,-0.0137246972974,-0.145370502352,0.00316787314536,0.00685241967656
1983-04,0.0739338613124,0.0627490269419,0.0283040567865,0.0314033833691,0.0247308031533,0.00696830036971
1983-05,0.0123838975965,-0.00128608678591,-0.0226242708791,0.0118508593606,0.00844737922136,0.00692196569465
1983-06,0.0371316677094,0.0224622096035,0.00134603959368,-0.0574644414511,-0.00165047533596,0.00681376015531
1983-07,-0.0336039311385,0.00272381083273,-0.0331135375169,-0.0240529018506,0.0142388794508,0.00736120118696
1983-08,0.00243507344125,-0.0133815709224,-5.23819132388e-05,0.0329850338785,0.0070237302272,0.00759153429058
1983-09,0.0167797574254,0.0307806006933,0.0385690246928,-0.0105718404613,0.0111982463321,0.00779834003205
1983-10,-0.0269308091943,-0.0116090820669,-0.00413724284971,-0.0441962117533,-0.00202668534919,0.00750714606158
1983-11,0.0288063902727,0.032340029149,0.0139204116356,-0.0302337398374,0.0325070671022,0.00734582503047
1983-12,-0.0110844279278,0.0368200560314,-0.000285238855232,0.0173958606235,0.00839431847115,0.00748411758985
1984-01,-0.0125251534615,0.0327418079701,0.0193568594298,-0.0449348509038,0.0513814510335,0.00773711291271
1984-02,-0.0409434843111,0.0133045734041,-0.0106738188907,0.0406319933134,-0.0110321984181,0.00753016874481
1984-03,0.0136175230842,0.0790212692161,-0.0137885124504,0.0215048191522,0.0169536949762,0.00762220165359
1984-04,0.00312026403748,-0.0174098621602,-0.00477304162633,-0.0326941612134,0.0152922716176,0.00803520941709
1984-05,-0.0520401277969,-0.0943408784657,-0.0414552461654,-0.0104098382149,-0.00723291822647,0.00828668972613
1984-06,0.0255793885794,-0.00462416921627,0.0139973068808,0.000794912559618,0.00626654200025,0.0088178599184
1984-07,-0.0190666826287,-0.0653820814832,0.0573833110773,-0.0794016415144,0.014960025609,0.00899171785169
1984-08,0.110962765007,0.0919669876297,0.0158830730475,-2.8759598516e-05,-0.0439479162727,0.00915770896021
1984-09,0.000532816977517,-0.0102150537856,0.0252026740051,-0.0215703192407,0.0177812784807,0.00908983980614
1984-10,0.0014205477258,0.0182220099521,0.051120687274,0.00235155790711,0.00120712532458,0.00895395067255
1984-11,-0.0101853544042,-0.0141075488675,0.018748435589,0.00293255131965,-0.000467134387206,0.00826385637138
1984-12,0.0247645096027,0.014995520599,0.0109391135037,-0.0656725146199,0.0316683442899,0.00734582503047
1985-01,0.0862529797446,0.0281274360678,0.0323780131827,-0.0524191024598,0.0164722181038,0.00689878955913
1985-02,0.0178576759308,-0.00954942538865,-0.0311327708796,-0.0121866640246,0.0489502079126,0.00654268529464
1985-03,-0.002209102406,0.0747426886216,0.0240163467417,0.0481444332999,-0.0192987736561,0.00696830036971
1985-04,-0.0024394938942,-0.00278675856006,0.0234223565775,0.0424242424242,0.00728374497857,0.00722272274472
1985-05,0.0575251549046,0.0398888530478,0.0734479998732,-0.0330477356181,0.0367128692275,0.00681376015531
1985-06,0.0184217045198,0.0220597573189,0.0107470880323,0.00158227848101,0.0325409299789,0.00637188345059
1985-07,-0.00124770878579,0.0481328029536,-0.00860906345515,0.00221169036335,0.0263808036652,0.00599811426284
1985-08,-0.00463102665632,0.0273395757425,0.0237541609554,0.0416141235813,0.00176784853728,0.00615403707662
1985-09,-0.0391935841851,0.04836885782,0.00772127528915,-0.0213377723971,0.0133651915338,0.00628636280513
1985-10,0.0466439538571,0.0581094475698,0.0271719998343,0.00773156022885,0.0560789074759,0.00637965409201
1985-11,0.0709241151133,0.0436970964945,0.029684210344,-0.0133497007826,0.0241630454818,0.00634079428314
1985-12,0.0453025379743,0.0427607574866,0.0424803219779,0.00124416796267,0.0274113908738,0.00628636280513
1986-01,0.0122597909462,0.023229307302,0.00571110592049,0.0794656725691,0.00872912740416,0.00627858423523
1986-02,0.0767005102217,0.103537833762,0.0600870350312,-0.024720847243,0.0778968751823,0.00629414071368
1986-03,0.0548029175262,0.135229298033,0.0554483752503,0.0200950160819,0.0713825036187,0.00619297628329
1986-04,-0.00782459957901,0.0615977536143,0.00504672804744,-0.0152155047729,0.0955541593936,0.00584192515833
1986-05,0.0511964528843,-0.0420589879504,-0.0366672343658,0.00575725531665,-0.0594591933773,0.00534031941998
1986-06,0.0155542746047,0.0626771312761,0.0510063832532,0.000876168224299,0.0149923704671,0.00537960664082
1986-07,-0.0592884042608,0.0560181442828,0.00892204008953,0.0164575430406,0.0125170022567,0.00544243108958
1986-08,0.0653023882924,0.0969165250253,0.0333510712568,0.0812998794281,0.0301524106749,0.005159380356
1986-09,-0.0813616074668,-0.00887906716922,-0.0262000899401,0.109037328094,-0.0187325838423,0.00480432947642
1986-10,0.0512154959371,-0.0632758275668,0.0170928832691,0.0138366887703,-0.0160800005801,0.00463816562854
1986-11,0.0157830330067,0.0558244863323,0.0145116745159,-0.0612736417086,-0.0115071736799,0.0046223247227
1986-12,-0.0280324716486,0.0509177559313,0.00105532136069,-0.016701881477,0.015794667882,0.00467775587693
1987-01,0.128831546018,0.107964570284,0.0108399034204,0.0443569016679,0.0399969161828,0.00489914470983
1987-02,0.0485643902167,0.0311874349799,0.00507030221708,-0.0174888551413,0.0128876983147,0.00476479406475
1987-03,0.0207125264858,0.0843639600724,-0.0120665308608,0.0194206222577,0.0655567417746,0.00494651544881
1987-04,-0.0165281304413,0.0995097898599,-0.0372036885376,0.0719962828006,-0.00306257540522,0.00500175028481
1987-05,0.00500389705152,-0.000783551812207,-0.00962226787854,0.049914451922,0.0127489042031,0.00527742471785
1987-06,0.0437185506041,-0.0288109674719,0.0138917024214,-0.0231188753449,0.00919189696601,0.0056463128545
1987-07,0.0429284041881,0.00401225795346,-0.0075878460116,0.00206855134678,0.00881856804336,0.00560714012103
1987-08,0.0396968649455,0.071107050411,-0.0124721017075,0.0235949569386,0.028263988404,0.00541887698143
1987-09,-0.0217499078419,-0.0150668504038,-0.0286169513703,-0.00166973869674,0.00209259707312,0.00545813045695
1987-10,-0.226589361759,-0.145262222692,0.0539343010486,0.0107954298623,-0.0580097732313,0.00594347841549
1987-11,-0.0742346987929,0.00752709475516,0.000209821266687,0.00477060277211,-0.00339731738175,0.00644956018126
1987-12,0.0720392693247,0.0303949333938,0.0170227680966,0.0399298500759,0.062186447892,0.00584192515833
1988-01,0.0452604420713,0.0154576458176,0.0425028056238,-0.0198667324778,-0.0054724347642,0.00616961474853
1988-02,0.052565248629,0.0661935805307,0.0130609455583,-0.0724117671745,-0.0103650606476,0.00559146632655
1988-03,-0.018084832888,0.0609863130464,-0.0174132595027,0.0034836111928,0.0594002568964,0.00534031941998
1988-04,0.0104012643875,0.0140978440637,-0.00877828197628,0.0178986046302,0.0162344543266,0.00536389377897
1988-05,0.00228575200375,-0.0321689732079,-0.0125959209739,-0.0010630052043,0.010580265516,0.00559146632655
1988-06,0.0524619172555,-0.0226300276023,0.0285699714927,0.000576407209524,0.0562146802888,0.00584192515833
1988-07,-0.00745560654642,0.0292485885235,-0.00932731203452,-0.0303547293555,0.0140864374957,0.00605271748963
1988-08,-0.0271674220204,-0.0645469237246,0.000546816370198,-0.0145099741791,-0.0116937323773,0.00638742407347
1988-09,0.039236314171,0.0423412696825,0.0287658222514,-0.0413188647746,0.00894706064009,0.00670542654334
1988-10,0.017714718051,0.0835305092597,0.0215419112026,-0.0161563391864,-0.0082805415896,0.00661246698576
1988-11,-0.0169059091906,0.0572953789289,-0.0187755272723,0.0329170559025,0.0125908585155,0.00671316891255
1988-12,0.0212296896689,0.00607452904233,0.000373833554424,-0.0026655877383,-0.00468396392396,0.00703775843886
1989-01,0.0664085380872,0.0198892542088,0.015442941582,-0.0358907051664,4.97110603135e-05,0.00739963028718
1989-02,-0.0163030777657,0.00392557829134,-0.0123894234118,-0.0408405732531,-0.0132687573523,0.00736120118696
1989-03,0.0221438687072,-0.0183572497716,0.00813075347766,0.00681272741349,0.0200671301103,0.00759920209395
1989-04,0.0498949297784,0.00972954134854,0.0256474601591,-0.0147379213123,0.0183081120914,0.00804284017988
1989-05,0.0412778349663,-0.0523051476526,0.0315909676682,-0.0347294484912,0.0112726127793,0.00792831196428
1989-06,-0.00649161392706,-0.0149294568301,0.0383058367719,-0.00929793828325,-0.0103782782607,0.00766052142492
1989-07,0.0788837703728,0.123237581839,0.0278985148164,0.020239390642,-0.0121728708875,0.00736120118696
1989-08,0.0220334067804,-0.0424609953208,-0.024351395241,-0.0263971843003,0.0093981564299,0.007022327866
1989-09,-0.000903866044893,0.0430769517817,0.0018131858081,-0.00928411020431,0.0172560458258,0.00692968976937
1989-10,-0.0297165952236,-0.0383352732377,0.033218591985,0.0141810642709,0.00992684641838,0.00703775843886
1989-11,0.0169496614557,0.0489605167681,0.0116283263685,0.0746293065853,0.0107620037517,0.00689878955913
1989-12,0.0176687163865,0.0365296428632,-0.000903518888571,0.0383756911683,0.0190882300961,0.00673639209102
1990-01,-0.0726628469365,-0.0385950438832,-0.0198812665282,0.00175871418452,0.0241533545979,0.00668219550496
1990-02,0.0169448332094,-0.0677916835018,-0.000644479088112,0.0163370802955,0.0166033324307,0.00655819693656
1990-03,0.0244888363773,-0.0995750335779,-0.00152776381297,-0.0569803987428,0.0316755725885,0.00660471609185
1990-04,-0.0268415867462,-0.0113026847059,-0.0146598740784,-0.0478807306773,0.042970784274,0.00670542654334
1990-05,0.091540753602,0.11190650064,0.0327042977527,-0.0138681060282,-0.0403779634737,0.00675960937821
1990-06,-0.00459941692407,-0.00889832748472,0.0172233075798,-0.045305514158,0.00504321951637,0.00670542654334
1990-07,-0.0123309076922,0.014475109912,0.0145548458824,0.0289501319785,0.0397355571972,0.00661246698576
1990-08,-0.0949197971733,-0.0947012719847,-0.020638727214,0.0888202355667,-0.00452523864118,0.00651165411999
1990-09,-0.0554160343876,-0.135059617657,0.00910390543681,-0.0137055708966,0.00916908321336,0.00641073005938
1990-10,-0.0120803699249,0.146269349275,0.0199455361811,-0.0220384259735,-0.0113932914413,0.00648061241802
1990-11,0.0692169149778,-0.0555842296819,0.0281590697108,0.00260019961128,-0.0296751486638,0.00648061241802
1990-12,0.0306056945442,0.0172118186143,0.0171839982685,-0.0125219395908,0.00505514260076,0.0064573242285
1991-01,0.0520590038045,0.0305295857879,0.0120659686164,0.0177477118981,0.0137651718315,0.00629414071368
1991-02,0.0766949401243,0.105240433243,0.0063001255588,-0.0516369513085,-0.0222220769985,0.00578719588441
1991-03,0.0308619580957,-0.0578109744711,0.00343656706193,-0.00134678283814,-0.0148604936445,0.00527742471785
1991-04,0.0026627908512,0.00994006941487,0.010501741755,-0.0136511256674,0.0118007448979,0.00522235632413
1991-05,0.0412820093437,0.0120302278675,0.00475178271732,-0.00399017802333,0.0147340780356,0.00491493768553
1991-06,-0.0453093709129,-0.0709468381958,-0.00530897814449,0.0273707802213,-0.0189159081388,0.00479642376289
1991-07,0.0472796848891,0.0473744415041,0.0119486869483,0.00264506980803,-0.0066054641993,0.00492283314968
1991-08,0.0281052395926,-0.0193843042446,0.029578865533,-0.0309499850417,0.00187360318789,0.00485174939459
1991-09,-0.011069768467,0.0526892858698,0.0288448234657,-0.02124554461,0.00809066222738,0.00459063466587
1991-10,0.0168786660938,0.0155685814135,0.0118287804226,0.0285312840512,0.0260104247027,0.00444789316734
1991-11,-0.0382073453056,-0.0454435135755,0.0142935132888,0.0041261256238,-0.000404198806451,0.00433671753224
1991-12,0.112674546764,0.0489999191805,0.0474344588569,0.00433128800289,0.0235334468285,0.00402629820309
1992-01,-0.00252358085984,-0.0197036877496,-0.028521448587,-0.0201255079756,0.00556880567828,0.00365079488139
1992-02,0.0136268579293,-0.0347783539028,0.00623322898406,-0.00152348709268,-0.00558218498659,0.0033139261898
1992-03,-0.0233580688504,-0.0654051296301,-0.0105296318776,-0.0270407730779,-0.0147047309523,0.0033299957965
1992-04,0.0145760747302,0.00368081146921,0.00438020902018,-0.0166114886449,0.00884992290782,0.0034744950035
1992-05,0.00701399050057,0.0641990316122,0.023085031708,-0.00407536471561,0.00387657191832,0.0032737397822
1992-06,-0.0203415649711,-0.0452908934807,0.0205099608423,0.0105859328668,0.0366447503988,0.00312892192348
1992-07,0.0399783758905,-0.0235209591681,0.0360490854374,0.0349461576832,0.00460730574152,0.0031611235489
1992-08,-0.0218989320049,0.0584598309529,0.0126109991802,-0.0273871626219,0.0314964150632,0.0027658678568
1992-09,0.0128612548969,-0.0223054779368,0.0215759332336,0.00690841252259,-0.0152781442211,0.00271735123026
1992-10,0.0118145939578,-0.0494757057024,-0.0204685627894,-0.00303968966216,-0.0561058778328,0.00257164621896
1992-11,0.0424446348168,0.0069472517974,-0.0067397276871,-0.0271792787038,0.0127345003674,0.00267690097346
1992-12,0.0158073906071,0.00590777054101,0.0199747751956,-0.000596979284819,-0.0188287438133,0.00293547300505
1993-01,0.010302887955,-0.000671442720353,0.0298841439143,-0.0173526073711,0.0121584804819,0.00285474799877
1993-02,0.00468465097805,0.031404794612,0.0278132970079,0.000911826388256,0.0413871509013,0.00262024044014
1993-03,0.023854085008,0.0849469794027,0.00418819287779,0.00233822234369,-0.0158103990823,0.00256354466263
1993-04,-0.0275700916783,0.0926991474025,0.00801456182558,0.0365668928745,-0.00493838710454,0.00255544238609
1993-05,0.0304280501179,0.0215036330415,-0.00384769083282,0.0731550489551,0.00323015000066,0.00253923567186
1993-06,0.00558957388271,-0.0152695425792,0.0289231592223,0.012827496051,0.0058800766659,0.00254733938921
1993-07,-0.00253124170494,0.0337377387355,0.00296632855333,0.0545860335045,0.0175183703954,0.00263643275829
1993-08,0.0394607068722,0.0515337068856,0.0313840469509,-0.0340396236518,0.0324128019939,0.00259594656807
1993-09,0.000236304894111,-0.0234460111409,0.00644482225296,-0.0621898426776,0.0309519160207,0.00257974705522
1993-10,0.0165589510924,0.0333278690821,0.00105637901121,0.0250506642648,0.0266500622492,0.00256354466263
1993-11,-0.0160390847766,-0.0849388648742,-0.0190262405549,0.0264978856609,0.00637608547864,0.00266071584333
1993-12,0.0173871278828,0.0715864494258,0.00547229324216,0.0253323703288,0.0205792693533,0.00274969851686
1994-01,0.0309533836014,0.0830721503976,0.0159450235118,0.0093399426037,0.0200349932133,0.00267690097346
1994-02,-0.0222954732841,-0.00455468692409,-0.0293103125186,-0.0128463606286,-0.0254542869072,0.00258784717155
1994-03,-0.0442833034234,-0.0430407453741,-0.0337836371381,0.00581288785316,-0.0553907105768,0.00281435867601
1994-04,0.00904833755991,0.040430996498,-0.0128334659479,-0.0178585374743,-0.00753229885464,0.00308865389487
1994-05,0.00985516344568,-0.0052547595255,-0.000764257793205,0.0110265857344,0.0159617024747,0.00328177848034
1994-06,-0.0271122114619,0.011525993405,-0.0047663799612,0.0110374118449,0.0341062368652,0.00368281283577
1994-07,0.0309349650348,0.0109746159169,0.0209946476878,-0.000388963800436,0.0227964598787,0.00369081556915
1994-08,0.0440790558432,0.0249246217492,0.00214286547403,-0.0133077382033,-0.00159611543526,0.00385871104551
1994-09,-0.0183994485193,-0.0292169807823,-0.0207210925815,0.0294983699653,0.00575364502391,0.00392259006298
1994-10,0.0156434697747,0.0314758324343,-0.00488813049096,-0.00462229940242,0.0151636130797,0.00409802718036
1994-11,-0.0363806750624,-0.0486028771578,-0.00218148240057,-0.0138030120327,0.0051043578386,0.004479632788
1994-12,0.00976520241742,0.0067595086137,0.00837942398264,-0.0132677749161,0.00168279807277,0.00470150179127
1995-01,0.0221554482379,-0.0394659644176,0.021622238842,-0.00195101373619,0.0257344124049,0.00509636095616
1995-02,0.0405850455841,-0.000704480557056,0.0307645004531,-0.00504556861709,-0.0168244495771,0.00505695174825
1995-03,0.0266887337407,0.061673120905,0.0064924871743,0.0145497026338,0.0457660387405,0.00499386163816
1995-04,0.0252109585287,0.0368871755735,0.0164943106025,0.023317282529,-0.0207346174311,0.0049859723103
1995-05,0.0349087112639,-0.0100481215883,0.0558569877847,-0.0148581950234,0.0217754152811,0.00495440818448
1995-06,0.0299192094279,-0.0162373624428,0.0101353093192,0.00607445096309,0.0490796337188,0.00488334900343
1995-07,0.0403598601633,0.060532345449,-0.0100061640254,-0.00343172670038,0.00498738032789,0.00478851736509
1995-08,0.0108853413083,-0.0367244900127,0.0158567961225,-0.00662817492168,-0.0223761907321,0.00468567186769
1995-09,0.0362535112449,0.018622068876,0.0116738659644,-0.00158990799385,0.0460152394703,0.00468567186769
1995-10,-0.0115249822577,-0.0261650809322,0.0161166680056,0.000208844567431,0.023077686079,0.00465400378732
1995-11,0.0418111303779,0.0281818496058,0.0217675294242,0.00566372605314,0.0111102703883,0.00470150179127
1995-12,0.00948993036756,0.0391412306173,0.0168318286927,0.00552801640238,0.0387783889146,0.00466192183687
1996-01,0.0267331837258,0.00587524130226,0.00541838583917,0.0309983481313,0.0210021954685,0.00456685990481
1996-02,0.0163137767909,0.00290716588776,-0.0293799128849,0.0132932782576,0.0322749852574,0.00438438080939
1996-03,0.0096843850012,0.0212094296464,-0.0116723250094,-0.0211236288171,-0.00218658248065,0.00419357822338
1996-04,0.0242113177002,0.0323309797479,-0.0136017259636,-0.00848035132884,0.02207592941,0.0043049281854
1996-05,0.0267491947674,-0.00861962954083,-0.00636394532722,-0.0023418607611,0.00885548169599,0.00436055228096
1996-06,-0.00833361360687,0.00507438933908,0.0147362327988,-0.0169928303524,-0.009992459202,0.00436055228096
1996-07,-0.0535678953789,-0.034110947344,0.00159963451773,-0.00467204817401,-0.0298480591389,0.00443995653809
1996-08,0.0310700575787,0.00627756539297,-0.00478247533331,0.0101181317965,-0.00414685636887,0.00449549846226
1996-09,0.0539207044731,0.0253590812204,0.0213642741569,-0.0108687233768,0.0107573354681,0.0043923222705
1996-10,0.0144493543404,-0.0116438867395,0.0289313708661,-0.00540272485253,0.0626496873974,0.004479632788
1996-11,0.0682414618361,0.0379627711018,0.0238208799569,-0.00844989109612,0.0477062643783,0.00440026304097
1996-12,-0.00807677895162,-0.0276731786662,-0.0182706186265,-0.0234219928543,0.0275334320188,0.00437643865752
1997-01,0.0546931186969,-0.023507773161,0.000765309896457,-0.0376422764228,0.00437604586212,0.00442408120978
1997-02,-0.000961530477283,0.0183211013759,0.000644318975119,-0.0240207259722,0.0183837858,0.00441614251048
1997-03,-0.0423541838258,-0.000843717982141,-0.0181692601336,0.0150903110393,-0.00973589741499,0.00436849581475
1997-04,0.0451038121406,0.00216538193407,0.0189087407495,-0.0208635342941,0.00599660986389,0.00449549846226
1997-05,0.0711477057865,0.065565275304,0.00939388837238,-0.00182889656574,-0.00151355170036,0.00463816562854
1997-06,0.0438081697318,0.054129283473,0.0142060899518,-0.00895765472313,0.0223618850616,0.00463024551906
1997-07,0.0778400147501,0.0160399439956,0.0376396370676,-0.0488907148726,0.0697955873344,0.00459855821104
1997-08,-0.0370529599854,-0.0858831015911,-0.0160299424962,-0.000277692070349,-0.000596522417191,0.00455100662487
1997-09,0.0578244331703,0.0552977057826,0.019295611259,-0.00367272615043,0.0287469424756,0.00455100662487
1997-10,-0.0338085198965,-0.0908566094599,0.0222656484552,0.00635028808624,0.0119759321744,0.00455100662487
1997-11,0.0334199473419,-0.0117560471519,0.00297314276647,-0.0579616461969,0.0121533760026,0.00459063466587
1997-12,0.027591483567,0.00932623733074,0.0124474001719,-0.0565285583584,0.0571158170739,0.00466192183687
1998-01,0.00452395543107,0.0305540529343,0.0202256615355,0.00124679642585,0.041077671507,0.00470941572434
1998-02,0.0735787197658,0.0689929254461,-0.00431401812062,0.0290210999654,0.0302251377609,0.00450343026581
1998-03,0.0526067956828,0.0323670783178,0.000696886363567,-0.00521025916838,0.014159737279,0.00450343026581
1998-04,0.0110995998068,0.00550046241563,0.0041148694734,0.041731432047,0.011217429012,0.0045351505924
1998-05,-0.0269723407025,-0.0149176315818,0.0118049837875,-0.029809594862,0.0483863547086,0.0045351505924
1998-06,0.0355662867108,-0.00253328558925,0.0121196808196,-0.022668004012,0.0447331925033,0.00454307895277
1998-07,-0.0226112872424,0.0109894659688,0.00125801451622,0.00188149972633,0.0244240190903,0.00455100662487
1998-08,-0.156440061724,-0.136478416045,0.0377314313778,-0.0299108819613,0.0881775075261,0.00454307895277
1998-09,0.0669216342931,-0.0205385204287,0.0480117757487,0.0171412481081,-0.0120403581717,0.0045351505924
1998-10,0.0752613498537,0.107875162904,-0.00599320347484,0.0240501072739,-0.0120398615539,0.00440026304097
1998-11,0.0618343527211,0.0535235695436,-0.00774143106103,-0.00611631128983,-0.0525187954716,0.00424131626646
1998-12,0.067882602453,0.032759318474,0.00567756664114,-0.00829593363253,0.0281802794717,0.00426517593034
1999-01,0.0365743983774,-0.00608893680785,0.00335301434206,-0.0157707076248,-0.0203470848719,0.00418561945533
1999-02,-0.0371777864514,-0.0214277854363,-0.0396157232898,0.000870837397241,-0.0229375903928,0.00398642440128
1999-03,0.0451584419549,0.0498146249838,0.00592012444368,-0.00476803675217,-0.000482160204478,0.00399440055532
1999-04,0.0469072388064,0.0509979574905,-0.000911533635711,-0.0116799552385,-0.000150289569704,0.00400237601239
1999-05,-0.019862658982,-0.049903230065,-0.018769400078,-0.021866817635,-0.00987925097341,0.00397844755015
1999-06,0.0517671102626,0.0440656503248,-0.00402536265364,-0.0547315873246,-0.000349504081948,0.00401035077263
1999-07,-0.0318243160174,0.0228786741719,-0.00478610411558,-0.0200145421147,0.0233989704989,0.00417765999336
1999-08,-0.00905673375638,0.00345147246869,-0.000681928607739,0.00238206810372,0.00988330060621,0.00426517593034
1999-09,-0.024248796942,0.00835192626073,0.0102531050261,0.0313607853831,0.0132965800105,0.00440026304097
1999-10,0.0626365195379,0.0375531694342,-0.00219411417395,0.173679836821,0.0167943990088,0.00447169891704
1999-11,0.0346811538109,0.0409538903069,-0.00327968926415,-0.0564495365602,0.0186290311206,0.00497019161052
1999-12,0.0817314713261,0.0939074944339,-0.0119829189973,-0.0344839347841,0.010200935713,0.00486755056534
2000-01,-0.0417431060604,-0.0620381592721,-0.00843787349392,0.00441586886636,0.0132018568751,0.00490704153896
2000-02,0.025562646181,0.0284665971694,0.0151304534995,0.0546567248171,-0.00380340110394,0.00482804251254
2000-03,0.0588064512075,0.0349382390797,0.0303072974895,-0.0449209631161,-0.0239281452958,0.00487545012591
2000-04,-0.0519474692747,-0.0539328338214,-0.00924409804074,-0.0233946716017,-0.0138450084697,0.00497808230113
2000-05,-0.0339328646002,-0.0265485896384,0.00214763737579,-0.0160892416604,0.0201550010897,0.00508848047427
2000-06,0.0442934872433,0.0428734776548,0.0218798672188,0.0383008103492,-0.0285044201984,0.00542672902525
2000-07,-0.0194007649707,-0.0444773439075,0.00606915132902,-0.0144892030938,0.00621946480882,0.00544243108958
2000-08,0.0729454798138,0.0101231394581,0.0215797415472,-0.0252849888135,0.026838171598,0.00539531680184
2000-09,-0.0465785938547,-0.0498772327771,0.00371067349108,-0.00287827449266,0.00597847102274,0.0053481782153
2000-10,-0.0203027966216,-0.0301594592867,0.00768367347066,-0.0134463607132,0.0197575688148,0.00534031941998
2000-11,-0.0989056740584,-0.0443020116938,0.0266049251475,-0.0147777777778,0.00230469170546,0.00539531680184
2000-12,0.0205562377834,0.037373213573,0.0275297229586,0.0204503590091,0.0212748319639,0.00537960664082
2001-01,0.038419020225,0.0111401616153,0.00469374347921,-0.0219561613557,0.0282913596662,0.00522235632413
2001-02,-0.0940476337058,-0.0759494392818,0.0177608542171,-0.0136351651663,0.0187896653072,0.00456685990481
2001-03,-0.0671672771483,-0.0713642606483,0.00623460252191,0.00442967884828,0.0967650436251,0.00428107890945
2001-04,0.0817642757967,0.0790952152386,-0.0217786964621,-0.00969471162985,-0.0408916184016,0.00398642440128
2001-05,0.0102465166646,-0.0350681287102,0.000519543462421,0.0456081081081,-0.0247137436345,0.0036988176007
2001-06,-0.0131945658863,-0.038252864135,0.00449260261056,-0.00782053164929,0.0234108923883,0.00328981647004
2001-07,-0.0194379748771,-0.0241856200643,0.0308859697677,-0.00999148873182,-0.0106806494671,0.00306448453975
2001-08,-0.0577422129828,-0.0227669298569,0.0167782563052,0.0181661869697,0.00520951272208,0.00300000158941
2001-09,-0.0873842505164,-0.107172821311,0.023888850809,0.0404934101839,0.0756027097672,0.00285474799877
2001-10,0.020576085925,0.0299238650408,0.027145649916,-0.00127019970362,0.0231751197404,0.00236077133893
2001-11,0.0763855010873,0.0357212294205,-0.0301938239189,-0.0243764572882,-0.0514029599375,0.00190491487473
2001-12,0.0143712681819,0.013650040616,-0.0154161572083,-0.00112253765933,-0.0174933832133,0.00167612827692
2002-01,-0.00850216636089,-0.0461938312327,0.00519237362057,0.0205183976799,0.00552856065395,0.00151235664254
2002-02,-0.0181646560553,0.00918622909875,0.0143373047686,0.0496962807716,0.00383708968519,0.00143856319129
2002-03,0.0370852778414,0.0572520292179,-0.0331901338842,-0.0048730964467,-0.0485051152192,0.00150416032321
2002-04,-0.0442756620212,0.00440066746214,0.0294473787327,0.0293137454941,-0.00939779520785,0.00157790064828
2002-05,-0.0142593324467,0.0117682796675,0.00978434648218,0.0390181049293,0.0222052226776,0.00154513454332
2002-06,-0.0689144709404,-0.0426231435814,0.0205162736366,0.0212725364876,0.040212003747,0.00150416032321
2002-07,-0.083381072849,-0.0978955423229,0.0330082675623,-0.0245656641136,-0.00799254973158,0.00149596326594
2002-08,0.00766590081544,-0.0010460594923,0.0252194900085,-0.00967155032079,0.0245466972345,0.00147956693705
2002-09,-0.10102655006,-0.108691756686,0.0385093377931,0.0286211564494,0.0658173223827,0.00143036022556
2002-10,0.0749351636114,0.0571525871642,-0.0124886312651,-0.00808422635834,-0.0126522079071,0.00145496690576
2002-11,0.0600071658603,0.0476563652929,-0.0208711443294,0.00792898660601,-0.0281758334402,0.00143036022556
2002-12,-0.0506721479182,-0.034132360757,0.0354860456527,0.0402732942614,0.00817694717393,0.00115101866215
2003-01,-0.0276923775628,-0.0374269053082,-0.00764181816091,0.0751355748373,0.0435295298519,0.00110986661826
2003-02,-0.0153991991449,-0.0240937775595,0.0220341215879,0.0059155016407,0.0572127303655,0.00106869595821
2003-03,0.00759542137638,-0.0191367060187,-0.00379091923776,-0.0513134802351,-0.0225760452621,0.00105222247772
2003-04,0.0861578851201,0.0971909148612,0.00136542815546,-0.0363235941859,-0.0490518410361,0.00101926656801
2003-05,0.0583456971957,0.0616936955568,0.0378966577106,0.0838046194162,0.0313524509369,0.00102750666438
2003-06,0.0162178690675,0.0267579111096,-0.00691188138903,0.00188088831909,0.00643558349958,0.00101102572544
2003-07,0.0232665498714,0.0319361109952,-0.0547628383339,-0.014962733477,-0.0461595797837,0.000862562798021
2003-08,0.0239212854339,0.0252603594003,0.00147594885247,0.0249216568856,-0.0193744610551,0.000870817096359
2003-09,-0.0105437973026,0.0279485386818,0.0436035061592,0.0533037957795,0.0189861149829,0.000895575499456
2003-10,0.0605503768224,0.0651190575979,-0.0198673220583,-6.59726345511e-05,0.0352986412549,0.000895575499456
2003-11,0.0150223790887,0.0214846693082,0.000222859354278,0.0290034835849,0.0464925453018,0.000912077359674
2003-12,0.0400087646809,0.0782161701572,0.010784264399,0.0437100869431,0.0730167738455,0.000920327167655
2004-01,0.0261445425427,0.01612621764,0.0101565327427,0.016795551329,0.0351583781684,0.000912077359674
2004-02,0.0140489594677,0.0251325205307,0.0161377148406,-0.0215327655708,0.0349487292478,0.00087907064595
2004-03,-0.0102431136676,0.00468096191958,0.01296327357,0.00441861499019,0.0291434642349,0.000870817096359
2004-04,-0.0222057547279,-0.0312926046252,-0.043459931063,-0.00837786198536,-0.0410720369895,0.000870817096359
2004-05,0.014529374064,0.00477132990647,-0.00530011576461,-0.0483087834152,-0.0252150035361,0.000895575499456
2004-06,0.0203358734649,0.0241478675028,0.00655546137807,0.0223930960266,0.00320706166836,0.000994541801143
2004-07,-0.0355585428586,-0.0332076082613,0.0121278725909,0.0145728681637,-0.0119324714124,0.00120860028192
2004-08,0.000571930144222,0.00763251298662,0.0283061546515,0.00607650009671,-0.0198118108652,0.00129901214994
2004-09,0.0168317763938,0.0297758974842,0.00321685413007,0.0118973309031,0.010493743923,0.00138933430634
2004-10,0.0180520425565,0.0325134536471,0.00991593739233,0.0374782555055,0.0298353765409,0.00153694117433
2004-11,0.0474072629518,0.0724627365709,-0.0197621745076,0.04497650215,0.0658093309419,0.00168430913169
2004-12,0.0343479658178,0.0445774136092,0.0116515665968,0.00615419630156,0.0410006262762,0.00186410225443
2005-01,-0.024982339073,-0.016526642648,0.00869732057258,-0.0408275443982,-0.0115622512633,0.00201909302009
2005-02,0.0208640696937,0.0469615115829,-0.0136836278101,-0.00160366011839,0.0386385072388,0.00214940732837
2005-03,-0.018697944758,-0.0291521896722,-0.00403005750004,0.0248021731428,-0.0260319227511,0.0022795355035
2005-04,-0.0219968664598,-0.0205219951811,0.0251487771781,-0.0106419269333,-0.00203174800387,0.00244193481796
2005-05,0.0388383146161,0.000976870047726,0.0183892216616,-0.0171468642905,-0.031600022815,0.00253923567186
2005-06,0.00760930887878,0.0131084551456,0.00475306045443,0.0208214320423,0.0341184136164,0.00264452783879
2005-07,0.0438202568434,0.0369734774733,-0.0218519999531,-0.0143455232354,-0.00525010497695,0.00277395145141
2005-08,-0.0108501750086,0.0287073441793,0.0200023718072,0.0316882578408,0.00804081448538,0.00292740372
2005-09,0.00795611542548,0.0474282662673,-0.0175300892581,0.0413719087525,0.0176164069768,0.00308865389487
2005-10,-0.0234520162725,-0.033543873624,-0.0123586110007,0.0303696102165,-0.000552688382379,0.00316917217892
2005-11,0.0461819350931,0.026830433502,0.00623055650254,0.0144031257847,0.0109016083507,0.00337818763701
2005-12,0.000254891147044,0.0515567932298,0.0136874096345,0.070135063126,0.0398255123868,0.0035226105856
2006-01,0.0322367061829,0.0688336922404,-0.00703656178223,0.0779596821781,0.029284898107,0.00363478168988
2006-02,0.00221778149419,-0.00707727322903,-0.00103511070809,0.0093313983094,0.0146039999763,0.00372281948567
2006-03,0.0205543577918,0.0318859303273,-0.0135617237712,0.00378021423616,0.0146212780353,0.00385072302357
2006-04,0.00959101480708,0.0513827007876,-0.00627268452352,0.0961419368041,0.0565224678957,0.00397844755015
2006-05,-0.0322080510017,-0.0443017340765,-0.00103595439897,0.106017656509,0.0224940939499,0.00409802718036
2006-06,0.00133887515764,-0.00368681822168,0.00229823444354,-0.117336128743,-0.064754021044,0.00419357822338
2006-07,-0.00117036304174,0.011683437732,0.016759509775,0.063013193099,0.0251845867729,0.00435260805603
2006-08,0.0230343137987,0.0254424499811,0.0176561097295,-0.00176263590601,-0.00573438669555,0.00443995653809
2006-09,0.0228352969784,0.0026094636784,0.0120554862863,-0.0543904216455,-0.0199907577311,0.00437643865752
2006-10,0.0360762145397,0.0401752321672,0.00162739798281,-0.0207393686913,0.0402986221066,0.00434466313983
2006-11,0.0223447425835,0.037445584338,0.0169098637341,0.071779507665,0.046476083402,0.00433671753224
2006-12,0.0120665384213,0.0310165596111,-0.0127389678438,0.00312825029825,0.0175197447055,0.00432877123313
2007-01,0.0186458909577,0.00977672140055,-0.00786031651752,0.0021832639717,-0.000144614809408,0.00432877123313
2007-02,-0.0162210716683,0.000696543171786,0.0245518232647,0.0532015349369,0.0318429154061,0.00432877123313
2007-03,0.0112668882991,0.0281710303977,-0.00139012337278,-0.014817712055,-0.00526409462897,0.00432082424236
2007-04,0.0402227609145,0.0394071916439,0.00607710641554,0.037369349285,0.0765883550624,0.00431287655983
2007-05,0.037283375397,0.0310966933317,-0.0139253384807,-0.0177488489302,0.0201548813879,0.00432082424236
2007-06,-0.0176002857963,0.00623198452204,-0.00466114487971,-0.0174581528825,0.051984324332,0.00432082424236
2007-07,-0.0353223670985,-0.0104713300948,0.0225546478368,0.0148247567337,0.00489140956586,0.00433671753224
2007-08,0.0147280755169,-0.00699003336546,0.0226375026811,4.65899185427e-05,-0.0593327079895,0.00432877123313
2007-09,0.0384963303942,0.0639866158976,0.000903410263753,0.0709967223265,0.0534865601107,0.0044637643567
2007-10,0.0179490688852,0.059222711118,0.0107678794783,0.0588659558018,0.0371611493382,0.00443995653809
2007-11,-0.0451881922429,-0.0455279088355,0.0404366933707,0.0684385452502,-0.0149718626803,0.00413785227033
2007-12,-0.00693756473718,-0.022694714422,0.000468050733287,-0.00377675355474,0.0135626727982,0.0040502141257
2008-01,-0.0616355407427,-0.0853258347363,0.0335683100097,0.107559359216,0.0296501075364,0.00409006007694
2008-02,-0.0249589197786,0.00343343672481,0.0123728358336,0.0367616724465,0.0523829167823,0.00314502415752
2008-03,-0.00893083900132,-0.00698343088641,0.0133930363185,0.0500228776382,0.0391208350927,0.00251492019563
2008-04,0.0488721595815,0.0586680037105,-0.0241635947693,-0.0606432653129,-0.0370519555578,0.00229578846557
2008-05,0.0201801972174,0.0152778554758,-0.0177696031965,-0.0231305752964,-0.0067812812182,0.00234452996467
2008-06,-0.0811637318908,-0.0897462054655,0.0114504383718,0.000928360919719,0.0337475095357,0.00219009235174
2008-07,-0.00619575023033,-0.0365239094982,0.00718199346724,0.0565313978379,-0.00683599165718,0.00227140793516
2008-08,0.0145924494302,-0.0508268826974,0.0152585592036,-0.107203662165,-0.0336470168441,0.00229578846557
2008-09,-0.0923812362573,-0.130752611239,-0.00142075501881,-0.0108375793332,0.0151609014744,0.00229578846557
2008-10,-0.174779959072,-0.220746757867,-0.00864303452128,-0.0280890482594,0.137456038011,0.00294354157601
2008-11,-0.0801470454684,-0.0627815944036,0.0775413516847,-0.0567268354368,0.0400971873173,0.00353062738264
2008-12,0.0178074292596,0.0817171884824,0.051536146289,0.0725873120391,0.0100428548996,0.0019457092157
2009-01,-0.0804600447735,-0.119446458571,-0.0388566532169,0.0521975463551,-0.00469682284501,0.00146316765477
2009-02,-0.105227126933,-0.0956647762629,-0.00736683081789,0.0981844437457,0.00291353177558,0.000846051954532
2009-03,0.082680053698,0.093304983595,0.0330894028157,-0.0198589607635,-0.000972451966626,0.000961564991947
2009-04,0.10994273075,0.127981836665,-0.0274526442589,-0.0368646492973,-0.0368278580208,0.000887323446935
2009-05,0.0546545760783,0.143695048381,-0.0207651801412,0.0431869242867,-0.041962601353,0.000738658376515
2009-06,0.00365595345525,-0.013057410877,-0.00555296289111,0.018333162834,-0.0117770898908,0.000473763562882
2009-07,0.0773930600043,0.0997576634318,0.00832720035386,-0.012099358127,0.000678275836319,0.000324420505899
2009-08,0.0371362735725,0.0351639998759,0.00763997420816,0.016213386882,0.00312848998841,0.000291199828296
2009-09,0.041442375327,0.0516343832741,0.0112389297314,0.0497337722186,0.0152610113567,0.000249656907416
2009-10,-0.0262969643993,-0.0215378790651,-0.00139169419268,0.046727293343,0.0037278534667,0.000208094998643
2009-11,0.0569570330418,0.0387549678595,0.0201798929644,0.0804067261079,0.00929248836698,0.000199780336744
2009-12,0.0286259919269,0.015505725315,-0.0440137823078,0.00682143250083,-0.00560452743344,0.000174831788142
2010-01,-0.0356244934151,-0.0505479026129,0.0236766004228,-0.01477099277,-0.00682413450165,0.000183148731639
2010-02,0.0344366947906,0.00232706002248,0.00334551307137,-0.0201706138754,-0.00464888225999,0.000166514083821
2010-03,0.0639798098649,0.0672601481691,-0.0105717666037,0.0163627782398,0.00883350731858,0.000158195618531
2010-04,0.0218379535147,-0.016925944193,0.0165375354989,0.0317522906362,0.00414399238364,0.000191464914458
2010-05,-0.0788031963847,-0.107669752251,0.0293271465725,0.0494007075899,-0.0135966959871,0.000249656907416
2010-06,-0.058332778544,-0.0115497214028,0.0304603939658,0.0228017460931,-0.00884641718599,0.000374228778862
2010-07,0.0702320171098,0.103470738777,0.00910004200327,-0.0324059955228,-0.00302090360013,0.000432303973716
2010-08,-0.0470705881817,-0.0319933304645,0.0335697327024,0.0191489112012,0.018153191702,0.000341026294854
2010-09,0.0945247751089,0.104296164479,-1.12992116608e-05,0.0453746884793,0.00620876733162,0.000266276353299
2010-10,0.0402750086286,0.0356142032311,-7.70822783528e-05,0.055899516671,0.0156117927054,0.00023303442347
2010-11,0.00515063321792,-0.0450511981924,-0.0089985184659,0.0207611786376,-0.00551025182478,0.000224722041861
2010-12,0.0696088559802,0.0835692370527,-0.0342495697255,0.0150866568459,-0.00808643826384,0.000224722041861
2011-01,0.0205009941385,0.0132037532033,-0.000193972156522,-0.0216410305828,0.00479605178973,0.000249656907416
2011-02,0.0369871074593,0.0232816721977,-0.00205116252612,0.0104523470003,0.014512469906,0.000241346045274
2011-03,0.00419355699437,-0.00252172345941,-0.00155822570924,0.0353391334711,0.00227524728731,0.00023303442347
2011-04,0.0289742389206,0.0518937065114,0.0183988865877,0.0404915475739,0.0344278715828,0.00023303442347
2011-05,-0.0105779471474,-0.0300352590621,0.0250553546667,0.021399293668,-0.00804055983024,0.000191464914458
2011-06,-0.0179316241531,-0.0120654983168,-0.00505879423238,0.0110936281056,-0.00643054512838,0.000174831788142
2011-07,-0.0226292892143,-0.0174997634256,0.0317161234999,0.0283713448763,0.0196720030509,0.000183148731639
2011-08,-0.0608721643098,-0.0844579150224,0.0465040613057,0.118429502464,-0.000408230565617,0.000199780336744
2011-09,-0.0757319203856,-0.126523940493,0.0223533657197,0.00746442601236,0.00105107321542,0.000241346045274
2011-10,0.11368762601,0.102507589629,-0.0128967392826,-0.0596510433713,-0.0266066603838,0.00027458493733
2011-11,-0.00371041681464,-0.021111797808,0.00579499399978,0.0435481838421,0.0241134503531,0.000307811684099
2011-12,0.00978497375091,-0.0296772856914,0.0198894076903,-0.0569465209891,0.012083542501,0.000341026294854
2012-01,0.0507291571467,0.0733632962646,0.00862772280927,0.00858552290591,-0.0209711116608,0.000407419145376
2012-02,0.0422133172252,0.0456122157853,-0.0109936629316,0.0548774220852,-0.0372612240473,0.00033272377941
2012-03,0.0306436110336,-0.00547386453127,-0.0158927421524,-0.0394711202302,-0.00420699689968,0.000249656907416
2012-04,-0.00631552697164,-0.0206951319766,0.0250597862984,-0.0159610966914,0.000664902503158,0.000241346045274
2012-05,-0.0622269865423,-0.108246676892,0.0287180864931,-0.0364782925055,0.0195506586635,0.000241346045274
2012-06,0.0405554982492,0.0597655888964,-0.0041649498618,0.00611690077028,0.00489736827534,0.000241346045274
2012-07,0.00877808372059,0.00311551787751,0.0140407932039,-0.00279591683555,-0.00527359342475,0.000266276353299
2012-08,0.0270531039757,0.025998446216,-0.00115899701929,0.0225931292299,-0.0154179385802,0.000249656907416
2012-09,0.0249651995116,0.0341625250304,-0.00349399506894,0.0702320417589,-0.0382553752294,0.000216408900301
2012-10,-0.0180499024722,0.00818597370925,-0.0039794728967,0.00101443710203,0.00597046793942,0.000199780336744
2012-11,0.00777138100585,0.0206895813314,0.00978875526926,-0.0142793344708,0.00939570846212,0.000191464914458
2012-12,0.0129121622993,0.0488176804024,-0.00942487318057,-0.0214202736925,0.0168195178881,0.000191464914458
2013-01,0.0541827550065,0.0240659809382,-0.0129281249184,-0.00766528086047,0.000513434596768,0.000199780336744
2013-02,0.012829930587,-0.0113776121631,0.0113144385896,-0.0264843638255,-0.0235012249583,0.000191464914458
2013-03,0.0394895085231,0.00937567868833,0.00283904846342,-0.0211872973352,0.00487382986559,0.000183148731639
2013-04,0.0160742519092,0.0350526650741,0.0152418391863,-0.0660534994139,-0.00233461367999,0.000174831788142
2013-05,0.0244581235952,-0.0329663934696,-0.031064479156,-0.0496219076647,0.0160576701957,0.000166514083821
2013-06,-0.0142582758096,-0.0356382317639,-0.0254642527666,-0.0499827504672,-0.0514451286076,0.000166514083821
2013-07,0.0574684299385,0.0462095105213,-0.00352173761818,-0.0430523302386,0.0258366004563,0.000158195618531
2013-08,-0.0302856590605,-0.0194104717904,-0.0142007181998,0.0515171992623,0.00410662261842,0.000116591872446
2013-09,0.0390029956577,0.0750793830548,0.0184631828329,-0.00232427386618,0.0269512056713,9.99450421297e-05
2013-10,0.0426231317618,0.0367303319854,0.00777765515239,-0.0237431410351,0.00184248808966,9.16204838419e-05
2013-11,0.0270980316931,0.00138722143604,-0.00874005606297,-0.0309286180863,0.0261721552086,9.99450421297e-05
2013-12,0.0273316477466,0.0152128915414,-0.0208982175871,-0.0425972248037,0.0197447698439,9.99450421297e-05
2014-01,-0.0316744232394,-0.0539861984718,0.0306166801407,0.0186310875476,-0.00154441644192,0.000116591872446
2014-02,0.0487049979498,0.0559697272836,0.00357305495852,0.0444517668995,-0.0165851215539,9.99450421297e-05
2014-03,0.00509613831991,0.00491287423842,-0.00562344767544,0.0280859970144,-0.00858494733906,0.000108268838283
2014-04,0.000652608718597,0.0126747846423,0.00757462826966,-0.0281644811688,0.00778445631689,9.99450421297e-05
2014-05,0.0210311854791,0.0193482404712,0.0182217197116,-0.00747814702145,-0.00763074906097,9.99450421297e-05
2014-06,0.0262736701361,0.0189360395253,-0.00214475227503,-0.00748017443394,0.0159787636235,9.16204838419e-05
2014-07,-0.0199127000488,-0.0172658976713,-0.00221587808578,0.0246188726448,-0.0104978968848,9.16204838419e-05
2014-08,0.0415444073074,0.0116898783873,0.0188023491233,-0.0117962139189,0.0166432887687,0.000108268838283
2014-09,-0.0210140056971,-0.0500344457828,-0.0104772062132,-0.0452309806738,0.00610617535299,0.000108268838283
2014-10,0.0274836352247,-0.000719210406848,0.0153593882996,-0.0113703449112,0.034605591559,9.99450421297e-05
2014-11,0.024844025742,-0.00505550951174,0.0128839555692,-0.0385770026749,0.0452730787449,9.99450421297e-05
2014-12,-0.000387350330701,-0.0386917854182,0.00129965810137,0.0215173610816,0.0727682989232,0.000108268838283
2015-01,-0.027341728412,0.0027177847947,0.0430081248684,0.0417534273958,0.0893176921905,0.000124914144767
2015-02,0.0574623312595,0.0578087874511,-0.0247031736716,-0.0189246452129,-0.033395261393,0.00013323565539
2015-03,-0.0115347002153,-0.0148424994092,0.00856577792095,-0.0394839782247,0.0425086984384,0.000124914144767
2015-04,0.00615416415416,0.0481322957872,-0.00633435475643,0.0172233864741,-0.0476498344037,0.000116591872446
2015-05,0.0130104078663,-0.00904640328378,-0.00414497476103,-0.000250223115611,-0.0605304786415,0.000108268838283
2015-06,-0.0167031344169,-0.0272510534443,-0.0163031689685,-0.014291315919,-0.0259984011804,0.000124914144767
2015-07,0.0170291031817,-0.00550328016566,0.0152102904798,-0.0450190435887,0.0246077132547,0.000149876392126
2015-08,-0.060884592531,-0.0742865274682,0.000796358609153,-0.00919959940087,0.0418066107565,0.000158195618531
2015-09,-0.0291900106115,-0.0384817034659,0.0158136353819,0.00611845106581,0.0246105155027,0.000216408900301
2015-10,0.0791301628538,0.062548613868,-0.00634221088933,0.0306551561653,-0.0368975826354,0.000224722041861
2015-11,0.00604874774724,-0.0131405327769,-0.00426943796795,-0.062807849903,0.0515086363589,0.000208094998643
2015-12,-0.0212434089313,-0.0217095819688,-0.00453321942742,-0.00984868009278,0.00296422957954,0.000249656907416
2016-01,-0.0572142168234,-0.0544995515691,0.0333356501481,0.0206090691059,0.0514258155648,0.000448890077372
2016-02,-9.23972998003e-05,-0.0245879313315,0.0148469559037,0.0925303531255,-0.0312724337303,0.000473763562882
2016-03,0.0711312379516,0.0833489907906,-0.000620204432371,0.0380491871613,-0.0892171730118,0.000448890077372
2016-04,0.00661342346883,0.0216184786902,-0.00156033187315,-0.00231299291646,-0.00519048982035,0.000457181995061
2016-05,0.0173709396744,-0.00976916757226,-0.000983166280347,0.0150451596284,-0.00857226019792,0.000457181995061
2016-06,0.0027460058428,-0.00893049365333,0.0308350746838,0.0122526666402,0.0267312196332,0.000473763562882
2016-07,0.0397898489741,0.0452443075023,0.00244529001921,0.0472109056722,0.00562516837666,0.000457181995061
2016-08,0.00209133698058,0.00454645079355,-0.0101325068329,0.00262594825909,-0.00318699597921,0.000515204261739
2016-09,0.00207113592084,0.0169970160488,0.00237602350659,-0.0101181193431,0.00767187885443,0.000606307393942
2016-10,-0.0218932774794,-0.0190438591659,-0.0149416127812,-0.0452732905677,0.000770817807683,0.000622861801127
2016-11,0.0449338046884,-0.0200331518537,-0.0422703838367,-0.0222652086376,-0.0140584506113,0.000598029060451
2016-12,0.0198650789077,0.0196805495982,-0.00117400150216,-0.0654015423749,-0.0106893784861,0.000589749973503
2017-01,0.0185939738381,0.0408078362107,0.00220380193848,0.0300165894795,-0.0274129217874,0.000722125030048
2017-02,0.0369590467062,0.0134335118708,0.00724126537227,0.035315829209,0.0026651502616,0.000746923923139
2017-03,0.000580933296481,0.0299948831401,0.000819654241012,-0.00225247123643,0.00303105522342,0.000722125030048
2017-04,0.0106723296744,0.0205666027765,0.0110562381849,0.0287960241023,-0.00854798769548,0.000813021276327
2017-05,0.0101339857931,0.0296329808283,0.00827502738469,-0.016449861076,0.0104919277516,0.000854307750792
2017-06,0.00949247753665,0.00635451686926,-0.00510198973943,0.0114121537029,0.00490972216325,0.000870817096359
2017-07,0.0188147489,0.03370144119,0.00376670544819,-0.0185834669037,0.0224400696225,0.000961564991947
2017-08,0.00151649177257,0.00544399590727,0.0145825219421,0.0373532550694,0.000729776709122,0.00101102572544
2017-09,0.0244188104847,0.0188819263536,-0.0144194916803,0.0241847487218,0.00187193107362,0.0010357460147
2017-10,0.0217202080081,0.0203285377485,-0.00188142735901,-0.0262999687992,0.00166803048018,0.0010357460147
2017-11,0.0303063394511,0.00629546119859,-0.00278170161857,0.00186790255645,0.00730671409849,0.0010439846191
2017-12,0.0116351124496,0.0207664253127,0.00186280649793,-0.0136126062875,0.0195596505794,0.00109340058917
2018-01,0.0523372401735,0.0572532646409,-0.021513887347,0.0528688362529,0.0482832436062,0.00127436327261
2018-02,-0.0375580002614,-0.0523997933815,-0.00932996547692,-0.000428152933223,-0.0539459930352,0.00134828989009
2018-03,-0.0195141430225,-0.0038030889819,0.0115441800547,-0.0045614061455,-0.0178667199134,0.00147136766516
2018-04,0.00453425090451,0.00464386411465,-0.0127623067654,0.00762459801006,-0.00432594773192,0.00171702520328
2018-05,0.0272465500275,-0.0163147946144,0.00986112834065,-0.0234574005814,-0.0155143972322,0.0018151029572
2018-06,0.0070694398347,-0.0213099241206,0.00198952581527,-0.0167862211822,-0.0252584750213,0.00178242210722
2018-07,0.0332089317337,0.0255815063401,-0.00528473436379,-0.0342236475573,-0.0129473710828,0.00180693384407
2018-08,0.0343406573807,-0.0239379777822,0.0101406068228,-0.0290859732894,0.00813238937917,0.00179059341922
2018-09,0.0019860382746,0.00216787049283,-0.012047558032,-0.00276272977673,-0.00452616685962,0.00180693384407
2018-10,-0.0740638623391,-0.0855071250304,-0.0030397783327,0.0141856991464,0.00851701421438,0.00184777208425
2018-11,0.0201662905537,0.0168517911186,0.0132929937123,0.00432782892734,0.00601420818219,0.00195386589188
2018-12,-0.0916170008103,-0.0493186893322,0.0280225500024,0.0243722606808,-0.00331918264021,0.00210870412796
2019-01,0.0854185782647,0.0767057208013,0.0065040520796,0.0330694177863,-0.0348514889015,0.00221449464783
2019-02,0.0355950120276,0.0163845284275,-0.0052431427909,0.021923746855,-0.00689937753715,0.00213312823041
2019-03,0.0141930676342,0.00769610502443,0.0265744019041,-0.0145219571689,0.0191137475818,0.00205168907759
2019-04,0.0392583011815,0.0277607715278,-0.00517402687401,-0.0115227919133,-0.00197459852377,0.00204354115663
2019-05,-0.0644760812218,-0.0541502681974,0.0304722819187,-0.00171862727563,0.0296092710103,0.00203539250682
2019-06,0.0708171918405,0.0577950616405,0.012172796495,0.0586897250136,0.0227096000522,0.00201094218291
2019-07,0.0141389446545,-0.0198635898243,0.000399214539256,0.0396235578055,0.0142635869115,0.00189675381357
2019-08,-0.0207965062545,-0.0216273028918,0.039491418499,0.0619439588361,0.0574876558949,0.00183143898554
2019-09,0.0178103766651,0.0273408925609,-0.0118545536084,0.0067781473064,-0.0120638494607,0.00170066863671
2019-10,0.0210926025408,0.0343103706956,0.00187338001492,-0.0104396986588,-0.0495276695897,0.00167612827692
2019-11,0.0379048661575,0.00996029455872,-0.00686891507007,-0.0160689318375,-0.0160405467574,0.00155332717507
2019-12,0.0280649571256,0.0438049420572,-0.0092714173148,0.0056704220181,-0.0283451895518,0.00146316765477
2020-01,-0.000564481254212,-0.0338820706023,0.0346381406733,0.0551270003313,0.0106361246283,0.00145496690576
2020-02,-0.0799628124073,-0.0659457617679,0.029618441672,0.0233425387814,0.00637452535636,0.00136470987735
2020-03,-0.139098508169,-0.162501933643,0.0372115531873,-0.00323711727506,-0.110153169661,0.0013154410275
2020-04,0.131352871459,0.076070007083,0.00277612049646,0.0573140778803,0.00608645107055,0.00178242210722
2020-05,0.0539862395045,0.0500998052817,0.00327605110991,0.0194513923133,-0.0445824075145,0.00178242210722
2020-06,0.0229460370722,0.0424088651868,0.000442865054112,0.00950516052707,-0.0557734320391,0.000141556404461
2020-07,0.0574493490873,0.041511503629,0.00854160728441,0.0659789172276,-0.00131160727074,0.000166514083821
2020-08,0.0710871629951,0.0443464914479,-0.0097004255021,0.0661355746787,0.0188141309717,0.000149876392126
2020-09,-0.0354153180609,-0.018122863603,0.00330115466442,-0.0237271605126,-0.0287226788524,0.000124914144767
2020-10,-0.0194639334451,-0.0229721560039,-0.0138185355961,-0.0112647768898,0.00136340596568,0.000108268838283
2020-11,0.118059858255,0.126183371145,0.00338713833628,-0.0178764070369,0.0247398009865,9.99450421297e-05
2020-12,0.0467852477429,0.0586040095886,-0.0023917828209,-0.00422225794352,0.0493814101531,0.00013323565539
2021-01,-0.0032933997383,0.00255110874101,-0.0109306410571,0.00460606321499,0.0259508335109,0.000141556404461
2021-02,0.0314080922615,0.023092331782,-0.0236707926275,-0.0315000696312,0.0171410314681,0.000116591872446
2021-03,0.0364738554638,0.0187582876904,-0.023842646519,-0.0497408982562,-0.0118454898076,9.16204838419e-05
2021-04,0.0503826066283,0.0278267572015,0.0100136968426,0.0243331800748,0.021562785002,8.32951632732e-05
2021-05,0.00458801605809,0.0307690691942,0.00424989375814,0.0512601986318,0.0580688218929,9.16204838419e-05
2021-06,0.024818178716,-0.00334360759751,0.0102383369482,-0.00847988931285,-0.0404286391905,8.32951632732e-05
2021-07,0.0174057926219,-0.0112471174088,0.0199156764054,-0.0145701717569,-0.0141748905183,7.49690802775e-05
2021-08,0.0286186130961,0.0146687346059,-0.00393344193473,-0.0124789804407,0.00798681530135,8.32951632732e-05
2021-09,-0.0446289039225,-0.0345039874245,-0.0159749573548,-0.00567978132282,0.0280531171877,8.32951632732e-05
2021-10,0.0668861850265,0.0288056532133,-0.00442962036557,0.000963304302759,0.0161464637616,8.32951632732e-05
2021-11,-0.0145955416618,-0.0425203640688,0.0109262089364,0.0252750654248,-0.0213147376959,9.16204838419e-05
2021-12,0.0379104995248,0.0358946878656,-0.00525660180491,-0.0171976550149,-0.0205074328898,0.000116591872446
2022-01,-0.0605785677531,-0.0282859555932,-0.0211250941959,0.0142926559542,0.00485537544605,0.000141556404461
2022-02,-0.0248495719748,-0.0284580600477,-0.0030499866637,0.0221803724629,-0.00378638085232,0.000183148731639
2022-03,0.0326705760536,-0.00279701399986,-0.0406250129244,0.0493077627539,0.0691214469093,0.000316116474177
2022-04,-0.0912923810232,-0.064898706872,-0.0422771303994,-0.00563190832876,0.0862055919615,0.000606307393942
2022-05,-0.00248734867228,0.0152478719093,0.00619808817011,-0.0456202306827,-0.0098717286322,0.00075518871888
2022-06,-0.0823497548692,-0.0795433943822,-0.00863655237732,-0.00645388152556,0.046006096954,0.00110163397611
2022-07,0.0934709483856,0.03646959743,0.0296066095254,-0.056534735948,-0.0247902825889,0.00154513454332
2022-08,-0.0372688457667,-0.0448246190808,-0.0385514972061,0.0183639784388,0.00448069349402,0.00205983626984
2022-09,-0.0922022791125,-0.0990173049736,-0.0473402687348,-0.0474792582854,0.0926644773033,0.00227140793516
2022-10,0.0811819651864,0.0340875105181,-0.0145565044826,-0.00971572722189,0.00613523456741,0.00263643275829
2022-11,0.0517477460703,0.130397335108,0.0361019445967,0.0364204391841,-0.0798313592071,0.00315307420847
2022-12,-0.0584729579922,-0.0213939663169,-0.0149105169131,0.04201568632,-0.0169913482131,0.00364278863694
2023-01,0.0692577831498,0.0868384583865,0.0358182770816,0.0557202859448,-0.00186754316689,0.00368281283577
2023-02,-0.0239997018441,-0.0426756322548,-0.0327447815216,-0.022748470525,-0.00551390678107,0.00376280860269
2023-03,0.0270876113601,0.0284099976799,0.0372210645068,0.0313770530698,-0.00262602744381,0.00386669836833
2023-04,0.0107993335813,0.0188664537796,0.0081507877544,0.0455056385376,0.0054113141326,0.00400237601239
2023-05,0.00429838906379,-0.0349646839017,-0.014362400623,-0.00382043935053,0.00335434680814,0.00409802718036
2023-06,0.0673509065042,0.0445516499406,-0.0125612776274,-0.0247122426749,0.0056922269359,0.00419357822338
2023-07,0.0366535647381,0.0388952706211,-0.00650976100668,0.00417931957383,0.0134779166777,0.00424927018062
2023-08,-0.0192809557486,-0.043899327149,-0.00730695757035,-0.0165656938422,-0.00441382256455,0.00435260805603
2023-09,-0.0479068869227,-0.0339590608921,-0.0313876446119,-0.00143326210455,0.000762100529995,0.00442408120978
2023-10,-0.0264420958164,-0.0335869426868,-0.0192486081674,0.000156580286542,0.0273984175372,0.0044637643567
2023-11,0.0941867741437,0.0824041026826,0.0455308711745,0.0354129158513,-0.0163541283659,0.00443995653809
2023-12,0.0529314253515,0.050908016074,0.0376799446494,0.0212034615016,-0.0229673650989,0.00440026304097
2024-01,0.011209214244,-0.0170474940633,0.000713383100184,0.00387922099715,-0.00235637625571,0.00432877123313
2024-02,0.0530268008366,0.0291947255647,-0.020835923205,-0.00530963009577,0.0284253344116,0.00428107890945
2024-03,0.0326599155902,0.0323954665881,0.00733783624678,0.0666109804077,0.0175365989603,0.00424927018062
2024-04,-0.0434175534769,-0.0231637190397,-0.0312625464139,0.080370341194,0.0122490030198,0.0043049281854
2024-05,0.0475987452241,0.0402942100104,0.0180257199057,0.00844109888696,-0.0019233698184,0.00433671753224
2024-06,0.0308254572422,-0.00785892528951,0.0121490776082,-0.0105013334014,0.00144822554718,0.00433671753224
2024-07,0.018928114591,0.0262342403907,0.0290048942868,0.0308454118739,0.00223588198209,0.00429697911894
2024-08,0.0213494325184,0.0241264569227,0.0134451481933,0.0300016679176,-0.00717045384512,0.00432082424236
2024-09,0.0203403274745,0.0260781903389,0.0138127723342,0.040645304941,0.0203414415646,0.00416969983735
2024-10,-0.00748937373183,-0.0445925303686,-0.0338889996038,0.0464997763125,-0.0234464984886,0.00396249175611
2024-11,0.0670373962167,-0.00222080191296,0.0102250601743,-0.0144791232974,-0.0155628260578,0.00377080432357
2024-12,-0.0304091918962,-0.0287080775793,-0.0225771084522,-0.00117685666112,0.0133287664698,0.0036988176007
2025-01,0.0303514827911,0.0338067201028,0.00618912368249,0.0232929633952,-0.00492782964927,0.00364278863694
2025-02,-0.0188635189024,0.018576081683,0.0279968021896,0.068288254376,0.000282172839035,0.00353864347527
2025-03,-0.0585032957838,0.00386007755404,0.00339342252135,0.0305797086429,0.000137612780358,0.00354665886361
2025-04,-0.00731802201143,0.0283931307216,0.0105455188927,0.0785686751027,-0.0153817657152,0.00350657487777
2025-05,0.0625493737586,0.0482718414717,-0.0123845117238,0.0285457664624,0.0281623004425,0.00353062738264
2025-06,0.0516569837274,0.0396740065436,0.0160437037642,0.0130443059202,-0.000887015379661,0.00350657487777
2025-07,0.0229111179258,-0.00892504911578,-0.00592899931488,-0.00373136554258,-0.0206927073936,0.0035226105856
2025-08,0.0235317075041,0.0423867339112,0.0164357984446,0.00834693052707,0.0239432873557,0.00349855596672
2025-09,0.034222906288,0.0344130375585,0.00650714626817,0.0889689224858,0.0125384143225,0.00345042769242
2025-10,0.0221291298949,0.0159886269825,0.0071030211498,0.106511473193,0.0248987758504,0.00335409489945
2025-11,0.00268099728703,0.00417870224426,0.00988505552927,0.0071112994754,0.0146468702484,0.00325766026008
2025-12,-0.000236733452388,0.0251113037317,-0.00761834798507,0.0543258326625,0.052390188853,0.0031611235489
