mode,year,available_months,available,trend_real,cash_real
Baseline,1927,12,1,0.28322239232184754,0.06069651650102048
Baseline,1928,12,1,0.3149103497438095,0.05045226040342521
Baseline,1929,12,1,0.18436013783385907,0.03785806464463959
Baseline,1930,12,1,0.1811042031529988,0.10740235214556271
Baseline,1931,12,1,0.36165741648592786,0.15094084355712933
Baseline,1932,12,1,0.1490383951668619,0.16025907588768828
Baseline,1933,12,1,-0.10747843008538382,0.030170519994877854
Baseline,1934,12,1,-0.027274965290019715,0.008767156750223437
Baseline,1935,12,1,0.020854451310354793,-0.0020322077192309607
Baseline,1936,12,1,0.29001360019025935,0.012372876775614161
Baseline,1937,12,1,-0.07663696365799322,-0.011132956950033579
Baseline,1938,12,1,0.1321623570221344,0.047570894586841384
Baseline,1939,12,1,-0.10419371637956332,0.022205827566040615
Baseline,1940,12,1,-0.0031794123844144373,0.0059249679692383594
Baseline,1941,12,1,-0.09894341898129877,-0.07583315048804296
Baseline,1942,12,1,-0.061597555605009124,-0.07087970183543024
Baseline,1943,12,1,0.19418193661461003,-0.019568422192413393
Baseline,1944,12,1,0.06274520915405524,-0.011389603351630306
Baseline,1945,12,1,0.172036210864986,-0.013237632217602213
Baseline,1946,12,1,0.29615939896850496,-0.1458067950930625
Baseline,1947,12,1,-0.012065185610086182,-0.07460156340503099
Baseline,1948,12,1,-0.059563425827711014,-0.016410018909050028
Baseline,1949,12,1,0.2032899026964492,0.031435476496074255
Baseline,1950,12,1,0.0679381684408189,-0.044909057796571394
Baseline,1951,12,1,-0.06751969296149529,-0.044855439335450886
Baseline,1952,12,1,-0.03929735250651578,0.003226921042449371
Baseline,1953,12,1,-0.06709840655869648,0.006703548557218442
Baseline,1954,12,1,0.5039946688695809,0.018564239040369523
Baseline,1955,12,1,0.41395598460871863,0.011922977581826144
Baseline,1956,12,1,-0.034881443424618186,-0.012271588679896195
Baseline,1957,12,1,-0.16541512075560894,-0.011143687996010843
Baseline,1958,12,1,0.0673738950869851,0.006882515564111014
Baseline,1959,12,1,0.19442288690188403,0.010506777644549326
Baseline,1960,12,1,0.006095652299496379,0.012803101551821738
Baseline,1961,12,1,0.009750096498324146,0.023604783271376606
Baseline,1962,12,1,-0.14861861625560568,0.01825126995188109
Baseline,1963,12,1,0.06849009226542724,0.01837742808505438
Baseline,1964,12,1,0.26568996660356814,0.027000180476569158
Baseline,1965,12,1,0.14279714882999195,0.03155536016230376
Baseline,1966,12,1,0.06181477170247307,0.010884962315295343
Baseline,1967,12,1,0.08408810664841293,0.01912916025527034
Baseline,1968,12,1,-0.039062503615898025,0.011003722479790534
Baseline,1969,12,1,0.18284350294316165,0.01323387456286551
Baseline,1970,12,1,-0.037156639789457824,0.020938455464238448
Baseline,1971,12,1,-0.10860629021502066,0.017643971771362565
Baseline,1972,12,1,0.12357925112945889,0.01154035341542925
Baseline,1973,12,1,0.47048225726555226,-0.005739170208360234
Baseline,1974,12,1,0.23160267393436462,-0.018682411153460032
Baseline,1975,12,1,-0.1250580698610514,-0.002214119066057396
Baseline,1976,12,1,0.14080474737001358,0.0049242743921680265
Baseline,1977,12,1,0.23977638282840674,-0.011551278487003214
Baseline,1978,12,1,0.2612644898021552,-0.010424790546951224
Baseline,1979,12,1,0.35407094676217876,-0.02032579690849734
Baseline,1980,12,1,0.17015424978040694,0.000695567814542164
Baseline,1981,12,1,0.10246829499632781,0.06875376114405274
Baseline,1982,12,1,0.21673766995502874,0.08419578734237465
Baseline,1983,12,1,0.11221214444719374,0.04999397713684739
Baseline,1984,12,1,0.06643678355592497,0.06256920408590982
Baseline,1985,12,1,0.2770171747217973,0.041566294338919674
Baseline,1986,12,1,0.23514066358487162,0.05503815580608573
Baseline,1987,12,1,0.15098216061483472,0.0219249880214456
Baseline,1988,12,1,0.11007648885826837,0.030389429819428715
Baseline,1989,12,1,0.04972844120648312,0.04313487985098852
Baseline,1990,12,1,0.03951688984299073,0.019629465469601426
Baseline,1991,12,1,0.020246474628304867,0.0295655869605842
Baseline,1992,12,1,-0.02377481277695137,0.008383806062487231
Baseline,1993,12,1,0.17435809801796287,0.004321478172269577
Baseline,1994,12,1,0.016441082587321354,0.016542435122898214
Baseline,1995,12,1,0.20930519381885815,0.033488873052366586
Baseline,1996,12,1,0.17842269255174048,0.020154971252071885
Baseline,1997,12,1,0.2368451934842961,0.038183713171633826
Baseline,1998,12,1,0.27558760309106956,0.0384762766424287
Baseline,1999,12,1,0.026792206117489448,0.025016298269186832
Baseline,2000,12,1,0.02697686643266728,0.02935847551351123
Baseline,2001,12,1,0.12134768822348274,0.024736810195639336
Baseline,2002,12,1,0.051441589780770736,-0.00596150761007852
Baseline,2003,12,1,0.17341272961066845,-0.006956332666097742
Baseline,2004,12,1,0.13437620936365802,-0.017486342515833142
Baseline,2005,12,1,0.04936787582518343,-0.0006986459582450921
Baseline,2006,12,1,0.17039803325402336,0.024767261591463807
Baseline,2007,12,1,0.19141738883091008,0.011644528236934182
Baseline,2008,12,1,0.3125073522027215,0.03138761247384991
Baseline,2009,12,1,-0.08038349128615796,-0.019834602641820354
Baseline,2010,12,1,-0.0014074158473136311,-0.011732246102603261
Baseline,2011,12,1,0.054483250434825825,-0.025979726392153846
Baseline,2012,12,1,-0.06701058318948794,-0.014131120381582707
Baseline,2013,12,1,0.0467175125214343,-0.01307117198017016
Baseline,2014,12,1,0.16972693009503614,-0.006284064445272408
Baseline,2015,12,1,0.07063764334368083,-0.00531491867575451
Baseline,2016,12,1,-0.07990350758418241,-0.014283553872012966
Baseline,2017,12,1,0.03133494521423952,-0.00991627081888169
Baseline,2018,12,1,-0.07010684732452044,0.0017853235335945072
Baseline,2019,12,1,-0.01772677927506272,-5.033643403207222e-06
Baseline,2020,12,1,-0.12346631035638922,-0.00489791713896115
Baseline,2021,12,1,0.009172480545078354,-0.0646718177027612
Baseline,2022,12,1,0.11711662013443802,-0.04319532740699539
Baseline,2023,12,1,-0.01921566630994853,0.017003513512843016
Baseline,2024,12,1,0.028486233764467128,0.02171369326854866
Baseline,2025,12,1,0.10461767257818133,0.015139307087717269
Gold restriction,1927,12,1,0.28322239232184754,0.06069651650102048
Gold restriction,1928,12,1,0.3149103497438095,0.05045226040342521
Gold restriction,1929,12,1,0.18436013783385907,0.03785806464463959
Gold restriction,1930,12,1,0.1811042031529988,0.10740235214556271
Gold restriction,1931,12,1,0.36165741648592786,0.15094084355712933
Gold restriction,1932,12,1,0.1490383951668619,0.16025907588768828
Gold restriction,1933,12,1,-0.10747843008538382,0.030170519994877854
Gold restriction,1934,12,1,-0.026528060962290434,0.008767156750223437
Gold restriction,1935,12,1,0.012113953984224324,-0.0020322077192309607
Gold restriction,1936,12,1,0.3088409352701127,0.012372876775614161
Gold restriction,1937,12,1,-0.07625863849000514,-0.011132956950033579
Gold restriction,1938,12,1,0.12694889654141361,0.047570894586841384
Gold restriction,1939,12,1,-0.09730141345286403,0.022205827566040615
Gold restriction,1940,12,1,-0.0033851897044071544,0.0059249679692383594
Gold restriction,1941,12,1,-0.09898647270582861,-0.07583315048804296
Gold restriction,1942,12,1,-0.061725069400609844,-0.07087970183543024
Gold restriction,1943,12,1,0.19418166394206327,-0.019568422192413393
Gold restriction,1944,12,1,0.06274520915405524,-0.011389603351630306
Gold restriction,1945,12,1,0.172036210864986,-0.013237632217602213
Gold restriction,1946,12,1,0.29615939896850496,-0.1458067950930625
Gold restriction,1947,12,1,-0.012065185610086182,-0.07460156340503099
Gold restriction,1948,12,1,-0.059563425827711014,-0.016410018909050028
Gold restriction,1949,12,1,0.2032899026964492,0.031435476496074255
Gold restriction,1950,12,1,0.0679381684408189,-0.044909057796571394
Gold restriction,1951,12,1,-0.06751969296149529,-0.044855439335450886
Gold restriction,1952,12,1,-0.03929735250651578,0.003226921042449371
Gold restriction,1953,12,1,-0.06709840655869648,0.006703548557218442
Gold restriction,1954,12,1,0.5039946688695809,0.018564239040369523
Gold restriction,1955,12,1,0.41395598460871863,0.011922977581826144
Gold restriction,1956,12,1,-0.034881443424618186,-0.012271588679896195
Gold restriction,1957,12,1,-0.16541512075560894,-0.011143687996010843
Gold restriction,1958,12,1,0.0673738950869851,0.006882515564111014
Gold restriction,1959,12,1,0.19442288690188403,0.010506777644549326
Gold restriction,1960,12,1,0.006095652299496379,0.012803101551821738
Gold restriction,1961,12,1,-0.0035837849319169113,0.023604783271376606
Gold restriction,1962,12,1,-0.15075322974660887,0.01825126995188109
Gold restriction,1963,12,1,0.06327668178773149,0.01837742808505438
Gold restriction,1964,12,1,0.24923786821844418,0.027000180476569158
Gold restriction,1965,12,1,0.1461425183607381,0.03155536016230376
Gold restriction,1966,12,1,0.06225561511169064,0.010884962315295343
Gold restriction,1967,12,1,0.08487538987527277,0.01912916025527034
Gold restriction,1968,12,1,-0.06757695824007692,0.011003722479790534
Gold restriction,1969,12,1,0.1865113966572871,0.01323387456286551
Gold restriction,1970,12,1,-0.036284729492177537,0.020938455464238448
Gold restriction,1971,12,1,-0.1369651676045065,0.017643971771362565
Gold restriction,1972,12,1,0.05817752559944922,0.01154035341542925
Gold restriction,1973,12,1,0.45602020840743873,-0.005739170208360234
Gold restriction,1974,12,1,0.22923616703080318,-0.018682411153460032
Gold restriction,1975,12,1,-0.12465157209845101,-0.002214119066057396
Gold restriction,1976,12,1,0.14066687029695113,0.0049242743921680265
Gold restriction,1977,12,1,0.23891429948296783,-0.011551278487003214
Gold restriction,1978,12,1,0.2608896785915138,-0.010424790546951224
Gold restriction,1979,12,1,0.35344951011166637,-0.02032579690849734
Gold restriction,1980,12,1,0.17014128984442412,0.000695567814542164
Gold restriction,1981,12,1,0.10246829499632781,0.06875376114405274
Gold restriction,1982,12,1,0.21673766995502874,0.08419578734237465
Gold restriction,1983,12,1,0.11221214444719374,0.04999397713684739
Gold restriction,1984,12,1,0.06643678355592497,0.06256920408590982
Gold restriction,1985,12,1,0.2770171747217973,0.041566294338919674
Gold restriction,1986,12,1,0.23514066358487162,0.05503815580608573
Gold restriction,1987,12,1,0.15098216061483472,0.0219249880214456
Gold restriction,1988,12,1,0.11007648885826837,0.030389429819428715
Gold restriction,1989,12,1,0.04972844120648312,0.04313487985098852
Gold restriction,1990,12,1,0.03951688984299073,0.019629465469601426
Gold restriction,1991,12,1,0.020246474628304867,0.0295655869605842
Gold restriction,1992,12,1,-0.02377481277695137,0.008383806062487231
Gold restriction,1993,12,1,0.17435809801796287,0.004321478172269577
Gold restriction,1994,12,1,0.016441082587321354,0.016542435122898214
Gold restriction,1995,12,1,0.20930519381885815,0.033488873052366586
Gold restriction,1996,12,1,0.17842269255174048,0.020154971252071885
Gold restriction,1997,12,1,0.2368451934842961,0.038183713171633826
Gold restriction,1998,12,1,0.27558760309106956,0.0384762766424287
Gold restriction,1999,12,1,0.026792206117489448,0.025016298269186832
Gold restriction,2000,12,1,0.02697686643266728,0.02935847551351123
Gold restriction,2001,12,1,0.12134768822348274,0.024736810195639336
Gold restriction,2002,12,1,0.051441589780770736,-0.00596150761007852
Gold restriction,2003,12,1,0.17341272961066845,-0.006956332666097742
Gold restriction,2004,12,1,0.13437620936365802,-0.017486342515833142
Gold restriction,2005,12,1,0.04936787582518343,-0.0006986459582450921
Gold restriction,2006,12,1,0.17039803325402336,0.024767261591463807
Gold restriction,2007,12,1,0.19141738883091008,0.011644528236934182
Gold restriction,2008,12,1,0.3125073522027215,0.03138761247384991
Gold restriction,2009,12,1,-0.08038349128615796,-0.019834602641820354
Gold restriction,2010,12,1,-0.0014074158473136311,-0.011732246102603261
Gold restriction,2011,12,1,0.054483250434825825,-0.025979726392153846
Gold restriction,2012,12,1,-0.06701058318948794,-0.014131120381582707
Gold restriction,2013,12,1,0.0467175125214343,-0.01307117198017016
Gold restriction,2014,12,1,0.16972693009503614,-0.006284064445272408
Gold restriction,2015,12,1,0.07063764334368083,-0.00531491867575451
Gold restriction,2016,12,1,-0.07990350758418241,-0.014283553872012966
Gold restriction,2017,12,1,0.03133494521423952,-0.00991627081888169
Gold restriction,2018,12,1,-0.07010684732452044,0.0017853235335945072
Gold restriction,2019,12,1,-0.01772677927506272,-5.033643403207222e-06
Gold restriction,2020,12,1,-0.12346631035638922,-0.00489791713896115
Gold restriction,2021,12,1,0.009172480545078354,-0.0646718177027612
Gold restriction,2022,12,1,0.11711662013443802,-0.04319532740699539
Gold restriction,2023,12,1,-0.01921566630994853,0.017003513512843016
Gold restriction,2024,12,1,0.028486233764467128,0.02171369326854866
Gold restriction,2025,12,1,0.10461767257818133,0.015139307087717269
MF restriction,1927,12,1,-0.12431595569536713,0.06069651650102048
MF restriction,1928,12,1,0.16427735009152378,0.05045226040342521
MF restriction,1929,12,1,0.15794458890336927,0.03785806464463959
MF restriction,1930,12,1,0.2204193913132142,0.10740235214556271
MF restriction,1931,12,1,0.2248696618482129,0.15094084355712933
MF restriction,1932,12,1,0.22040586130195083,0.16025907588768828
MF restriction,1933,12,1,-0.06022563044152052,0.030170519994877854
MF restriction,1934,12,1,0.027324655202125125,0.008767156750223437
MF restriction,1935,12,1,-0.07064668477805391,-0.0020322077192309607
MF restriction,1936,12,1,0.10894639707417575,0.012372876775614161
MF restriction,1937,12,1,0.28385287021615935,-0.011132956950033579
MF restriction,1938,12,1,0.14004863672568835,0.047570894586841384
MF restriction,1939,12,1,-0.18114725796804443,0.022205827566040615
MF restriction,1940,12,1,-0.047572343155056096,0.0059249679692383594
MF restriction,1941,12,1,-0.028011372935317747,-0.07583315048804296
MF restriction,1942,12,1,-0.053939265810314385,-0.07087970183543024
MF restriction,1943,12,1,0.20416157366537369,-0.019568422192413393
MF restriction,1944,12,1,-0.1255432357364188,-0.011389603351630306
MF restriction,1945,12,1,-0.01773177217261479,-0.013237632217602213
MF restriction,1946,12,1,0.7942065011366062,-0.1458067950930625
MF restriction,1947,12,1,0.11703211693988158,-0.07460156340503099
MF restriction,1948,12,1,0.052748539242325476,-0.016410018909050028
MF restriction,1949,12,1,-0.016781516287675435,0.031435476496074255
MF restriction,1950,12,1,0.06736213295024984,-0.044909057796571394
MF restriction,1951,12,1,-0.08080800405666788,-0.044855439335450886
MF restriction,1952,12,1,-0.0321863853631299,0.003226921042449371
MF restriction,1953,12,1,-0.16188752717661403,0.006703548557218442
MF restriction,1954,12,1,-0.046659425992989445,0.018564239040369523
MF restriction,1955,12,1,0.07775912080047442,0.011922977581826144
MF restriction,1956,12,1,0.11913392112193799,-0.012271588679896195
MF restriction,1957,12,1,-0.02108485479162514,-0.011143687996010843
MF restriction,1958,12,1,-0.07167029140821168,0.006882515564111014
MF restriction,1959,12,1,0.05642785788398985,0.010506777644549326
MF restriction,1960,1,0,,
MF restriction,1961,0,0,,
MF restriction,1962,0,0,,
MF restriction,1963,11,0,,
MF restriction,1964,12,1,0.5620096196017981,0.027000180476569158
MF restriction,1965,12,1,-0.05021315690007999,0.03155536016230376
MF restriction,1966,12,1,0.04945149733843057,0.010884962315295343
MF restriction,1967,12,1,0.19716705804529866,0.01912916025527034
MF restriction,1968,12,1,0.02644564670317129,0.011003722479790534
MF restriction,1969,12,1,0.21784450770818098,0.01323387456286551
MF restriction,1970,12,1,0.06251052868446605,0.020938455464238448
MF restriction,1971,12,1,-0.09826612356349329,0.017643971771362565
MF restriction,1972,12,1,0.17833796780334144,0.01154035341542925
MF restriction,1973,12,1,0.6067966375748748,-0.005739170208360234
MF restriction,1974,12,1,0.03886973531096438,-0.018682411153460032
MF restriction,1975,12,1,0.00475497381336476,-0.002214119066057396
MF restriction,1976,12,1,0.12251457962163759,0.0049242743921680265
MF restriction,1977,12,1,0.40498136720894395,-0.011551278487003214
MF restriction,1978,12,1,0.3211356072959848,-0.010424790546951224
MF restriction,1979,12,1,0.2772315686015092,-0.02032579690849734
MF restriction,1980,12,1,0.18416691530476803,0.000695567814542164
MF restriction,1981,12,1,0.12231075368693745,0.06875376114405274
MF restriction,1982,12,1,0.2113623613310205,0.08419578734237465
MF restriction,1983,12,1,0.1244494296080414,0.04999397713684739
MF restriction,1984,12,1,0.05634135878660951,0.06256920408590982
MF restriction,1985,12,1,0.27725879252004404,0.041566294338919674
MF restriction,1986,12,1,0.23513166717218503,0.05503815580608573
MF restriction,1987,12,1,0.1501686720230031,0.0219249880214456
MF restriction,1988,12,1,0.11008162868039673,0.030389429819428715
MF restriction,1989,12,1,0.04972844120648312,0.04313487985098852
MF restriction,1990,12,1,0.03951688984299073,0.019629465469601426
MF restriction,1991,12,1,0.020246474628304867,0.0295655869605842
MF restriction,1992,12,1,-0.02377481277695137,0.008383806062487231
MF restriction,1993,12,1,0.17435809801796287,0.004321478172269577
MF restriction,1994,12,1,0.016441082587321354,0.016542435122898214
MF restriction,1995,12,1,0.20930519381885815,0.033488873052366586
MF restriction,1996,12,1,0.17842269255174048,0.020154971252071885
MF restriction,1997,12,1,0.2368451934842961,0.038183713171633826
MF restriction,1998,12,1,0.27558760309106956,0.0384762766424287
MF restriction,1999,12,1,0.026792206117489448,0.025016298269186832
MF restriction,2000,12,1,0.02697686643266728,0.02935847551351123
MF restriction,2001,12,1,0.12134768822348274,0.024736810195639336
MF restriction,2002,12,1,0.051441589780770736,-0.00596150761007852
MF restriction,2003,12,1,0.17341272961066845,-0.006956332666097742
MF restriction,2004,12,1,0.13437620936365802,-0.017486342515833142
MF restriction,2005,12,1,0.04936787582518343,-0.0006986459582450921
MF restriction,2006,12,1,0.17039803325402336,0.024767261591463807
MF restriction,2007,12,1,0.19141738883091008,0.011644528236934182
MF restriction,2008,12,1,0.3125073522027215,0.03138761247384991
MF restriction,2009,12,1,-0.08038349128615796,-0.019834602641820354
MF restriction,2010,12,1,-0.0014074158473136311,-0.011732246102603261
MF restriction,2011,12,1,0.054483250434825825,-0.025979726392153846
MF restriction,2012,12,1,-0.06701058318948794,-0.014131120381582707
MF restriction,2013,12,1,0.0467175125214343,-0.01307117198017016
MF restriction,2014,12,1,0.16972693009503614,-0.006284064445272408
MF restriction,2015,12,1,0.07063764334368083,-0.00531491867575451
MF restriction,2016,12,1,-0.07990350758418241,-0.014283553872012966
MF restriction,2017,12,1,0.03133494521423952,-0.00991627081888169
MF restriction,2018,12,1,-0.07010684732452044,0.0017853235335945072
MF restriction,2019,12,1,-0.01772677927506272,-5.033643403207222e-06
MF restriction,2020,12,1,-0.12346631035638922,-0.00489791713896115
MF restriction,2021,12,1,0.009172480545078354,-0.0646718177027612
MF restriction,2022,12,1,0.11711662013443802,-0.04319532740699539
MF restriction,2023,12,1,-0.01921566630994853,0.017003513512843016
MF restriction,2024,12,1,0.028486233764467128,0.02171369326854866
MF restriction,2025,12,1,0.10461767257818133,0.015139307087717269
Joint restriction,1927,12,1,-0.12431595569536713,0.06069651650102048
Joint restriction,1928,12,1,0.16427735009152378,0.05045226040342521
Joint restriction,1929,12,1,0.15794458890336927,0.03785806464463959
Joint restriction,1930,12,1,0.2204193913132142,0.10740235214556271
Joint restriction,1931,12,1,0.2248696618482129,0.15094084355712933
Joint restriction,1932,12,1,0.22040586130195083,0.16025907588768828
Joint restriction,1933,12,1,-0.06022563044152052,0.030170519994877854
Joint restriction,1934,12,1,0.02866275169302157,0.008767156750223437
Joint restriction,1935,12,1,-0.08588222587436922,-0.0020322077192309607
Joint restriction,1936,12,1,0.09378047580948734,0.012372876775614161
Joint restriction,1937,12,1,0.2546087065885887,-0.011132956950033579
Joint restriction,1938,12,1,0.13213518716267636,0.047570894586841384
Joint restriction,1939,12,1,-0.17068156933816514,0.022205827566040615
Joint restriction,1940,12,1,-0.047554865072910846,0.0059249679692383594
Joint restriction,1941,12,1,-0.028011372935317747,-0.07583315048804296
Joint restriction,1942,12,1,-0.053939265810314385,-0.07087970183543024
Joint restriction,1943,12,1,0.20416157366537369,-0.019568422192413393
Joint restriction,1944,12,1,-0.1255432357364188,-0.011389603351630306
Joint restriction,1945,12,1,-0.01773177217261479,-0.013237632217602213
Joint restriction,1946,12,1,0.7942065011366062,-0.1458067950930625
Joint restriction,1947,12,1,0.11703211693988158,-0.07460156340503099
Joint restriction,1948,12,1,0.052748539242325476,-0.016410018909050028
Joint restriction,1949,12,1,-0.016781516287675435,0.031435476496074255
Joint restriction,1950,12,1,0.06736213295024984,-0.044909057796571394
Joint restriction,1951,12,1,-0.08080800405666788,-0.044855439335450886
Joint restriction,1952,12,1,-0.0321863853631299,0.003226921042449371
Joint restriction,1953,12,1,-0.16188752717661403,0.006703548557218442
Joint restriction,1954,12,1,-0.046659425992989445,0.018564239040369523
Joint restriction,1955,12,1,0.07775912080047442,0.011922977581826144
Joint restriction,1956,12,1,0.11913392112193799,-0.012271588679896195
Joint restriction,1957,12,1,-0.02108485479162514,-0.011143687996010843
Joint restriction,1958,12,1,-0.07167029140821168,0.006882515564111014
Joint restriction,1959,12,1,0.05642785788398985,0.010506777644549326
Joint restriction,1960,1,0,,
Joint restriction,1961,0,0,,
Joint restriction,1962,0,0,,
Joint restriction,1963,11,0,,
Joint restriction,1964,12,1,0.4687791104166854,0.027000180476569158
Joint restriction,1965,12,1,-0.04706543519656459,0.03155536016230376
Joint restriction,1966,12,1,0.0494401530319184,0.010884962315295343
Joint restriction,1967,12,1,0.19799754482518717,0.01912916025527034
Joint restriction,1968,12,1,-0.03561326652448782,0.011003722479790534
Joint restriction,1969,12,1,0.21842251919316746,0.01323387456286551
Joint restriction,1970,12,1,0.0642481660921359,0.020938455464238448
Joint restriction,1971,12,1,-0.12797897391020485,0.017643971771362565
Joint restriction,1972,12,1,0.07318116550970655,0.01154035341542925
Joint restriction,1973,12,1,0.5708853583029871,-0.005739170208360234
Joint restriction,1974,12,1,0.04139568559831086,-0.018682411153460032
Joint restriction,1975,12,1,0.004987196031833729,-0.002214119066057396
Joint restriction,1976,12,1,0.12069715235158651,0.0049242743921680265
Joint restriction,1977,12,1,0.403141441307292,-0.011551278487003214
Joint restriction,1978,12,1,0.3196266104154768,-0.010424790546951224
Joint restriction,1979,12,1,0.27612391948258885,-0.02032579690849734
Joint restriction,1980,12,1,0.1841671099622626,0.000695567814542164
Joint restriction,1981,12,1,0.12231075368693745,0.06875376114405274
Joint restriction,1982,12,1,0.2113623613310205,0.08419578734237465
Joint restriction,1983,12,1,0.1244494296080414,0.04999397713684739
Joint restriction,1984,12,1,0.05634135878660951,0.06256920408590982
Joint restriction,1985,12,1,0.27725879252004404,0.041566294338919674
Joint restriction,1986,12,1,0.23513166717218503,0.05503815580608573
Joint restriction,1987,12,1,0.1501686720230031,0.0219249880214456
Joint restriction,1988,12,1,0.11008162868039673,0.030389429819428715
Joint restriction,1989,12,1,0.04972844120648312,0.04313487985098852
Joint restriction,1990,12,1,0.03951688984299073,0.019629465469601426
Joint restriction,1991,12,1,0.020246474628304867,0.0295655869605842
Joint restriction,1992,12,1,-0.02377481277695137,0.008383806062487231
Joint restriction,1993,12,1,0.17435809801796287,0.004321478172269577
Joint restriction,1994,12,1,0.016441082587321354,0.016542435122898214
Joint restriction,1995,12,1,0.20930519381885815,0.033488873052366586
Joint restriction,1996,12,1,0.17842269255174048,0.020154971252071885
Joint restriction,1997,12,1,0.2368451934842961,0.038183713171633826
Joint restriction,1998,12,1,0.27558760309106956,0.0384762766424287
Joint restriction,1999,12,1,0.026792206117489448,0.025016298269186832
Joint restriction,2000,12,1,0.02697686643266728,0.02935847551351123
Joint restriction,2001,12,1,0.12134768822348274,0.024736810195639336
Joint restriction,2002,12,1,0.051441589780770736,-0.00596150761007852
Joint restriction,2003,12,1,0.17341272961066845,-0.006956332666097742
Joint restriction,2004,12,1,0.13437620936365802,-0.017486342515833142
Joint restriction,2005,12,1,0.04936787582518343,-0.0006986459582450921
Joint restriction,2006,12,1,0.17039803325402336,0.024767261591463807
Joint restriction,2007,12,1,0.19141738883091008,0.011644528236934182
Joint restriction,2008,12,1,0.3125073522027215,0.03138761247384991
Joint restriction,2009,12,1,-0.08038349128615796,-0.019834602641820354
Joint restriction,2010,12,1,-0.0014074158473136311,-0.011732246102603261
Joint restriction,2011,12,1,0.054483250434825825,-0.025979726392153846
Joint restriction,2012,12,1,-0.06701058318948794,-0.014131120381582707
Joint restriction,2013,12,1,0.0467175125214343,-0.01307117198017016
Joint restriction,2014,12,1,0.16972693009503614,-0.006284064445272408
Joint restriction,2015,12,1,0.07063764334368083,-0.00531491867575451
Joint restriction,2016,12,1,-0.07990350758418241,-0.014283553872012966
Joint restriction,2017,12,1,0.03133494521423952,-0.00991627081888169
Joint restriction,2018,12,1,-0.07010684732452044,0.0017853235335945072
Joint restriction,2019,12,1,-0.01772677927506272,-5.033643403207222e-06
Joint restriction,2020,12,1,-0.12346631035638922,-0.00489791713896115
Joint restriction,2021,12,1,0.009172480545078354,-0.0646718177027612
Joint restriction,2022,12,1,0.11711662013443802,-0.04319532740699539
Joint restriction,2023,12,1,-0.01921566630994853,0.017003513512843016
Joint restriction,2024,12,1,0.028486233764467128,0.02171369326854866
Joint restriction,2025,12,1,0.10461767257818133,0.015139307087717269
