month,commodity_count,currency_count,bond_count,equity_count,commodity_weight,currency_weight,bond_weight,equity_weight,gold_count
1924-03,4,0,0,0,1.0,0.0,0.0,0.0,0
1924-04,4,0,0,0,1.0,0.0,0.0,0.0,0
1924-05,4,0,0,0,1.0,0.0,0.0,0.0,0
1924-06,4,0,0,0,1.0,0.0,0.0,0.0,0
1924-07,4,0,0,0,1.0,0.0,0.0,0.0,0
1924-08,4,0,0,0,1.0,0.0,0.0,0.0,0
1924-09,4,0,0,0,1.0,0.0,0.0,0.0,0
1924-10,4,0,0,0,1.0,0.0,0.0,0.0,0
1924-11,4,0,0,0,1.0,0.0,0.0,0.0,0
1924-12,4,0,0,0,1.0,0.0,0.0,0.0,0
1925-01,4,0,0,0,1.0,0.0,0.0,0.0,0
1925-02,4,0,0,0,1.0,0.0,0.0,0.0,0
1925-03,4,0,0,0,1.0,0.0,0.0,0.0,0
1925-04,4,0,0,0,1.0,0.0,0.0,0.0,0
1925-05,4,0,0,0,1.0,0.0,0.0,0.0,0
1925-06,4,0,0,0,1.0,0.0,0.0,0.0,0
1925-07,4,0,0,0,1.0,0.0,0.0,0.0,0
1925-08,4,0,0,0,1.0,0.0,0.0,0.0,0
1925-09,4,0,0,0,1.0,0.0,0.0,0.0,0
1925-10,4,0,0,0,1.0,0.0,0.0,0.0,0
1925-11,4,0,0,0,1.0,0.0,0.0,0.0,0
1925-12,4,0,0,0,1.0,0.0,0.0,0.0,0
1926-01,4,0,0,0,1.0,0.0,0.0,0.0,0
1926-02,4,0,0,0,1.0,0.0,0.0,0.0,0
1926-03,4,0,0,0,1.0,0.0,0.0,0.0,0
1926-04,4,0,0,0,1.0,0.0,0.0,0.0,0
1926-05,4,0,0,0,1.0,0.0,0.0,0.0,0
1926-06,4,0,0,0,1.0,0.0,0.0,0.0,0
1926-07,4,0,0,0,1.0,0.0,0.0,0.0,0
1926-08,4,0,0,0,1.0,0.0,0.0,0.0,0
1926-09,4,0,0,0,1.0,0.0,0.0,0.0,0
1926-10,4,0,0,0,1.0,0.0,0.0,0.0,0
1926-11,4,0,0,0,1.0,0.0,0.0,0.0,0
1926-12,4,0,0,0,1.0,0.0,0.0,0.0,0
1927-01,4,0,0,0,1.0,0.0,0.0,0.0,0
1927-02,4,0,0,0,1.0,0.0,0.0,0.0,0
1927-03,4,0,0,0,1.0,0.0,0.0,0.0,0
1927-04,4,0,0,0,1.0,0.0,0.0,0.0,0
1927-05,4,0,0,0,1.0,0.0,0.0,0.0,0
1927-06,4,0,0,0,1.0,0.0,0.0,0.0,0
1927-07,4,0,0,0,1.0,0.0,0.0,0.0,0
1927-08,4,0,0,0,1.0,0.0,0.0,0.0,0
1927-09,4,0,0,0,1.0,0.0,0.0,0.0,0
1927-10,4,0,0,0,1.0,0.0,0.0,0.0,0
1927-11,4,0,0,0,1.0,0.0,0.0,0.0,0
1927-12,4,0,0,0,1.0,0.0,0.0,0.0,0
1928-01,4,0,0,0,1.0,0.0,0.0,0.0,0
1928-02,4,0,0,0,1.0,0.0,0.0,0.0,0
1928-03,4,0,0,0,1.0,0.0,0.0,0.0,0
1928-04,4,0,0,0,1.0,0.0,0.0,0.0,0
1928-05,4,0,0,0,1.0,0.0,0.0,0.0,0
1928-06,4,0,0,0,1.0,0.0,0.0,0.0,0
1928-07,4,0,0,0,1.0,0.0,0.0,0.0,0
1928-08,4,0,0,0,1.0,0.0,0.0,0.0,0
1928-09,4,0,0,0,1.0,0.0,0.0,0.0,0
1928-10,4,0,0,0,1.0,0.0,0.0,0.0,0
1928-11,4,0,0,0,1.0,0.0,0.0,0.0,0
1928-12,4,0,0,0,1.0,0.0,0.0,0.0,0
1929-01,4,0,0,0,1.0,0.0,0.0,0.0,0
1929-02,4,0,0,0,1.0,0.0,0.0,0.0,0
1929-03,4,0,0,0,1.0,0.0,0.0,0.0,0
1929-04,4,0,0,0,1.0,0.0,0.0,0.0,0
1929-05,4,0,0,0,1.0,0.0,0.0,0.0,0
1929-06,4,0,0,0,1.0,0.0,0.0,0.0,0
1929-07,4,0,0,0,1.0,0.0,0.0,0.0,0
1929-08,4,0,0,0,1.0,0.0,0.0,0.0,0
1929-09,4,0,0,0,1.0,0.0,0.0,0.0,0
1929-10,4,0,0,0,1.0,0.0,0.0,0.0,0
1929-11,4,0,0,0,1.0,0.0,0.0,0.0,0
1929-12,4,0,0,0,1.0,0.0,0.0,0.0,0
1930-01,4,0,0,0,1.0,0.0,0.0,0.0,0
1930-02,4,0,0,0,1.0,0.0,0.0,0.0,0
1930-03,4,0,0,0,1.0,0.0,0.0,0.0,0
1930-04,4,0,0,0,1.0,0.0,0.0,0.0,0
1930-05,4,0,0,0,1.0,0.0,0.0,0.0,0
1930-06,4,0,0,0,1.0,0.0,0.0,0.0,0
1930-07,4,0,0,0,1.0,0.0,0.0,0.0,0
1930-08,4,0,0,0,1.0,0.0,0.0,0.0,0
1930-09,4,0,0,0,1.0,0.0,0.0,0.0,0
1930-10,4,0,0,0,1.0,0.0,0.0,0.0,0
1930-11,4,0,0,0,1.0,0.0,0.0,0.0,0
1930-12,4,0,0,0,1.0,0.0,0.0,0.0,0
1931-01,4,0,0,0,1.0,0.0,0.0,0.0,0
1931-02,4,0,0,0,1.0,0.0,0.0,0.0,0
1931-03,4,0,0,0,1.0,0.0,0.0,0.0,0
1931-04,4,0,0,0,1.0,0.0,0.0,0.0,0
1931-05,4,0,0,0,1.0,0.0,0.0,0.0,0
1931-06,4,0,0,0,1.0,0.0,0.0,0.0,0
1931-07,4,0,0,0,1.0,0.0,0.0,0.0,0
1931-08,4,0,0,0,1.0,0.0,0.0,0.0,0
1931-09,4,0,0,0,1.0,0.0,0.0,0.0,0
1931-10,4,0,0,0,1.0,0.0,0.0,0.0,0
1931-11,4,0,0,0,1.0,0.0,0.0,0.0,0
1931-12,4,0,0,0,1.0,0.0,0.0,0.0,0
1932-01,4,0,0,0,1.0,0.0,0.0,0.0,0
1932-02,4,0,0,0,1.0,0.0,0.0,0.0,0
1932-03,4,0,0,0,1.0,0.0,0.0,0.0,0
1932-04,4,0,0,0,1.0,0.0,0.0,0.0,0
1932-05,4,0,0,0,1.0,0.0,0.0,0.0,0
1932-06,4,0,0,0,1.0,0.0,0.0,0.0,0
1932-07,4,0,0,0,1.0,0.0,0.0,0.0,0
1932-08,4,0,0,0,1.0,0.0,0.0,0.0,0
1932-09,4,0,0,0,1.0,0.0,0.0,0.0,0
1932-10,4,0,0,0,1.0,0.0,0.0,0.0,0
1932-11,4,0,0,0,1.0,0.0,0.0,0.0,0
1932-12,4,0,0,0,1.0,0.0,0.0,0.0,0
1933-01,4,0,0,0,1.0,0.0,0.0,0.0,0
1933-02,4,0,0,0,1.0,0.0,0.0,0.0,0
1933-03,4,0,0,0,1.0,0.0,0.0,0.0,0
1933-04,4,0,0,0,1.0,0.0,0.0,0.0,0
1933-05,4,0,0,0,1.0,0.0,0.0,0.0,0
1933-06,4,0,0,0,1.0,0.0,0.0,0.0,0
1933-07,4,0,0,0,1.0,0.0,0.0,0.0,0
1933-08,4,0,0,0,1.0,0.0,0.0,0.0,0
1933-09,4,0,0,0,1.0,0.0,0.0,0.0,0
1933-10,4,0,0,0,1.0,0.0,0.0,0.0,0
1933-11,4,0,0,0,1.0,0.0,0.0,0.0,0
1933-12,4,0,0,0,1.0,0.0,0.0,0.0,0
1934-01,4,0,0,0,1.0,0.0,0.0,0.0,0
1934-02,5,0,0,0,1.0,0.0,0.0,0.0,1
1934-03,5,0,0,0,1.0,0.0,0.0,0.0,1
1934-04,5,0,0,0,1.0,0.0,0.0,0.0,1
1934-05,5,0,0,0,1.0,0.0,0.0,0.0,1
1934-06,5,0,0,0,1.0,0.0,0.0,0.0,1
1934-07,5,0,0,0,1.0,0.0,0.0,0.0,1
1934-08,5,0,0,0,1.0,0.0,0.0,0.0,1
1934-09,5,0,0,0,1.0,0.0,0.0,0.0,1
1934-10,5,0,0,0,1.0,0.0,0.0,0.0,1
1934-11,5,0,0,0,1.0,0.0,0.0,0.0,1
1934-12,5,0,0,0,1.0,0.0,0.0,0.0,1
1935-01,5,0,0,0,1.0,0.0,0.0,0.0,1
1935-02,5,0,0,0,1.0,0.0,0.0,0.0,1
1935-03,5,0,0,0,1.0,0.0,0.0,0.0,1
1935-04,5,0,0,0,1.0,0.0,0.0,0.0,1
1935-05,5,0,0,0,1.0,0.0,0.0,0.0,1
1935-06,5,0,0,0,1.0,0.0,0.0,0.0,1
1935-07,5,0,0,0,1.0,0.0,0.0,0.0,1
1935-08,5,0,0,0,1.0,0.0,0.0,0.0,1
1935-09,5,0,0,0,1.0,0.0,0.0,0.0,1
1935-10,5,0,0,0,1.0,0.0,0.0,0.0,1
1935-11,5,0,0,0,1.0,0.0,0.0,0.0,1
1935-12,5,0,0,0,1.0,0.0,0.0,0.0,1
1936-01,5,0,0,0,1.0,0.0,0.0,0.0,1
1936-02,5,0,0,0,1.0,0.0,0.0,0.0,1
1936-03,5,0,0,0,1.0,0.0,0.0,0.0,1
1936-04,5,0,0,0,1.0,0.0,0.0,0.0,1
1936-05,5,0,0,0,1.0,0.0,0.0,0.0,1
1936-06,5,0,0,0,1.0,0.0,0.0,0.0,1
1936-07,5,0,0,0,1.0,0.0,0.0,0.0,1
1936-08,5,0,0,0,1.0,0.0,0.0,0.0,1
1936-09,5,0,0,0,1.0,0.0,0.0,0.0,1
1936-10,5,0,0,0,1.0,0.0,0.0,0.0,1
1936-11,5,0,0,0,1.0,0.0,0.0,0.0,1
1936-12,5,0,0,0,1.0,0.0,0.0,0.0,1
1937-01,5,0,0,0,1.0,0.0,0.0,0.0,1
1937-02,4,0,0,0,1.0,0.0,0.0,0.0,0
1937-03,4,0,0,0,1.0,0.0,0.0,0.0,0
1937-04,4,0,0,0,1.0,0.0,0.0,0.0,0
1937-05,4,0,0,0,1.0,0.0,0.0,0.0,0
1937-06,4,0,0,0,1.0,0.0,0.0,0.0,0
1937-07,4,0,0,0,1.0,0.0,0.0,0.0,0
1937-08,4,0,0,0,1.0,0.0,0.0,0.0,0
1937-09,4,0,0,0,1.0,0.0,0.0,0.0,0
1937-10,4,0,0,0,1.0,0.0,0.0,0.0,0
1937-11,4,0,0,0,1.0,0.0,0.0,0.0,0
1937-12,4,0,0,0,1.0,0.0,0.0,0.0,0
1938-01,4,0,0,0,1.0,0.0,0.0,0.0,0
1938-02,4,0,0,0,1.0,0.0,0.0,0.0,0
1938-03,4,0,0,0,1.0,0.0,0.0,0.0,0
1938-04,4,0,0,0,1.0,0.0,0.0,0.0,0
1938-05,4,0,0,0,1.0,0.0,0.0,0.0,0
1938-06,4,0,0,0,1.0,0.0,0.0,0.0,0
1938-07,4,0,0,0,1.0,0.0,0.0,0.0,0
1938-08,4,0,0,0,1.0,0.0,0.0,0.0,0
1938-09,4,0,0,0,1.0,0.0,0.0,0.0,0
1938-10,4,0,0,0,1.0,0.0,0.0,0.0,0
1938-11,4,0,0,0,1.0,0.0,0.0,0.0,0
1938-12,4,0,0,0,1.0,0.0,0.0,0.0,0
1939-01,4,0,0,0,1.0,0.0,0.0,0.0,0
1939-02,4,0,0,0,1.0,0.0,0.0,0.0,0
1939-03,4,0,0,0,1.0,0.0,0.0,0.0,0
1939-04,4,0,0,0,1.0,0.0,0.0,0.0,0
1939-05,4,0,0,0,1.0,0.0,0.0,0.0,0
1939-06,4,0,0,0,1.0,0.0,0.0,0.0,0
1939-07,4,0,0,0,1.0,0.0,0.0,0.0,0
1939-08,4,0,0,0,1.0,0.0,0.0,0.0,0
1939-09,4,0,0,0,1.0,0.0,0.0,0.0,0
1939-10,4,0,0,0,1.0,0.0,0.0,0.0,0
1939-11,4,0,0,0,1.0,0.0,0.0,0.0,0
1939-12,4,0,0,0,1.0,0.0,0.0,0.0,0
1940-01,4,0,0,0,1.0,0.0,0.0,0.0,0
1940-02,5,0,0,0,1.0,0.0,0.0,0.0,0
1940-03,5,0,0,0,1.0,0.0,0.0,0.0,0
1940-04,5,0,0,0,1.0,0.0,0.0,0.0,0
1940-05,5,0,0,0,1.0,0.0,0.0,0.0,0
1940-06,5,0,0,0,1.0,0.0,0.0,0.0,0
1940-07,5,0,0,0,1.0,0.0,0.0,0.0,0
1940-08,5,0,0,0,1.0,0.0,0.0,0.0,0
1940-09,5,0,0,0,1.0,0.0,0.0,0.0,0
1940-10,5,0,0,0,1.0,0.0,0.0,0.0,0
1940-11,5,0,0,0,1.0,0.0,0.0,0.0,0
1940-12,5,0,0,0,1.0,0.0,0.0,0.0,0
1941-01,5,0,0,0,1.0,0.0,0.0,0.0,0
1941-02,5,0,0,0,1.0,0.0,0.0,0.0,0
1941-03,5,0,0,0,1.0,0.0,0.0,0.0,0
1941-04,5,0,0,0,1.0,0.0,0.0,0.0,0
1941-05,5,0,0,0,1.0,0.0,0.0,0.0,0
1941-06,5,0,0,0,1.0,0.0,0.0,0.0,0
1941-07,5,0,0,0,1.0,0.0,0.0,0.0,0
1941-08,5,0,0,0,1.0,0.0,0.0,0.0,0
1941-09,5,0,0,0,1.0,0.0,0.0,0.0,0
1941-10,5,0,0,0,1.0,0.0,0.0,0.0,0
1941-11,5,0,0,0,1.0,0.0,0.0,0.0,0
1941-12,5,0,0,0,1.0,0.0,0.0,0.0,0
1942-01,5,0,0,0,1.0,0.0,0.0,0.0,0
1942-02,5,0,0,0,1.0,0.0,0.0,0.0,0
1942-03,5,0,0,0,1.0,0.0,0.0,0.0,0
1942-04,5,0,0,0,1.0,0.0,0.0,0.0,0
1942-05,5,0,0,0,1.0,0.0,0.0,0.0,0
1942-06,5,0,0,0,1.0,0.0,0.0,0.0,0
1942-07,5,0,0,0,1.0,0.0,0.0,0.0,0
1942-08,5,0,0,0,1.0,0.0,0.0,0.0,0
1942-09,5,0,0,0,1.0,0.0,0.0,0.0,0
1942-10,5,0,0,0,1.0,0.0,0.0,0.0,0
1942-11,5,0,0,0,1.0,0.0,0.0,0.0,0
1942-12,5,0,0,0,1.0,0.0,0.0,0.0,0
1943-01,5,0,0,0,1.0,0.0,0.0,0.0,0
1943-02,5,0,0,0,1.0,0.0,0.0,0.0,0
1943-03,5,0,0,0,1.0,0.0,0.0,0.0,0
1943-04,5,0,0,0,1.0,0.0,0.0,0.0,0
1943-05,5,0,0,0,1.0,0.0,0.0,0.0,0
1943-06,5,0,0,0,1.0,0.0,0.0,0.0,0
1943-07,5,0,0,0,1.0,0.0,0.0,0.0,0
1943-08,5,0,0,0,1.0,0.0,0.0,0.0,0
1943-09,5,0,0,0,1.0,0.0,0.0,0.0,0
1943-10,5,0,0,0,1.0,0.0,0.0,0.0,0
1943-11,4,0,0,0,1.0,0.0,0.0,0.0,0
1943-12,4,0,0,0,1.0,0.0,0.0,0.0,0
1944-01,4,0,0,0,1.0,0.0,0.0,0.0,0
1944-02,4,0,0,0,1.0,0.0,0.0,0.0,0
1944-03,4,0,0,0,1.0,0.0,0.0,0.0,0
1944-04,4,0,0,0,1.0,0.0,0.0,0.0,0
1944-05,3,0,0,0,1.0,0.0,0.0,0.0,0
1944-06,3,0,0,0,1.0,0.0,0.0,0.0,0
1944-07,3,0,0,0,1.0,0.0,0.0,0.0,0
1944-08,3,0,0,0,1.0,0.0,0.0,0.0,0
1944-09,3,0,0,0,1.0,0.0,0.0,0.0,0
1944-10,3,0,0,0,1.0,0.0,0.0,0.0,0
1944-11,3,0,0,0,1.0,0.0,0.0,0.0,0
1944-12,3,0,0,0,1.0,0.0,0.0,0.0,0
1945-01,3,0,0,0,1.0,0.0,0.0,0.0,0
1945-02,3,0,0,0,1.0,0.0,0.0,0.0,0
1945-03,4,0,0,0,1.0,0.0,0.0,0.0,0
1945-04,4,0,0,0,1.0,0.0,0.0,0.0,0
1945-05,4,0,0,0,1.0,0.0,0.0,0.0,0
1945-06,4,0,0,0,1.0,0.0,0.0,0.0,0
1945-07,4,0,0,0,1.0,0.0,0.0,0.0,0
1945-08,4,0,0,0,1.0,0.0,0.0,0.0,0
1945-09,4,0,0,0,1.0,0.0,0.0,0.0,0
1945-10,4,0,0,0,1.0,0.0,0.0,0.0,0
1945-11,4,0,0,0,1.0,0.0,0.0,0.0,0
1945-12,4,0,0,0,1.0,0.0,0.0,0.0,0
1946-01,4,0,0,0,1.0,0.0,0.0,0.0,0
1946-02,4,0,0,0,1.0,0.0,0.0,0.0,0
1946-03,4,0,0,0,1.0,0.0,0.0,0.0,0
1946-04,4,0,0,0,1.0,0.0,0.0,0.0,0
1946-05,4,0,0,0,1.0,0.0,0.0,0.0,0
1946-06,5,0,0,0,1.0,0.0,0.0,0.0,0
1946-07,5,0,0,0,1.0,0.0,0.0,0.0,0
1946-08,5,0,0,0,1.0,0.0,0.0,0.0,0
1946-09,5,0,0,0,1.0,0.0,0.0,0.0,0
1946-10,5,0,0,0,1.0,0.0,0.0,0.0,0
1946-11,5,0,0,0,1.0,0.0,0.0,0.0,0
1946-12,5,0,0,0,1.0,0.0,0.0,0.0,0
1947-01,5,0,0,0,1.0,0.0,0.0,0.0,0
1947-02,5,0,0,0,1.0,0.0,0.0,0.0,0
1947-03,5,0,0,0,1.0,0.0,0.0,0.0,0
1947-04,5,0,0,0,1.0,0.0,0.0,0.0,0
1947-05,5,0,0,0,1.0,0.0,0.0,0.0,0
1947-06,5,0,0,0,1.0,0.0,0.0,0.0,0
1947-07,5,0,0,0,1.0,0.0,0.0,0.0,0
1947-08,5,0,0,0,1.0,0.0,0.0,0.0,0
1947-09,5,0,0,0,1.0,0.0,0.0,0.0,0
1947-10,5,0,0,0,1.0,0.0,0.0,0.0,0
1947-11,5,0,0,0,1.0,0.0,0.0,0.0,0
1947-12,5,0,0,0,1.0,0.0,0.0,0.0,0
1948-01,5,0,0,0,1.0,0.0,0.0,0.0,0
1948-02,5,0,0,0,1.0,0.0,0.0,0.0,0
1948-03,5,0,0,0,1.0,0.0,0.0,0.0,0
1948-04,5,0,0,0,1.0,0.0,0.0,0.0,0
1948-05,5,0,0,0,1.0,0.0,0.0,0.0,0
1948-06,5,0,0,0,1.0,0.0,0.0,0.0,0
1948-07,5,0,0,0,1.0,0.0,0.0,0.0,0
1948-08,5,0,0,0,1.0,0.0,0.0,0.0,0
1948-09,5,0,0,0,1.0,0.0,0.0,0.0,0
1948-10,5,0,0,0,1.0,0.0,0.0,0.0,0
1948-11,5,0,0,0,1.0,0.0,0.0,0.0,0
1948-12,5,0,0,0,1.0,0.0,0.0,0.0,0
1949-01,5,0,0,0,1.0,0.0,0.0,0.0,0
1949-02,5,0,0,0,1.0,0.0,0.0,0.0,0
1949-03,5,0,0,0,1.0,0.0,0.0,0.0,0
1949-04,5,0,0,0,1.0,0.0,0.0,0.0,0
1949-05,5,0,0,0,1.0,0.0,0.0,0.0,0
1949-06,5,0,0,0,1.0,0.0,0.0,0.0,0
1949-07,5,0,0,0,1.0,0.0,0.0,0.0,0
1949-08,5,0,0,0,1.0,0.0,0.0,0.0,0
1949-09,5,0,0,0,1.0,0.0,0.0,0.0,0
1949-10,5,0,0,0,1.0,0.0,0.0,0.0,0
1949-11,5,0,0,0,1.0,0.0,0.0,0.0,0
1949-12,5,0,0,0,1.0,0.0,0.0,0.0,0
1950-01,5,0,0,0,1.0,0.0,0.0,0.0,0
1950-02,5,0,0,0,1.0,0.0,0.0,0.0,0
1950-03,5,0,0,0,1.0,0.0,0.0,0.0,0
1950-04,5,0,0,0,1.0,0.0,0.0,0.0,0
1950-05,5,0,0,0,1.0,0.0,0.0,0.0,0
1950-06,5,0,0,0,1.0,0.0,0.0,0.0,0
1950-07,5,0,0,0,1.0,0.0,0.0,0.0,0
1950-08,5,0,0,0,1.0,0.0,0.0,0.0,0
1950-09,5,0,0,0,1.0,0.0,0.0,0.0,0
1950-10,5,0,0,0,1.0,0.0,0.0,0.0,0
1950-11,5,0,0,0,1.0,0.0,0.0,0.0,0
1950-12,5,0,0,0,1.0,0.0,0.0,0.0,0
1951-01,5,0,0,0,1.0,0.0,0.0,0.0,0
1951-02,5,0,0,0,1.0,0.0,0.0,0.0,0
1951-03,5,0,0,0,1.0,0.0,0.0,0.0,0
1951-04,5,0,0,0,1.0,0.0,0.0,0.0,0
1951-05,5,0,0,0,1.0,0.0,0.0,0.0,0
1951-06,5,0,0,0,1.0,0.0,0.0,0.0,0
1951-07,5,0,0,0,1.0,0.0,0.0,0.0,0
1951-08,5,0,0,0,1.0,0.0,0.0,0.0,0
1951-09,5,0,0,0,1.0,0.0,0.0,0.0,0
1951-10,5,0,0,0,1.0,0.0,0.0,0.0,0
1951-11,5,0,0,0,1.0,0.0,0.0,0.0,0
1951-12,5,0,0,0,1.0,0.0,0.0,0.0,0
1952-01,4,0,0,0,1.0,0.0,0.0,0.0,0
1952-02,4,0,0,0,1.0,0.0,0.0,0.0,0
1952-03,4,0,0,0,1.0,0.0,0.0,0.0,0
1952-04,4,0,0,0,1.0,0.0,0.0,0.0,0
1952-05,4,0,0,0,1.0,0.0,0.0,0.0,0
1952-06,4,0,0,0,1.0,0.0,0.0,0.0,0
1952-07,4,0,0,0,1.0,0.0,0.0,0.0,0
1952-08,4,0,0,0,1.0,0.0,0.0,0.0,0
1952-09,4,0,0,0,1.0,0.0,0.0,0.0,0
1952-10,4,0,0,0,1.0,0.0,0.0,0.0,0
1952-11,4,0,0,0,1.0,0.0,0.0,0.0,0
1952-12,4,0,0,0,1.0,0.0,0.0,0.0,0
1953-01,4,0,0,0,1.0,0.0,0.0,0.0,0
1953-02,4,0,0,0,1.0,0.0,0.0,0.0,0
1953-03,4,0,0,0,1.0,0.0,0.0,0.0,0
1953-04,4,0,0,0,1.0,0.0,0.0,0.0,0
1953-05,4,0,0,0,1.0,0.0,0.0,0.0,0
1953-06,4,0,0,0,1.0,0.0,0.0,0.0,0
1953-07,4,0,0,0,1.0,0.0,0.0,0.0,0
1953-08,4,0,0,0,1.0,0.0,0.0,0.0,0
1953-09,4,0,0,0,1.0,0.0,0.0,0.0,0
1953-10,4,0,0,0,1.0,0.0,0.0,0.0,0
1953-11,4,0,0,0,1.0,0.0,0.0,0.0,0
1953-12,4,0,0,0,1.0,0.0,0.0,0.0,0
1954-01,4,0,0,0,1.0,0.0,0.0,0.0,0
1954-02,4,0,0,0,1.0,0.0,0.0,0.0,0
1954-03,4,0,0,0,1.0,0.0,0.0,0.0,0
1954-04,4,0,0,0,1.0,0.0,0.0,0.0,0
1954-05,4,0,0,0,1.0,0.0,0.0,0.0,0
1954-06,4,0,0,0,1.0,0.0,0.0,0.0,0
1954-07,4,0,0,0,1.0,0.0,0.0,0.0,0
1954-08,4,0,0,0,1.0,0.0,0.0,0.0,0
1954-09,4,0,0,0,1.0,0.0,0.0,0.0,0
1954-10,4,0,0,0,1.0,0.0,0.0,0.0,0
1954-11,4,0,0,0,1.0,0.0,0.0,0.0,0
1954-12,4,0,0,0,1.0,0.0,0.0,0.0,0
1955-01,4,0,0,0,1.0,0.0,0.0,0.0,0
1955-02,4,0,0,0,1.0,0.0,0.0,0.0,0
1955-03,4,0,0,0,1.0,0.0,0.0,0.0,0
1955-04,4,0,0,0,1.0,0.0,0.0,0.0,0
1955-05,4,0,0,0,1.0,0.0,0.0,0.0,0
1955-06,4,0,0,0,1.0,0.0,0.0,0.0,0
1955-07,4,0,0,0,1.0,0.0,0.0,0.0,0
1955-08,4,0,0,0,1.0,0.0,0.0,0.0,0
1955-09,4,0,0,0,1.0,0.0,0.0,0.0,0
1955-10,4,0,0,0,1.0,0.0,0.0,0.0,0
1955-11,4,0,0,0,1.0,0.0,0.0,0.0,0
1955-12,4,0,0,0,1.0,0.0,0.0,0.0,0
1956-01,4,0,0,0,1.0,0.0,0.0,0.0,0
1956-02,4,0,0,0,1.0,0.0,0.0,0.0,0
1956-03,4,0,0,0,1.0,0.0,0.0,0.0,0
1956-04,4,0,0,0,1.0,0.0,0.0,0.0,0
1956-05,4,0,0,0,1.0,0.0,0.0,0.0,0
1956-06,4,0,0,0,1.0,0.0,0.0,0.0,0
1956-07,4,0,0,0,1.0,0.0,0.0,0.0,0
1956-08,3,0,0,0,1.0,0.0,0.0,0.0,0
1956-09,3,0,0,0,1.0,0.0,0.0,0.0,0
1956-10,3,0,0,0,1.0,0.0,0.0,0.0,0
1956-11,3,0,0,0,1.0,0.0,0.0,0.0,0
1956-12,3,0,0,0,1.0,0.0,0.0,0.0,0
1957-01,3,0,0,0,1.0,0.0,0.0,0.0,0
1957-02,3,0,0,0,1.0,0.0,0.0,0.0,0
1957-03,3,0,0,0,1.0,0.0,0.0,0.0,0
1957-04,3,0,0,0,1.0,0.0,0.0,0.0,0
1957-05,3,0,0,0,1.0,0.0,0.0,0.0,0
1957-06,3,0,0,0,1.0,0.0,0.0,0.0,0
1957-07,3,0,0,0,1.0,0.0,0.0,0.0,0
1957-08,3,0,0,0,1.0,0.0,0.0,0.0,0
1957-09,3,0,0,0,1.0,0.0,0.0,0.0,0
1957-10,3,0,0,0,1.0,0.0,0.0,0.0,0
1957-11,3,0,0,0,1.0,0.0,0.0,0.0,0
1957-12,3,0,0,0,1.0,0.0,0.0,0.0,0
1958-01,3,0,0,0,1.0,0.0,0.0,0.0,0
1958-02,3,0,0,0,1.0,0.0,0.0,0.0,0
1958-03,3,0,0,0,1.0,0.0,0.0,0.0,0
1958-04,3,0,0,0,1.0,0.0,0.0,0.0,0
1958-05,2,0,0,0,1.0,0.0,0.0,0.0,0
1958-06,2,0,0,0,1.0,0.0,0.0,0.0,0
1958-07,2,0,0,0,1.0,0.0,0.0,0.0,0
1958-08,2,0,0,0,1.0,0.0,0.0,0.0,0
1958-09,2,0,0,0,1.0,0.0,0.0,0.0,0
1958-10,2,0,0,0,1.0,0.0,0.0,0.0,0
1958-11,2,0,0,0,1.0,0.0,0.0,0.0,0
1958-12,2,0,0,0,1.0,0.0,0.0,0.0,0
1959-01,2,0,0,0,1.0,0.0,0.0,0.0,0
1959-02,2,0,0,0,1.0,0.0,0.0,0.0,0
1959-03,2,0,0,0,1.0,0.0,0.0,0.0,0
1959-04,2,0,0,0,1.0,0.0,0.0,0.0,0
1959-05,2,0,0,0,1.0,0.0,0.0,0.0,0
1959-06,2,0,0,0,1.0,0.0,0.0,0.0,0
1959-07,2,0,0,0,1.0,0.0,0.0,0.0,0
1959-08,2,0,0,0,1.0,0.0,0.0,0.0,0
1959-09,2,0,0,0,1.0,0.0,0.0,0.0,0
1959-10,2,0,0,0,1.0,0.0,0.0,0.0,0
1959-11,2,0,0,0,1.0,0.0,0.0,0.0,0
1959-12,2,0,0,0,1.0,0.0,0.0,0.0,0
1960-02,2,0,0,0,1.0,0.0,0.0,0.0,0
1961-03,3,0,0,0,1.0,0.0,0.0,0.0,1
1961-04,3,0,0,0,1.0,0.0,0.0,0.0,1
1961-05,3,0,0,0,1.0,0.0,0.0,0.0,1
1961-06,3,0,0,0,1.0,0.0,0.0,0.0,1
1961-07,3,0,0,0,1.0,0.0,0.0,0.0,1
1961-08,3,0,0,0,1.0,0.0,0.0,0.0,1
1961-09,3,0,0,0,1.0,0.0,0.0,0.0,1
1961-10,3,0,0,0,1.0,0.0,0.0,0.0,1
1961-11,3,0,0,0,1.0,0.0,0.0,0.0,1
1961-12,3,0,0,0,1.0,0.0,0.0,0.0,1
1962-01,3,0,0,0,1.0,0.0,0.0,0.0,1
1962-02,18,0,0,0,1.0,0.0,0.0,0.0,1
1962-03,19,0,0,0,1.0,0.0,0.0,0.0,1
1962-04,19,0,0,0,1.0,0.0,0.0,0.0,1
1962-05,19,0,0,0,1.0,0.0,0.0,0.0,1
1962-06,19,0,0,0,1.0,0.0,0.0,0.0,1
1962-07,19,0,0,0,1.0,0.0,0.0,0.0,1
1962-08,19,0,0,0,1.0,0.0,0.0,0.0,1
1962-09,19,0,0,0,1.0,0.0,0.0,0.0,1
1962-10,19,0,0,0,1.0,0.0,0.0,0.0,1
1962-11,19,0,0,0,1.0,0.0,0.0,0.0,1
1962-12,19,0,0,0,1.0,0.0,0.0,0.0,1
1963-01,19,0,0,0,1.0,0.0,0.0,0.0,1
1963-02,19,0,0,0,1.0,0.0,0.0,0.0,1
1963-03,19,0,0,0,1.0,0.0,0.0,0.0,1
1963-04,19,0,0,0,1.0,0.0,0.0,0.0,1
1963-05,19,0,0,0,1.0,0.0,0.0,0.0,1
1963-06,19,0,0,0,1.0,0.0,0.0,0.0,1
1963-07,19,0,0,0,1.0,0.0,0.0,0.0,1
1963-08,19,0,0,0,1.0,0.0,0.0,0.0,1
1963-09,19,0,0,0,1.0,0.0,0.0,0.0,1
1963-10,19,0,0,0,1.0,0.0,0.0,0.0,1
1963-11,19,0,0,0,1.0,0.0,0.0,0.0,1
1963-12,19,0,0,0,1.0,0.0,0.0,0.0,1
1964-01,19,0,0,0,1.0,0.0,0.0,0.0,1
1964-02,19,0,0,0,1.0,0.0,0.0,0.0,1
1964-03,19,0,0,0,1.0,0.0,0.0,0.0,1
1964-04,19,0,0,0,1.0,0.0,0.0,0.0,1
1964-05,19,0,0,0,1.0,0.0,0.0,0.0,1
1964-06,19,0,0,0,1.0,0.0,0.0,0.0,1
1964-07,19,0,0,0,1.0,0.0,0.0,0.0,1
1964-08,19,0,0,0,1.0,0.0,0.0,0.0,1
1964-09,19,0,0,0,1.0,0.0,0.0,0.0,1
1964-10,19,0,0,0,1.0,0.0,0.0,0.0,1
1964-11,19,0,0,0,1.0,0.0,0.0,0.0,1
1964-12,19,0,0,0,1.0,0.0,0.0,0.0,1
1965-01,19,0,0,0,1.0,0.0,0.0,0.0,1
1965-02,19,0,0,0,1.0,0.0,0.0,0.0,1
1965-03,19,0,0,0,1.0,0.0,0.0,0.0,1
1965-04,19,0,0,0,1.0,0.0,0.0,0.0,1
1965-05,19,0,0,0,1.0,0.0,0.0,0.0,1
1965-06,19,0,0,0,1.0,0.0,0.0,0.0,1
1965-07,19,0,0,0,1.0,0.0,0.0,0.0,1
1965-08,19,0,0,0,1.0,0.0,0.0,0.0,1
1965-09,19,0,0,0,1.0,0.0,0.0,0.0,1
1965-10,19,0,0,0,1.0,0.0,0.0,0.0,1
1965-11,19,0,0,0,1.0,0.0,0.0,0.0,1
1965-12,19,0,0,0,1.0,0.0,0.0,0.0,1
1966-01,19,0,0,0,1.0,0.0,0.0,0.0,1
1966-02,19,0,0,0,1.0,0.0,0.0,0.0,1
1966-03,19,0,0,0,1.0,0.0,0.0,0.0,1
1966-04,19,0,0,0,1.0,0.0,0.0,0.0,1
1966-05,19,0,0,0,1.0,0.0,0.0,0.0,1
1966-06,19,0,0,0,1.0,0.0,0.0,0.0,1
1966-07,19,0,0,0,1.0,0.0,0.0,0.0,1
1966-08,19,0,0,0,1.0,0.0,0.0,0.0,1
1966-09,19,0,0,0,1.0,0.0,0.0,0.0,1
1966-10,19,0,0,0,1.0,0.0,0.0,0.0,1
1966-11,18,0,0,0,1.0,0.0,0.0,0.0,1
1966-12,18,0,0,0,1.0,0.0,0.0,0.0,1
1967-01,18,0,0,0,1.0,0.0,0.0,0.0,1
1967-02,18,0,0,0,1.0,0.0,0.0,0.0,1
1967-03,18,0,0,0,1.0,0.0,0.0,0.0,1
1967-04,18,0,0,0,1.0,0.0,0.0,0.0,1
1967-05,18,0,0,0,1.0,0.0,0.0,0.0,1
1967-06,19,0,0,0,1.0,0.0,0.0,0.0,1
1967-07,19,0,0,0,1.0,0.0,0.0,0.0,1
1967-08,19,0,0,0,1.0,0.0,0.0,0.0,1
1967-09,19,0,0,0,1.0,0.0,0.0,0.0,1
1967-10,19,0,0,0,1.0,0.0,0.0,0.0,1
1967-11,19,0,0,0,1.0,0.0,0.0,0.0,1
1967-12,19,0,0,0,1.0,0.0,0.0,0.0,1
1968-01,18,0,0,0,1.0,0.0,0.0,0.0,1
1968-02,17,0,0,0,1.0,0.0,0.0,0.0,1
1968-03,17,0,0,0,1.0,0.0,0.0,0.0,1
1968-04,17,0,0,0,1.0,0.0,0.0,0.0,1
1968-05,17,0,0,0,1.0,0.0,0.0,0.0,1
1968-06,17,0,0,0,1.0,0.0,0.0,0.0,1
1968-07,18,0,0,0,1.0,0.0,0.0,0.0,1
1968-08,18,0,0,0,1.0,0.0,0.0,0.0,1
1968-09,18,0,0,0,1.0,0.0,0.0,0.0,1
1968-10,18,0,0,0,1.0,0.0,0.0,0.0,1
1968-11,18,0,0,0,1.0,0.0,0.0,0.0,1
1968-12,18,0,0,0,1.0,0.0,0.0,0.0,1
1969-01,18,0,0,0,1.0,0.0,0.0,0.0,1
1969-02,19,0,0,0,1.0,0.0,0.0,0.0,1
1969-03,19,0,0,0,1.0,0.0,0.0,0.0,1
1969-04,19,0,0,0,1.0,0.0,0.0,0.0,1
1969-05,19,0,0,0,1.0,0.0,0.0,0.0,1
1969-06,19,0,0,0,1.0,0.0,0.0,0.0,1
1969-07,19,0,0,0,1.0,0.0,0.0,0.0,1
1969-08,19,0,0,0,1.0,0.0,0.0,0.0,1
1969-09,19,0,0,0,1.0,0.0,0.0,0.0,1
1969-10,19,0,0,0,1.0,0.0,0.0,0.0,1
1969-11,19,0,0,0,1.0,0.0,0.0,0.0,1
1969-12,19,0,0,0,1.0,0.0,0.0,0.0,1
1970-01,19,0,0,0,1.0,0.0,0.0,0.0,1
1970-02,19,0,0,0,1.0,0.0,0.0,0.0,1
1970-03,19,0,0,0,1.0,0.0,0.0,0.0,1
1970-04,19,0,0,0,1.0,0.0,0.0,0.0,1
1970-05,19,0,0,0,1.0,0.0,0.0,0.0,1
1970-06,19,0,0,0,1.0,0.0,0.0,0.0,1
1970-07,19,0,0,0,1.0,0.0,0.0,0.0,1
1970-08,19,0,0,0,1.0,0.0,0.0,0.0,1
1970-09,19,0,0,0,1.0,0.0,0.0,0.0,1
1970-10,19,0,0,0,1.0,0.0,0.0,0.0,1
1970-11,19,0,0,0,1.0,0.0,0.0,0.0,1
1970-12,19,0,0,0,1.0,0.0,0.0,0.0,1
1971-01,19,0,0,0,1.0,0.0,0.0,0.0,1
1971-02,19,0,0,0,1.0,0.0,0.0,0.0,1
1971-03,19,0,0,0,1.0,0.0,0.0,0.0,1
1971-04,19,0,0,0,1.0,0.0,0.0,0.0,1
1971-05,19,0,0,0,1.0,0.0,0.0,0.0,1
1971-06,19,0,0,0,1.0,0.0,0.0,0.0,1
1971-07,19,0,0,0,1.0,0.0,0.0,0.0,1
1971-08,19,0,0,0,1.0,0.0,0.0,0.0,1
1971-09,19,0,0,0,1.0,0.0,0.0,0.0,1
1971-10,19,0,0,0,1.0,0.0,0.0,0.0,1
1971-11,19,0,0,0,1.0,0.0,0.0,0.0,1
1971-12,19,0,0,0,1.0,0.0,0.0,0.0,1
1972-01,19,0,0,0,1.0,0.0,0.0,0.0,1
1972-02,20,0,0,0,1.0,0.0,0.0,0.0,1
1972-03,20,0,0,0,1.0,0.0,0.0,0.0,1
1972-04,20,0,0,0,1.0,0.0,0.0,0.0,1
1972-05,20,0,0,0,1.0,0.0,0.0,0.0,1
1972-06,20,0,0,0,1.0,0.0,0.0,0.0,1
1972-07,20,0,0,0,1.0,0.0,0.0,0.0,1
1972-08,20,0,0,0,1.0,0.0,0.0,0.0,1
1972-09,20,0,0,0,1.0,0.0,0.0,0.0,1
1972-10,20,0,0,0,1.0,0.0,0.0,0.0,1
1972-11,20,0,0,0,1.0,0.0,0.0,0.0,1
1972-12,20,0,0,0,1.0,0.0,0.0,0.0,1
1973-01,20,0,0,0,1.0,0.0,0.0,0.0,1
1973-02,20,5,0,0,0.5,0.5,0.0,0.0,1
1973-03,20,5,0,0,0.5,0.5,0.0,0.0,1
1973-04,20,5,0,0,0.5,0.5,0.0,0.0,1
1973-05,20,5,0,0,0.5,0.5,0.0,0.0,1
1973-06,20,5,0,0,0.5,0.5,0.0,0.0,1
1973-07,20,5,0,0,0.5,0.5,0.0,0.0,1
1973-08,20,5,0,0,0.5,0.5,0.0,0.0,1
1973-09,20,5,0,0,0.5,0.5,0.0,0.0,1
1973-10,20,5,0,0,0.5,0.5,0.0,0.0,1
1973-11,20,5,0,0,0.5,0.5,0.0,0.0,1
1973-12,20,5,0,0,0.5,0.5,0.0,0.0,1
1974-01,20,5,0,0,0.5,0.5,0.0,0.0,1
1974-02,20,5,0,0,0.5,0.5,0.0,0.0,1
1974-03,20,5,0,0,0.5,0.5,0.0,0.0,1
1974-04,20,5,0,0,0.5,0.5,0.0,0.0,1
1974-05,20,5,0,0,0.5,0.5,0.0,0.0,1
1974-06,20,5,0,0,0.5,0.5,0.0,0.0,1
1974-07,20,5,0,0,0.5,0.5,0.0,0.0,1
1974-08,20,5,0,0,0.5,0.5,0.0,0.0,1
1974-09,20,5,0,0,0.5,0.5,0.0,0.0,1
1974-10,20,5,0,0,0.5,0.5,0.0,0.0,1
1974-11,20,5,0,0,0.5,0.5,0.0,0.0,1
1974-12,20,5,0,0,0.5,0.5,0.0,0.0,1
1975-01,20,5,0,0,0.5,0.5,0.0,0.0,1
1975-02,20,5,0,0,0.6570986297009972,0.3429013702990027,0.0,0.0,1
1975-03,20,5,0,0,0.6501225368912702,0.34987746310872986,0.0,0.0,1
1975-04,20,5,0,0,0.6501172913070581,0.3498827086929419,0.0,0.0,1
1975-05,20,5,0,0,0.6465187734591467,0.35348122654085323,0.0,0.0,1
1975-06,20,5,0,0,0.6455020429977232,0.3544979570022768,0.0,0.0,1
1975-07,20,5,0,0,0.641098116347603,0.35890188365239695,0.0,0.0,1
1975-08,20,5,0,0,0.6306421172832162,0.3693578827167838,0.0,0.0,1
1975-09,20,5,0,0,0.6237662615426453,0.3762337384573547,0.0,0.0,1
1975-10,20,5,0,0,0.6194697943120218,0.3805302056879783,0.0,0.0,1
1975-11,20,5,0,0,0.616394500319614,0.38360549968038593,0.0,0.0,1
1975-12,20,5,0,0,0.6128740922873426,0.38712590771265737,0.0,0.0,1
1976-01,20,5,0,0,0.6110889885272587,0.38891101147274143,0.0,0.0,1
1976-02,20,5,0,0,0.6246799533998662,0.3753200466001339,0.0,0.0,1
1976-03,20,5,0,0,0.3939346125996335,0.6060653874003665,0.0,0.0,1
1976-04,20,5,0,0,0.39697030387612964,0.6030296961238704,0.0,0.0,1
1976-05,20,5,0,0,0.4081651562130689,0.5918348437869311,0.0,0.0,1
1976-06,20,5,0,0,0.42131024656995103,0.578689753430049,0.0,0.0,1
1976-07,20,5,0,0,0.4348733373748772,0.5651266626251229,0.0,0.0,1
1976-08,20,5,0,0,0.4484980791804689,0.5515019208195311,0.0,0.0,1
1976-09,20,5,0,0,0.4619062856001824,0.5380937143998176,0.0,0.0,1
1976-10,20,5,0,0,0.4726420181657731,0.5273579818342268,0.0,0.0,1
1976-11,20,5,0,0,0.47625799013026465,0.5237420098697353,0.0,0.0,1
1976-12,20,5,0,0,0.5112976385818296,0.48870236141817036,0.0,0.0,1
1977-01,20,5,0,0,0.5386122860488196,0.4613877139511805,0.0,0.0,1
1977-02,20,5,0,0,0.5863881276091214,0.41361187239087865,0.0,0.0,1
1977-03,20,5,0,0,0.6961163506551914,0.30388364934480866,0.0,0.0,1
1977-04,20,5,0,0,0.6646861538453881,0.3353138461546119,0.0,0.0,1
1977-05,20,5,0,0,0.6660438515625261,0.3339561484374739,0.0,0.0,1
1977-06,20,5,0,0,0.6667415782721174,0.3332584217278826,0.0,0.0,1
1977-07,20,5,0,0,0.6797712148534865,0.3202287851465135,0.0,0.0,1
1977-08,20,5,0,0,0.6818789975716822,0.31812100242831776,0.0,0.0,1
1977-09,20,5,5,0,0.3333333333333333,0.3333333333333333,0.3333333333333333,0.0,1
1977-10,20,5,5,0,0.3333333333333333,0.3333333333333333,0.3333333333333333,0.0,1
1977-11,20,5,5,0,0.3333333333333333,0.3333333333333333,0.3333333333333333,0.0,1
1977-12,20,5,5,0,0.3333333333333333,0.3333333333333333,0.3333333333333333,0.0,1
1978-01,20,5,5,0,0.3333333333333333,0.3333333333333333,0.3333333333333333,0.0,1
1978-02,20,5,5,0,0.3333333333333333,0.3333333333333333,0.3333333333333333,0.0,1
1978-03,20,5,5,0,0.3333333333333333,0.3333333333333333,0.3333333333333333,0.0,1
1978-04,20,5,5,0,0.3333333333333333,0.3333333333333333,0.3333333333333333,0.0,1
1978-05,20,5,5,0,0.3333333333333333,0.3333333333333333,0.3333333333333333,0.0,1
1978-06,20,5,5,0,0.3333333333333333,0.3333333333333333,0.3333333333333333,0.0,1
1978-07,20,5,5,0,0.3333333333333333,0.3333333333333333,0.3333333333333333,0.0,1
1978-08,20,5,5,0,0.3333333333333333,0.3333333333333333,0.3333333333333333,0.0,1
1978-09,20,5,5,0,0.3333333333333333,0.3333333333333333,0.3333333333333333,0.0,1
1978-10,20,5,5,0,0.3333333333333333,0.3333333333333333,0.3333333333333333,0.0,1
1978-11,20,5,5,0,0.3333333333333333,0.3333333333333333,0.3333333333333333,0.0,1
1978-12,20,5,5,0,0.3333333333333333,0.3333333333333333,0.3333333333333333,0.0,1
1979-01,20,5,5,0,0.3333333333333333,0.3333333333333333,0.3333333333333333,0.0,1
1979-02,20,5,5,0,0.3333333333333333,0.3333333333333333,0.3333333333333333,0.0,1
1979-03,20,5,5,0,0.3333333333333333,0.3333333333333333,0.3333333333333333,0.0,1
1979-04,20,5,5,0,0.3333333333333333,0.3333333333333333,0.3333333333333333,0.0,1
1979-05,20,5,5,0,0.3333333333333333,0.3333333333333333,0.3333333333333333,0.0,1
1979-06,20,5,5,0,0.3333333333333333,0.3333333333333333,0.3333333333333333,0.0,1
1979-07,20,5,5,0,0.3333333333333333,0.3333333333333333,0.3333333333333333,0.0,1
1979-08,20,5,5,0,0.3333333333333333,0.3333333333333333,0.3333333333333333,0.0,1
1979-09,20,5,5,0,0.40550722935365285,0.1860242105498853,0.4084685600964618,0.0,1
1979-10,20,5,5,0,0.38671759000150574,0.18962105885185454,0.4236613511466396,0.0,1
1979-11,20,5,5,0,0.38744970376233395,0.1963248136905048,0.41622548254716124,0.0,1
1979-12,20,5,5,0,0.4111449073940364,0.2164618199725595,0.37239327263340416,0.0,1
1980-01,20,5,5,0,0.4069427933432381,0.2186217938656666,0.3744354127910953,0.0,1
1980-02,20,5,5,0,0.4128678725556418,0.24054012163677582,0.3465920058075825,0.0,1
1980-03,20,5,5,0,0.43007629674146713,0.2468999449422875,0.32302375831624536,0.0,1
1980-04,20,5,5,0,0.43577269930131113,0.2565448144523381,0.30768248624635075,0.0,1
1980-05,20,5,5,0,0.44834052963933024,0.25463362698839936,0.29702584337227045,0.0,1
1980-06,20,5,5,0,0.4654572481649326,0.2631658675405439,0.27137688429452345,0.0,1
1980-07,20,5,5,0,0.4644309990272699,0.2624397975923504,0.2731292033803797,0.0,1
1980-08,20,5,5,0,0.45832249390930907,0.2631286162826097,0.27854888980808123,0.0,1
1980-09,20,5,5,0,0.4565527016262591,0.26211077630171375,0.2813365220720272,0.0,1
1980-10,20,5,5,0,0.4573859469276675,0.26175634569012224,0.2808577073822103,0.0,1
1980-11,20,5,5,0,0.4489257994360875,0.2763125971974778,0.2747616033664347,0.0,1
1980-12,20,5,5,0,0.45122408985618623,0.2740354135338253,0.2747404966099884,0.0,1
1981-01,20,5,5,0,0.4440307330020807,0.27999371926702576,0.2759755477308935,0.0,1
1981-02,20,5,5,0,0.44363415658765143,0.2797668015801815,0.27659904183216716,0.0,1
1981-03,20,5,5,0,0.44353059619853713,0.2790808588380085,0.2773885449634545,0.0,1
1981-04,20,5,5,0,0.4452782383508161,0.2774272792264654,0.27729448242271865,0.0,1
1981-05,20,5,5,0,0.4500105415135265,0.2758009375042234,0.27418852098225005,0.0,1
1981-06,20,5,5,0,0.4518615981268138,0.27450876890643566,0.2736296329667504,0.0,1
1981-07,20,5,5,0,0.4493943230452214,0.28608938886536633,0.26451628808941224,0.0,1
1981-08,20,5,5,0,0.4471587958870334,0.3002371943511144,0.25260400976185227,0.0,1
1981-09,20,5,5,0,0.44473592573434256,0.30153898885487074,0.25372508541078675,0.0,1
1981-10,20,5,5,0,0.44163374547239387,0.3070935087203688,0.25127274580723724,0.0,1
1981-11,20,5,5,0,0.44052838257114235,0.31420688437411093,0.24526473305474675,0.0,1
1981-12,20,5,5,0,0.40111447999122835,0.4023665589043044,0.19651896110446732,0.0,1
1982-01,20,5,5,0,0.39780348868343907,0.40617296711926315,0.19602354419729787,0.0,1
1982-02,20,5,5,0,0.39874807948697116,0.4069787648959593,0.19427315561706954,0.0,1
1982-03,20,5,5,0,0.42051363458059837,0.39228446787663546,0.18720189754276625,0.0,1
1982-04,20,5,5,0,0.42517883949738994,0.3819011878578463,0.19291997264476363,0.0,1
1982-05,20,5,5,6,0.25,0.25,0.25,0.25,1
1982-06,20,5,5,6,0.25,0.25,0.25,0.25,1
1982-07,20,5,5,6,0.25,0.25,0.25,0.25,1
1982-08,20,5,5,6,0.25,0.25,0.25,0.25,1
1982-09,20,5,5,6,0.25,0.25,0.25,0.25,1
1982-10,20,5,5,6,0.25,0.25,0.25,0.25,1
1982-11,20,5,5,6,0.25,0.25,0.25,0.25,1
1982-12,20,5,5,6,0.25,0.25,0.25,0.25,1
1983-01,20,5,5,6,0.25,0.25,0.25,0.25,1
1983-02,20,5,5,6,0.25,0.25,0.25,0.25,1
1983-03,20,5,5,6,0.25,0.25,0.25,0.25,1
1983-04,20,5,5,6,0.25,0.25,0.25,0.25,1
1983-05,20,5,5,6,0.25,0.25,0.25,0.25,1
1983-06,20,5,5,6,0.25,0.25,0.25,0.25,1
1983-07,20,5,5,6,0.25,0.25,0.25,0.25,1
1983-08,20,5,5,6,0.25,0.25,0.25,0.25,1
1983-09,20,5,5,6,0.25,0.25,0.25,0.25,1
1983-10,20,5,5,6,0.25,0.25,0.25,0.25,1
1983-11,20,5,5,6,0.25,0.25,0.25,0.25,1
1983-12,20,5,5,6,0.25,0.25,0.25,0.25,1
1984-01,20,5,5,6,0.25,0.25,0.25,0.25,1
1984-02,20,5,5,6,0.25,0.25,0.25,0.25,1
1984-03,20,5,5,6,0.25,0.25,0.25,0.25,1
1984-04,20,5,5,6,0.25,0.25,0.25,0.25,1
1984-05,20,5,5,6,0.43842606007274704,0.17473500242405254,0.14698258484490703,0.23985635265829333,1
1984-06,20,5,5,6,0.4502255111498516,0.1779397043142305,0.15028099340065437,0.2215537911352635,1
1984-07,20,5,5,6,0.44745097684321594,0.17505815590838814,0.15331478699890275,0.22417608024949315,1
1984-08,20,5,5,6,0.43731301469359657,0.17107529608484,0.16705944390950792,0.2245522453120555,1
1984-09,20,5,5,6,0.450744513340298,0.17337073095072622,0.1751520835320691,0.20073267217690668,1
1984-10,20,5,5,6,0.45008040113124825,0.16991382397128157,0.17819956669967713,0.201806208197793,1
1984-11,20,5,5,6,0.4485019969031418,0.16925345253988677,0.17788758387793446,0.20435696667903702,1
1984-12,20,5,5,6,0.4138199705324965,0.16364907756074487,0.22768616596112135,0.19484478594563734,1
1985-01,20,5,5,6,0.4075057139914715,0.16458514219723194,0.22887277483827853,0.19903636897301805,1
1985-02,20,5,5,6,0.4057873453237208,0.16449310092116107,0.228414910831704,0.20130464292341413,1
1985-03,20,5,5,6,0.41834960459863607,0.13302962954823572,0.23724193702578933,0.2113788288273389,1
1985-04,20,5,5,6,0.4293039473461166,0.11549377550826859,0.2434561385862292,0.21174613855938565,1
1985-05,20,5,5,6,0.42681604818890684,0.11652836124983841,0.24275177827217603,0.2139038122890787,1
1985-06,20,5,5,6,0.40524120573988676,0.11315834082012867,0.2762886942848169,0.20531175915516772,1
1985-07,20,5,5,6,0.42668008338422914,0.11474863263611292,0.254941902971609,0.20362938100804887,1
1985-08,20,5,5,6,0.4319541567991741,0.11473401053426184,0.2630470407640142,0.19026479190254988,1
1985-09,20,5,5,6,0.4338924601348236,0.1143934797576067,0.26100743911370894,0.19070662099386082,1
1985-10,20,5,5,6,0.43778609665728635,0.11164591256531792,0.258976680888049,0.19159130988934683,1
1985-11,20,5,5,6,0.44495305234992993,0.1081009138788641,0.26870284440933634,0.17824318936186961,1
1985-12,20,5,5,6,0.4309145123175731,0.11327336960379261,0.2754634620022924,0.18034865607634193,1
1986-01,20,5,5,6,0.4345145259561711,0.11552223986533373,0.2643151798931509,0.18564805428534423,1
1986-02,20,5,5,6,0.4348355112871149,0.11546253319713862,0.2614020702835212,0.18829988523222538,1
1986-03,20,5,5,6,0.4455036648585429,0.11705112466094433,0.2519450863905829,0.18550012408992983,1
1986-04,20,5,5,6,0.43986576589712123,0.1217386270266488,0.2554916686720088,0.18290393840422123,1
1986-05,20,5,5,6,0.4408654757123064,0.1257504944599596,0.253222064067797,0.18016196575993704,1
1986-06,20,5,5,6,0.4493322421843593,0.12511952959605976,0.2464250644009928,0.17912316381858817,1
1986-07,20,5,5,6,0.4416232918711982,0.1239847813866549,0.25791236834990033,0.17647955839224658,1
1986-08,20,5,5,6,0.43986500923252814,0.12423895951529304,0.2617147622194962,0.17418126903268255,1
1986-09,20,5,5,6,0.43978678900227486,0.12427284166345591,0.2620296699014939,0.17391069943277537,1
1986-10,20,5,5,6,0.44449787510296157,0.12581611585526514,0.25544717951310203,0.17423882952867137,1
1986-11,20,5,5,6,0.4426445725223617,0.12525473547402557,0.2564582103289557,0.17564248167465693,1
1986-12,20,5,5,6,0.4255449406361248,0.1287611976792285,0.26461357178348494,0.1810802899011617,1
1987-01,20,5,5,6,0.425219834702743,0.12867954261210002,0.2650753274525863,0.18102529523257083,1
1987-02,20,5,5,6,0.4581024449022561,0.1210490039725802,0.2526754623403524,0.16817308878481135,1
1987-03,20,5,5,6,0.4639573705108182,0.1223902449486188,0.24836635114134453,0.16528603339921838,1
1987-04,20,5,5,6,0.4735981410644462,0.1211272865328885,0.24818377900302663,0.15709079339963866,1
1987-05,20,5,5,6,0.47557842404128736,0.12167395429999704,0.24460121769536178,0.15814640396335383,1
1987-06,20,5,5,6,0.45599798843021927,0.12544955258937107,0.24500864028512684,0.17354381869528288,1
1987-07,20,5,5,6,0.4569294016245977,0.12530140375646223,0.2423872720589349,0.17538192256000526,1
1987-08,20,5,5,6,0.46131096488449524,0.1251707221629639,0.23985399923083617,0.17366431372170457,1
1987-09,20,5,5,6,0.4484790280208748,0.1229567898748985,0.24031757390315245,0.18824660820107414,1
1987-10,20,5,5,6,0.44940267291685576,0.12409031256828927,0.23982857386878867,0.18667844064606628,1
1987-11,20,5,5,6,0.47378595223441,0.13386375928484268,0.25137988231803354,0.14097040616271383,1
1987-12,20,5,5,6,0.4859738615519735,0.13434574903158583,0.24105829425546452,0.1386220951609762,1
1988-01,20,5,5,6,0.447813577151416,0.1425743716839559,0.2592100485988125,0.15040200256581554,1
1988-02,20,5,5,6,0.449814345070137,0.1405691352870849,0.25901620948773557,0.15060031015504255,1
1988-03,20,5,5,6,0.43951007983449003,0.16399392651270375,0.2499413306655821,0.14655466298722417,1
1988-04,20,5,5,6,0.39923138502027294,0.2031123841540121,0.2515862717770499,0.14606995904866518,1
1988-05,20,5,5,6,0.40063260625987535,0.20344988071968306,0.24997478186056016,0.1459427311598814,1
1988-06,20,5,5,6,0.4029439380025867,0.20463816008386562,0.2462319100587255,0.1461859918548222,1
1988-07,20,5,5,6,0.35167691259070216,0.22095318631158897,0.2721971919592821,0.15517270913842673,1
1988-08,20,5,5,6,0.34872463093908557,0.2227643891583741,0.2707012187927074,0.15780976110983286,1
1988-09,20,5,5,6,0.3473676922595736,0.2217392882585109,0.2723377763150073,0.1585552431669082,1
1988-10,20,5,5,6,0.34607804978258927,0.22387922264166482,0.2722031833645132,0.1578395442112327,1
1988-11,20,5,5,6,0.3395997189947443,0.22178023453736193,0.2825458263909767,0.15607422007691707,1
1988-12,20,5,5,6,0.3413427758497781,0.2188794043117663,0.28311384328647127,0.15666397655198427,1
1989-01,20,5,5,6,0.343337200441935,0.2122239421236992,0.28901936057714805,0.1554194968572178,1
1989-02,20,5,5,6,0.34211268799179906,0.21465527984645735,0.2871117984134287,0.15612023374831485,1
1989-03,20,5,5,6,0.33680993661840875,0.20384088634494973,0.30223217729748747,0.15711699973915405,1
1989-04,20,5,5,6,0.33538071638559885,0.20091388510063474,0.3046323739202899,0.15907302459347653,1
1989-05,20,5,5,6,0.32265410537152744,0.19905227313787016,0.3173158280241607,0.16097779346644173,1
1989-06,20,5,5,6,0.31173341777320457,0.20657725651166395,0.32369754284245006,0.15799178287268137,1
1989-07,20,5,5,6,0.3063620065189634,0.205888507580044,0.32862494423770877,0.1591245416632839,1
1989-08,20,5,5,6,0.30635263669883,0.20298260421872963,0.33014327725191067,0.16052148183052964,1
1989-09,20,5,5,6,0.3038561177345127,0.2025386036174333,0.330784818407568,0.1628204602404858,1
1989-10,20,5,5,6,0.3010790215724296,0.19930140517670888,0.33667612479567255,0.162943448455189,1
1989-11,20,5,5,6,0.302466554390274,0.20162693786234906,0.33376103628381704,0.16214547146355998,1
1989-12,20,5,5,6,0.31053149433690463,0.1987674902944796,0.33068025394521844,0.16002076142339727,1
1990-01,20,5,5,6,0.31044218848374927,0.19879525166134285,0.33065334933864843,0.16010921051625945,1
1990-02,20,5,5,6,0.31215584272579217,0.20671250923329962,0.3151810341512967,0.1659506138896114,1
1990-03,20,5,5,6,0.31291587824606787,0.20843292318463852,0.3083719906698745,0.1702792078994191,1
1990-04,20,5,5,6,0.30422786929866186,0.2295789132523464,0.2718289756474444,0.19436424180154732,1
1990-05,20,5,5,6,0.3056339900567135,0.23668125260426148,0.2574999199533099,0.2001848373857152,1
1990-06,20,5,5,6,0.3116131310709713,0.23746218035452601,0.2514478323475398,0.19947685622696296,1
1990-07,20,5,5,6,0.31687406068469176,0.2364672595173044,0.2439399408883679,0.2027187389096359,1
1990-08,20,5,5,6,0.3192264621528859,0.2323080245745287,0.2457711184215122,0.20269439485107318,1
1990-09,20,5,5,6,0.30819773177575266,0.23381918110410188,0.24671889982837153,0.2112641872917739,1
1990-10,20,5,5,6,0.3080444005096248,0.2344714228204833,0.24781824745997183,0.2096659292099201,1
1990-11,20,5,5,6,0.2638464251176966,0.2021584361031699,0.2160132688778977,0.3179818699012357,1
1990-12,20,5,5,6,0.2567199001202986,0.20170299590154608,0.20267135970638875,0.33890574427176656,1
1991-01,20,5,5,6,0.2681028463253931,0.2116197031617343,0.1948651497846087,0.3254123007282638,1
1991-02,20,5,6,6,0.26444749551509855,0.2217833767936393,0.1921447185438856,0.3216244091473765,1
1991-03,20,5,6,6,0.26916069915412966,0.22302458045328186,0.19903205794581738,0.3087826624467711,1
1991-04,20,5,6,6,0.27762429147739365,0.229536344255425,0.19033286316035072,0.3025065011068306,1
1991-05,20,5,6,6,0.2781690199047802,0.22934057034899022,0.1902106337835343,0.3022797759626953,1
1991-06,20,5,6,6,0.27908292294497045,0.22920198177098428,0.19256900390626344,0.29914609137778186,1
1991-07,20,5,6,6,0.3651981599587601,0.203024165590565,0.16483874433303472,0.26693893011764025,1
1991-08,20,5,6,6,0.36692667699722786,0.19961607173175047,0.16581745509948914,0.26763979617153255,1
1991-09,20,5,6,6,0.36637566567670293,0.20247742684845896,0.1653289405309185,0.2658179669439196,1
1991-10,20,5,6,6,0.3706967931237695,0.20241474588540453,0.16111850137993763,0.26576995961088834,1
1991-11,20,5,6,6,0.3647185961420518,0.20201651523294104,0.15747422028109936,0.27579066834390775,1
1991-12,20,5,6,6,0.3641157730194668,0.20603179765718152,0.15546541675055853,0.2743870125727932,1
1992-01,20,5,6,6,0.36145902345574854,0.2095460451486954,0.15400668042029939,0.27498825097525664,1
1992-02,20,5,6,6,0.3644590445077452,0.21157981196484787,0.15916665513580724,0.26479448839159964,1
1992-03,20,5,6,6,0.3521208468063005,0.23667957504024037,0.15249184487734563,0.2587077332761134,1
1992-04,20,5,6,6,0.3603293317210255,0.23308393881267936,0.1497373864835537,0.25684934298274137,1
1992-05,20,5,6,6,0.35760024144138114,0.23709430630943187,0.15160027468655057,0.25370517756263644,1
1992-06,20,5,6,6,0.35696328132749366,0.24065695222319342,0.15013314031915462,0.25224662613015836,1
1992-07,20,5,6,6,0.35966270279039264,0.2333974225336085,0.15205075518043148,0.2548891194955674,1
1992-08,20,5,6,6,0.34606246511071265,0.249032175995031,0.14576456749797576,0.25914079139628055,1
1992-09,20,5,6,6,0.3565813788519142,0.2371979048106142,0.148171789526776,0.25804892681069563,1
1992-10,20,5,6,6,0.3667271136275714,0.2404448437656139,0.1434589590144872,0.24936908359232765,1
1992-11,20,5,6,6,0.3734659814244066,0.21937520093089033,0.14770512880641407,0.259453688838289,1
1992-12,20,5,6,6,0.37503483857892805,0.22017309030319096,0.14917098262942477,0.2556210884884562,1
1993-01,20,5,6,6,0.38410745476667474,0.21468394059280213,0.148824718610914,0.2523838860296092,1
1993-02,20,5,6,6,0.3913065279269582,0.21255593763060837,0.14691624410986323,0.24922129033257026,1
1993-03,20,5,6,6,0.3841153613369175,0.21688723989195682,0.13687527125770413,0.2621221275134216,1
1993-04,20,5,6,6,0.39771729415144474,0.21123057468670894,0.13872634633405245,0.25232578482779383,1
1993-05,20,5,6,6,0.4005409375414843,0.20506938207135225,0.14040937175972673,0.2539803086274367,1
1993-06,20,5,6,6,0.39632914625305743,0.2040505388120398,0.1419362753771127,0.2576840395577901,1
1993-07,20,5,6,6,0.3897401062144615,0.2069385551180934,0.14574703090299776,0.25757430776444734,1
1993-08,20,5,6,6,0.369960200790201,0.2201273168394781,0.14537555237290437,0.2645369299974166,1
1993-09,20,5,6,6,0.3877687500645301,0.21720064596982266,0.13297104267024762,0.26205956129539953,1
1993-10,20,5,6,6,0.3876567506518052,0.21086868175242185,0.1313843654276659,0.27009020216810703,1
1993-11,20,5,6,6,0.41199414138899026,0.2093210091001111,0.13826112883072345,0.24042372068017526,1
1993-12,20,5,6,6,0.4043195647142188,0.20767651399790343,0.1493526243040112,0.2386512969838666,1
1994-01,20,5,6,6,0.4138515981075157,0.21178300045226603,0.151661403210566,0.22270399822965223,1
1994-02,20,5,6,6,0.41551291090104814,0.21298505694419356,0.15454658539448682,0.21695544676027148,1
1994-03,20,5,6,6,0.4238256265168528,0.2098689166501627,0.13387092518566968,0.23243453164731487,1
1994-04,20,5,6,6,0.4504849968274255,0.21856852788476813,0.1187932911358255,0.21215318415198092,1
1994-05,20,5,6,6,0.45076462210254015,0.21916218726843822,0.11918731792148449,0.21088587270753711,1
1994-06,20,5,6,6,0.4485829548232802,0.21991672901740875,0.11961750077429545,0.21188281538501555,1
1994-07,20,5,6,6,0.44324246140132023,0.22076194460991855,0.12177004789504306,0.21422554609371808,1
1994-08,20,5,6,6,0.4159309890264186,0.23385152609334628,0.12691660760295137,0.22330087727728382,1
1994-09,20,5,6,6,0.4169028817602131,0.2336849971365971,0.12671292094683437,0.22269920015635533,1
1994-10,20,5,6,6,0.42467457131214476,0.23098091912607221,0.12570604335420885,0.21863846620757413,1
1994-11,20,5,6,6,0.4291675853635405,0.22714731543137925,0.125914727522807,0.21777037168227328,1
1994-12,20,5,6,6,0.4019439475682932,0.2421105193676199,0.13463838476248133,0.22130714830160553,1
1995-01,20,5,6,6,0.4037303932219472,0.24196020739261723,0.13321432769585767,0.22109507168957795,1
1995-02,20,5,6,6,0.39331730409135435,0.2482076265470188,0.1333881035953963,0.22508696576623052,1
1995-03,20,5,6,6,0.39020859518144585,0.24905264661139487,0.1349926931845947,0.22574606502256458,1
1995-04,20,5,6,6,0.4088237207646559,0.2125322958061978,0.14167792670690413,0.23696605672224214,1
1995-05,20,5,6,6,0.41286394730379594,0.20767039335700008,0.14050078515256348,0.23896487418664053,1
1995-06,20,5,6,6,0.41539176728547145,0.20865728209205575,0.1408612995277277,0.23508965109474514,1
1995-07,20,5,6,6,0.4193298956206307,0.2142356458781273,0.14038762745120573,0.22604683105003617,1
1995-08,20,5,6,6,0.4360740214712196,0.20529087433041138,0.14103604292281152,0.2175990612755575,1
1995-09,20,5,6,6,0.43164555643554053,0.21128748216353516,0.14003365090806105,0.21703331049286337,1
1995-10,20,5,6,6,0.4373361256368258,0.2138619697971496,0.1406793412060883,0.20812256335993634,1
1995-11,20,5,6,6,0.4395732806646968,0.22104023472695222,0.136600886607604,0.20278559800074691,1
1995-12,20,5,6,6,0.44558089370802356,0.21725197532975088,0.13450981885025376,0.2026573121119718,1
1996-01,20,5,6,6,0.4430577666034737,0.22138942745951676,0.13484996358601606,0.2007028423509935,1
1996-02,20,5,6,6,0.4424608747820763,0.2216372170102251,0.13504942773557438,0.20085248047212428,1
1996-03,20,5,6,6,0.4367590734569102,0.22360519931324338,0.1442927260028968,0.19534300122694964,1
1996-04,20,5,6,6,0.4396527624759093,0.22211647994161204,0.13956816256684257,0.1986625950156361,1
1996-05,20,5,6,6,0.4445922651026947,0.22051384552298003,0.1384784571437011,0.1964154322306242,1
1996-06,20,5,6,6,0.44434743444213476,0.2200124398212997,0.14007790931617584,0.19556221642038962,1
1996-07,20,5,6,6,0.44003031139219567,0.22264872181578185,0.14197929978684842,0.19534166700517408,1
1996-08,20,5,6,6,0.4506319135316164,0.21871315823744733,0.14258736326192464,0.18806756496901159,1
1996-09,20,5,6,6,0.44336800873605525,0.22021707192978643,0.14823941977999847,0.18817549955415994,1
1996-10,20,5,6,6,0.4416186684747108,0.21970508766957653,0.15117791994654597,0.18749832390916676,1
1996-11,20,5,6,6,0.443406293415812,0.23051925569395287,0.14747215420554002,0.17860229668469513,1
1996-12,20,5,6,6,0.4499594569185409,0.22360677881928123,0.15134158655132113,0.17509217771085672,1
1997-01,20,5,6,6,0.445060134138679,0.22522579764895226,0.15315914659401597,0.17655492161835276,1
1997-02,20,5,6,6,0.45401917500222905,0.21983574168466843,0.15131040091747225,0.1748346823956303,1
1997-03,20,5,6,6,0.4434088756952272,0.22202570213993428,0.1620468567000163,0.1725185654648223,1
1997-04,20,5,6,6,0.4173976682319813,0.2106846541991976,0.19484216097104326,0.17707551659777773,1
1997-05,20,5,6,6,0.42118239840784466,0.21001191341940306,0.19471378874464984,0.17409189942810252,1
1997-06,20,5,6,6,0.4309703480282503,0.19725079564917122,0.19841477847774178,0.17336407784483662,1
1997-07,20,5,6,6,0.42554260418791007,0.19740987187521816,0.20455644692801853,0.17249107700885324,1
1997-08,20,5,6,6,0.4322442158523408,0.19688874271542256,0.20392430904891787,0.16694273238331878,1
1997-09,20,5,6,6,0.43421968469822636,0.19683744818025398,0.2043317895373791,0.16461107758414062,1
1997-10,20,5,6,6,0.43358947426429484,0.19981201985442715,0.19916762879823358,0.16743087708304447,1
1997-11,20,5,6,6,0.41624193390331793,0.20777667921577256,0.20294746634234814,0.17303392053856143,1
1997-12,20,5,6,6,0.44885414621797204,0.1973738750623225,0.1957179348512508,0.1580540438684546,1
1998-01,20,5,6,6,0.4429651129066905,0.19529113746039944,0.20255466709809605,0.159189082534814,1
1998-02,20,5,6,6,0.4499667047437337,0.19906112903097511,0.1914650897231323,0.15950707650215884,1
1998-03,20,5,6,6,0.46096198852363157,0.1965272156902268,0.19198315652101225,0.15052763926512933,1
1998-04,20,5,6,6,0.4385744547570522,0.22486577917120337,0.18902443791445706,0.14753532815728734,1
1998-05,20,5,6,6,0.4423642330846926,0.2250702768393295,0.18566715048806184,0.1468983395879161,1
1998-06,20,5,6,6,0.4390951394662652,0.22119596409242787,0.19044240767141682,0.14926648876989013,1
1998-07,20,5,6,6,0.42325483741850306,0.225713874036824,0.1984057961781023,0.15262549236657066,1
1998-08,20,5,6,6,0.42190829019661413,0.22507700082443458,0.2001536588301585,0.15286105014879284,1
1998-09,20,5,6,6,0.3909560602998312,0.2263062815329474,0.21759951698841018,0.16513814117881115,1
1998-10,20,5,6,6,0.405717083533918,0.21681234439677738,0.21598454995893462,0.16148602211037,1
1998-11,20,5,6,6,0.4110815988970362,0.21632427387387404,0.2142045090268128,0.15838961820227698,1
1998-12,20,5,6,6,0.40751448220124753,0.22059315033094812,0.21437281056749166,0.1575195569003126,1
1999-01,20,5,6,6,0.3964505147317749,0.22363217112945963,0.21916382699929238,0.16075348713947313,1
1999-02,20,5,6,6,0.4027038491633027,0.21153107037692484,0.22294367370098556,0.16282140675878687,1
1999-03,20,5,6,6,0.40815892627878075,0.20970316919645376,0.2181238237034186,0.16401408082134677,1
1999-04,20,5,6,6,0.4029337033514244,0.2076206283778065,0.2275011458540767,0.16194452241669244,1
1999-05,20,5,6,6,0.3977109491842975,0.20927282338951106,0.2295914031266937,0.16342482429949778,1
1999-06,20,5,6,6,0.3962818014826106,0.2098155102499655,0.23070582350095722,0.16319686476646672,1
1999-07,20,5,6,6,0.4029229829935162,0.21124243471755835,0.2203417342479763,0.16549284804094924,1
1999-08,20,5,6,6,0.38310688736138915,0.21536121187874308,0.22713173907576467,0.17440016168410302,1
1999-09,20,5,6,6,0.38549113106810046,0.21398007209101844,0.22754227096183066,0.17298652587905047,1
1999-10,20,5,6,6,0.3848034364342342,0.21541557598123523,0.22694629025303298,0.1728346973314976,1
1999-11,20,5,6,6,0.3761508417173816,0.2124751515053025,0.23055936487342465,0.18081464190389118,1
1999-12,20,5,6,6,0.37728860941029685,0.21655980759972995,0.2227595057432696,0.18339207724670367,1
2000-01,20,5,6,6,0.3791852702143136,0.21505293488439597,0.22244976750200107,0.18331202739928942,1
2000-02,20,5,6,6,0.3772497211815818,0.21698308468640481,0.2219016147853136,0.1838655793466999,1
2000-03,20,5,6,6,0.3801284505503288,0.215202244149759,0.22102268501720618,0.18364662028270612,1
2000-04,20,5,6,6,0.37994936822462444,0.2163867641242662,0.2191241213021062,0.18453974634900308,1
2000-05,20,5,6,6,0.37557486381335814,0.21766637622428017,0.21939406166191705,0.18736469830044458,1
2000-06,20,5,6,6,0.37042048059066607,0.22505107694105,0.2165905811901431,0.18793786127814074,1
2000-07,20,5,6,6,0.37074488846045606,0.21926849485327482,0.22005997643160058,0.18992664025466857,1
2000-08,20,5,6,6,0.37182296226452854,0.21655024757364377,0.21538430684525903,0.1962424833165686,1
2000-09,20,5,6,6,0.37271928850565356,0.2140751641547958,0.21583280550427533,0.19737274183527528,1
2000-10,20,5,6,6,0.3709907888108746,0.21138904328488353,0.21898013898064161,0.19864002892360022,1
2000-11,20,5,6,6,0.3812481650418825,0.20290436520430047,0.21727582802845757,0.1985716417253594,1
2000-12,20,5,6,6,0.3732796482716777,0.2029817882402197,0.21371718884723395,0.2100213746408686,1
2001-01,20,5,6,6,0.38255179702330405,0.1974682847482284,0.19948957338179937,0.2204903448466682,1
2001-02,20,6,15,15,0.38105318434842017,0.19343603327909456,0.2086157025674547,0.2168950798050305,1
2001-03,20,6,15,15,0.3617912978932761,0.18297841171257023,0.19984821119098908,0.2553820792031647,1
2001-04,20,6,15,15,0.3775884649227007,0.1797784469904083,0.20465169504817532,0.2379813930387156,1
2001-05,20,6,15,15,0.3829229018871932,0.17729530253369025,0.19403384450797617,0.2457479510711404,1
2001-06,20,6,15,15,0.3872587745388385,0.18117411507112605,0.1855219202142987,0.24604519017573676,1
2001-07,20,6,15,15,0.39639413767738274,0.17947488399194003,0.18477366870485823,0.23935730962581894,1
2001-08,20,6,15,15,0.3932536076945782,0.18268582169116815,0.1846616641446303,0.23939890646962328,1
2001-09,20,6,15,15,0.4259189112993537,0.17930377756189417,0.17249953552619254,0.2222777756125595,1
2001-10,20,6,15,15,0.43698411451575053,0.19130552624483213,0.18791866756679781,0.1837916916726196,1
2001-11,20,6,15,15,0.43472579623145763,0.19155506440755296,0.18388124923446234,0.18983789012652705,1
2001-12,20,6,15,15,0.4237122061160625,0.1968002921368914,0.19096158056506002,0.18852592118198616,1
2002-01,20,6,15,15,0.45115262937604905,0.19290843135321972,0.17016926194852047,0.18576967732221078,1
2002-02,20,6,15,15,0.445627303187623,0.20300864090530787,0.16795224347678459,0.18341181243028462,1
2002-03,20,6,15,15,0.44353774093954945,0.20274464720326874,0.1707283193431247,0.18298929251405713,1
2002-04,20,6,15,15,0.44696746836649737,0.2044835406035033,0.17405303983164447,0.17449595119835482,1
2002-05,20,6,15,15,0.45363684328692755,0.2026413892548105,0.1724990885189036,0.17122267893935839,1
2002-06,20,6,15,15,0.4582932658484007,0.19599624419368084,0.17305485202302684,0.17265563793489155,1
2002-07,20,6,15,15,0.45332667885537664,0.19018031710639854,0.1811404352013628,0.17535256883686207,1
2002-08,20,6,15,15,0.5015950480799277,0.1760614626776519,0.16395841313603207,0.15838507610638825,1
2002-09,20,6,15,15,0.4999041074166212,0.1767953613544051,0.16329490321421014,0.16000562801476348,1
2002-10,20,6,15,15,0.5050226669483853,0.18343049689473315,0.1533979737547057,0.15814886240217588,1
2002-11,20,6,15,15,0.4998586975169283,0.18559647577567936,0.15610023868033623,0.15844458802705602,1
2002-12,20,6,15,15,0.49233125439341674,0.19094614560597406,0.1602911663574115,0.15643143364319773,1
2003-01,20,6,15,15,0.49299752071467323,0.19044930235187268,0.1605840951059498,0.15596908182750419,1
2003-02,20,6,15,15,0.4862156352412166,0.19360134235199056,0.16005625067731796,0.16012677172947481,1
2003-03,20,6,15,15,0.4778234895351278,0.1994236754474318,0.1586282998708034,0.16412453514663697,1
2003-04,20,6,15,15,0.451783485370619,0.20863834815759277,0.1687740595987351,0.17080410687305309,1
2003-05,20,6,15,15,0.448910561375122,0.21493576340550713,0.17117169794376613,0.1649819772756047,1
2003-06,20,6,15,15,0.45743745585181084,0.2065282251536072,0.1695006751946924,0.16653364379988966,1
2003-07,20,6,15,15,0.45696841892612294,0.21191092161172354,0.1665814595218245,0.16453919994032906,1
2003-08,20,6,15,15,0.4703643511361789,0.21104206166481132,0.14766164514117297,0.17093194205783682,1
2003-09,20,6,15,15,0.4717579956361955,0.21360342982403813,0.14283823451646646,0.17180034002329986,1
2003-10,20,6,15,15,0.4742347044201206,0.2087600830599933,0.14425634888109728,0.17274886363878883,1
2003-11,20,6,15,15,0.46359198427287324,0.21383841417843752,0.14674346803940497,0.1758261335092843,1
2003-12,20,6,15,15,0.45495472418455135,0.21788453579809539,0.1507301320664054,0.1764306079509479,1
2004-01,20,6,15,15,0.4210413100325248,0.23222922948502311,0.1650257146187361,0.18170374586371602,1
2004-02,20,6,15,15,0.40132511265505605,0.24040744327930572,0.17159115766293842,0.18667628640269976,1
2004-03,20,6,15,15,0.38381851617444,0.2492443369061188,0.1759044094603574,0.19103273745908378,1
2004-04,20,6,15,15,0.36516809596035715,0.2633056008980025,0.175013323322775,0.19651297981886545,1
2004-05,20,6,15,15,0.3688096034084066,0.2542754682227762,0.17825022682711855,0.19866470154169866,1
2004-06,20,6,15,15,0.3615677982179917,0.25709251613706946,0.18112159048394733,0.20021809516099145,1
2004-07,20,6,15,15,0.36133286499088124,0.2571420802192727,0.18093345993272036,0.20059159485712572,1
2004-08,20,6,15,15,0.3612558141823536,0.2594634257528765,0.17974515322360538,0.19953560684116456,1
2004-09,20,6,15,15,0.35703142102397034,0.2652106607256534,0.17837487827619286,0.1993830399741834,1
2004-10,20,6,15,15,0.34344250660234066,0.2545042021454873,0.17150405519002,0.23054923606215202,1
2004-11,20,6,15,15,0.3420681131395199,0.25330644009788755,0.17423106718810744,0.23039437957448508,1
2004-12,20,6,15,15,0.35937463801149044,0.23610139887567025,0.17492380691118203,0.22960015620165722,1
2005-01,20,6,15,15,0.35974671821342147,0.23651195125991883,0.17825702597955145,0.22548430454710827,1
2005-02,20,6,15,15,0.3624004085199375,0.2305203629939088,0.17970092417231126,0.22737830431384248,1
2005-03,20,6,15,15,0.363675541697604,0.23466653207533753,0.18205281632530276,0.21960510990175566,1
2005-04,20,6,15,15,0.36394335589092447,0.22776256281114157,0.1789579312634617,0.22933615003447225,1
2005-05,20,6,15,15,0.3642434278572422,0.2275003824149059,0.17614342353518253,0.2321127661926694,1
2005-06,20,6,15,15,0.3627713509646993,0.22226546810334327,0.17962330021816011,0.23533988071379733,1
2005-07,20,6,15,15,0.3630034517212796,0.22686473165633086,0.17524415485405342,0.23488766176833614,1
2005-08,20,6,15,15,0.35985903290724386,0.22926260468654638,0.1744547816093546,0.2364235807968552,1
2005-09,20,6,15,15,0.35893845832558147,0.22862467676950993,0.17606918353432818,0.2363676813705805,1
2005-10,20,6,15,15,0.3522888219876421,0.2241088608914689,0.18223839303268735,0.2413639240882017,1
2005-11,20,6,15,15,0.3539833178957263,0.22297735427187784,0.18189142728288676,0.2411479005495091,1
2005-12,20,6,15,15,0.3525883060719406,0.21778697402383437,0.1752075131938223,0.2544172067104027,1
2006-01,20,6,15,15,0.3404294687039992,0.22173433496359768,0.17782527715562052,0.2600109191767826,1
2006-02,20,6,15,15,0.34207260398549616,0.22099377421914332,0.1852173935591059,0.25171622823625456,1
2006-03,20,6,15,15,0.33970987296120847,0.21830499308133264,0.1919325491621614,0.2500525847952974,1
2006-04,20,6,15,15,0.352979805288566,0.21611632637946454,0.189855673225989,0.24104819510598044,1
2006-05,20,6,15,15,0.3362714784197776,0.20767656957005162,0.1946014650343031,0.26145048697586765,1
2006-06,20,6,15,15,0.32306742167506947,0.21388130263291413,0.19718649439566327,0.26586478129635316,1
2006-07,20,6,15,15,0.31874529218703557,0.22909376753165409,0.2139726713400978,0.23818826894121256,1
2006-08,20,6,15,15,0.2988598210623178,0.2237619485135647,0.24828093458846753,0.22909729583565003,1
2006-09,20,6,15,15,0.2928334868336439,0.22147857418837638,0.25839432150303654,0.22729361747494314,1
2006-10,20,6,15,15,0.2925028003186485,0.229330418319886,0.24976667325186536,0.22840010810960015,1
2006-11,20,6,15,15,0.2932443739172775,0.234556513422422,0.25194636750938243,0.22025274515091808,1
2006-12,20,6,15,15,0.29666030013717054,0.23336464370407486,0.2536392747621347,0.21633578139661983,1
2007-01,20,6,15,15,0.2977492958207382,0.24427253005145066,0.24580734688260925,0.21217082724520184,1
2007-02,20,6,15,15,0.3042350816578944,0.24201026897625255,0.24133523651733071,0.2124194128485224,1
2007-03,20,6,15,15,0.31451895974058264,0.24062842170291157,0.24062487187136558,0.2042277466851402,1
2007-04,20,6,15,15,0.32199126183760096,0.23839679625038732,0.24002493915262085,0.1995870027593908,1
2007-05,20,6,15,15,0.3249738367188004,0.250027485689758,0.2383559399070485,0.18664273768439302,1
2007-06,20,6,15,15,0.3291097017917436,0.24544470829237497,0.24066437652058195,0.18478121339529946,1
2007-07,20,6,15,15,0.33718154795016836,0.25035789380595924,0.22323237521302405,0.18922818303084837,1
2007-08,20,6,15,15,0.3379339062903694,0.24931226694267217,0.22274648902735794,0.19000733773960057,1
2007-09,20,6,15,15,0.3531115838584601,0.2517824555392674,0.21574660004421445,0.17935936055805804,1
2007-10,20,6,15,15,0.3498694665897915,0.2535949885914484,0.21907582052785418,0.17745972429090592,1
2007-11,20,6,15,15,0.35092896715143124,0.24676683476542274,0.22336918621220314,0.17893501187094282,1
2007-12,20,6,15,15,0.34228994800971546,0.2672604737890549,0.21875085681801107,0.1716987213832186,1
2008-01,20,6,15,15,0.33909143153814725,0.2649365053966657,0.22569696450470553,0.17027509856048154,1
2008-02,20,6,15,15,0.3370530678719451,0.26938589719432793,0.2236709161828875,0.16989011875083948,1
2008-03,20,6,15,15,0.32835568784798513,0.2625121644982891,0.23081888198488862,0.1783132656688371,1
2008-04,20,6,15,15,0.32684181763570797,0.26244650134760716,0.23252272644375915,0.17818895457292572,1
2008-05,20,6,15,15,0.3301915743477964,0.25428684240444654,0.23653105670689042,0.17899052654086667,1
2008-06,20,6,15,15,0.3332469529577693,0.26426083814671,0.22871822374553563,0.17377398514998504,1
2008-07,20,6,15,15,0.3273624871096936,0.2660451220283131,0.2336409680621841,0.1729514227998092,1
2008-08,20,6,15,15,0.33322370795369255,0.2613584773448252,0.23343683546592892,0.17198097923555328,1
2008-09,20,6,15,15,0.30875341463814177,0.27852476447853125,0.233702643097747,0.17901917778557994,1
2008-10,20,6,15,15,0.29845647824884053,0.2846375221357927,0.24084702404569627,0.1760589755696705,1
2008-11,20,6,15,15,0.3396271537935668,0.2544594506590378,0.27536738628099333,0.13054600926640203,1
2008-12,20,6,15,15,0.3374093197924511,0.2504691095938503,0.2822788048981307,0.12984276571556788,1
2009-01,20,6,15,15,0.34196317105608875,0.2460977221489622,0.2819558141388899,0.12998329265605918,1
2009-02,20,6,15,15,0.3287423128563461,0.25349974881410925,0.2857731006561745,0.13198483767337021,1
2009-03,20,6,15,15,0.3289172504501884,0.2525401240584635,0.28626957734398195,0.13227304814736623,1
2009-04,20,6,15,15,0.33062615674308854,0.2495474004134322,0.287065456337456,0.13276098650602317,1
2009-05,20,6,15,15,0.33157099158187603,0.2595486926414005,0.28449841421006566,0.12438190156665789,1
2009-06,20,6,15,15,0.3339218082545755,0.2637308620248827,0.28159653945546453,0.12075079026507718,1
2009-07,20,6,15,15,0.344702128734924,0.25913516988806334,0.27439554815045836,0.1217671532265543,1
2009-08,20,6,15,15,0.3497261476304742,0.25728684968342913,0.2718996508993807,0.12108735178671588,1
2009-09,20,6,15,15,0.34955648863716277,0.2561749772714902,0.274052135323238,0.12021639876810904,1
2009-10,20,6,15,15,0.3492753189549797,0.25338012418466677,0.2783818993175653,0.11896265754278817,1
2009-11,20,6,15,15,0.3513785307867503,0.2528250456386715,0.27654683742511005,0.11924958614946819,1
2009-12,20,6,15,15,0.35052402236642793,0.25556350658295174,0.27433277985368154,0.11957969119693876,1
2010-01,20,6,15,15,0.3531287529690665,0.249686345385566,0.2767888616095704,0.12039604003579724,1
2010-02,20,6,15,15,0.35299457345068097,0.24823300872775328,0.27878345116851655,0.11998896665304923,1
2010-03,20,6,15,15,0.3491160155251997,0.2505489142283964,0.27907649250922106,0.12125857773718274,1
2010-04,20,6,15,15,0.3484623180927485,0.2501924764154268,0.2797559838139697,0.12158922167785503,1
2010-05,20,6,15,15,0.3420959578358604,0.24865370251560653,0.28695590477192395,0.12229443487660922,1
2010-06,20,6,15,15,0.3419213203540351,0.24923347317019776,0.28714645274705486,0.12169875372871228,1
2010-07,20,6,15,15,0.32905608450409085,0.23853176586142932,0.3152748472756858,0.11713730235879409,1
2010-08,20,6,15,15,0.32890209510011287,0.2396514804389559,0.31394123415359954,0.11750519030733167,1
2010-09,20,6,15,15,0.32047173680113067,0.23825077562310348,0.3233350096449637,0.11794247793080222,1
2010-10,20,6,15,15,0.3251451280316463,0.23749091531611033,0.31930914135759786,0.11805481529464544,1
2010-11,20,6,15,15,0.3198918227151665,0.24515294526953685,0.31771477208442994,0.1172404599308667,1
2010-12,20,6,15,15,0.3186758482014149,0.24617460696534477,0.3172888193808834,0.11786072545235693,1
2011-01,20,6,15,15,0.3226372525356369,0.2502581912430861,0.3073735439333859,0.11973101228789108,1
2011-02,20,6,15,15,0.32314774615482955,0.2479227292871091,0.31032078970366056,0.11860873485440081,1
2011-03,20,6,15,15,0.3343726153820716,0.25065423155625083,0.3001772284035376,0.11479592465813997,1
2011-04,20,6,15,15,0.3342010947974145,0.2517772883811862,0.3007426142100925,0.11327900261130684,1
2011-05,20,6,15,15,0.329712969382201,0.24920005060595615,0.3090554023328898,0.11203157767895305,1
2011-06,20,6,15,15,0.3271982002710665,0.24749607818129643,0.31331300838697723,0.11199271316065985,1
2011-07,20,6,15,15,0.330775263018237,0.24248423279887182,0.31735737538823106,0.10938312879466008,1
2011-08,20,6,15,15,0.33235631931090176,0.24117174059048604,0.3167882760952274,0.10968366400338488,1
2011-09,20,6,15,15,0.33933842628700206,0.22205597479797007,0.3366110161156541,0.10199458279937369,1
2011-10,20,6,15,15,0.356892283617933,0.21836771919192632,0.3211351245705638,0.10360487261957688,1
2011-11,20,6,15,15,0.30740470180469953,0.2594359399607679,0.2687064152932116,0.16445294294132087,1
2011-12,20,6,15,15,0.30483809115924515,0.27268464128505326,0.2578420813645264,0.1646351861911751,1
2012-01,20,6,15,15,0.3148090682957185,0.2753171116156317,0.2513783576048556,0.15849546248379415,1
2012-02,20,6,15,15,0.3310910794105844,0.26912231008023585,0.24275479620325724,0.1570318143059225,1
2012-03,20,6,15,15,0.33520427168496314,0.26627571326805066,0.2410884685284032,0.1574315465185831,1
2012-04,20,6,15,15,0.3315079182254631,0.27147012520654873,0.23814643198212485,0.1588755245858633,1
2012-05,20,6,15,15,0.34108023779311136,0.256735445269307,0.22667224565538105,0.17551207128220062,1
2012-06,20,6,15,15,0.3330539590781156,0.22631071478146117,0.22311994840775246,0.21751537773267074,1
2012-07,20,6,15,15,0.3387655071997215,0.216031621445585,0.22611090780805518,0.21909196354663835,1
2012-08,20,6,15,15,0.32744353452053654,0.2232416148218362,0.22376669959930606,0.22554815105832113,1
2012-09,20,6,15,15,0.33584139184680945,0.21922690819654342,0.22376084263018403,0.22117085732646308,1
2012-10,20,6,15,15,0.31762391332572915,0.2304253202378321,0.225740489880402,0.22621027655603665,1
2012-11,20,6,15,15,0.31768389909293193,0.23044224844101932,0.2250534745136301,0.2268203779524187,1
2012-12,20,6,15,15,0.3166513201004289,0.23210478405073284,0.22478362836199758,0.22646026748684062,1
2013-01,20,6,15,15,0.31467847749068617,0.24167307579206734,0.22181301159661101,0.22183543512063547,1
2013-02,20,6,15,15,0.31729541639122716,0.24075412568286458,0.2213078421584884,0.22064261576741995,1
2013-03,20,6,15,15,0.327594143811484,0.23464588207509746,0.2186419013107149,0.21911807280270368,1
2013-04,20,6,15,15,0.3263284093855225,0.23349820227751267,0.21804316371314816,0.22213022462381676,1
2013-05,20,6,15,15,0.3275657075390546,0.23425258823475809,0.21703550395926707,0.22114620026692014,1
2013-06,20,6,15,15,0.32135896951038506,0.2276325672950947,0.2106942620502889,0.24031420114423127,1
2013-07,20,6,15,15,0.3346334516181425,0.2429158253982579,0.18173093561316853,0.24071978737043115,1
2013-08,20,6,15,15,0.33955886855973766,0.24524553043073927,0.1843510892373426,0.23084451177218046,1
2013-09,20,6,15,15,0.33841791597753396,0.2415558579204596,0.1931035922475507,0.22692263385445585,1
2013-10,20,6,15,15,0.3403602561001772,0.24355907751725436,0.19479932953087786,0.22128133685169057,1
2013-11,20,6,15,15,0.3581245869532769,0.24108581796257825,0.18839916843993293,0.21239042664421184,1
2013-12,20,6,15,15,0.3626939462272864,0.24076473529130268,0.18854877999765896,0.20799253848375196,1
2014-01,20,6,15,15,0.3660233166297421,0.22689459972095916,0.20201639999097146,0.20506568365832728,1
2014-02,20,6,15,15,0.3729710998162924,0.22506666542973622,0.20016423550672946,0.20179799924724193,1
2014-03,20,6,15,15,0.38228729111037235,0.22241754065775932,0.19492136629459167,0.20037380193727675,1
2014-04,20,6,15,15,0.37456344985753015,0.22563226053286767,0.1967461972166915,0.20305809239291067,1
2014-05,20,6,15,15,0.36907050884159465,0.23977853126277773,0.18964124838959645,0.20150971150603111,1
2014-06,20,6,15,15,0.37270978279330796,0.23853305988017426,0.18730498004106785,0.20145217728544992,1
2014-07,20,6,15,15,0.37475151849654964,0.2383626090962807,0.18593933529955076,0.20094653710761895,1
2014-08,20,6,15,15,0.37087720597578316,0.2508313272879529,0.18132398296295113,0.19696748377331286,1
2014-09,20,6,15,15,0.3650748818650628,0.25817619628671373,0.18058662827484764,0.19616229357337583,1
2014-10,20,6,15,15,0.36242282791064456,0.25627282982432753,0.18480249685091485,0.19650184541411297,1
2014-11,20,6,15,15,0.35719094325065615,0.26496281248642023,0.17898776834559246,0.1988584759173311,1
2014-12,20,6,15,15,0.3656585414500396,0.24034909876441676,0.18092619878756253,0.21306616099798117,1
2015-01,20,6,15,15,0.38067091881805243,0.2265565618417088,0.1755313121018799,0.21724120723835896,1
2015-02,20,6,15,15,0.3927408354219005,0.2091284139889624,0.15845705200498214,0.23967369858415494,1
2015-03,20,6,15,15,0.4030093044804435,0.21484130069717816,0.16351427515454015,0.21863511966783825,1
2015-04,20,6,15,15,0.3992372008915542,0.21273683741928612,0.16604173824647217,0.22198422344268748,1
2015-05,20,6,15,15,0.4102133279483028,0.18928750839991648,0.17263775535671796,0.22786140829506277,1
2015-06,20,6,15,15,0.40544337945969394,0.2032682037410023,0.14766838125356288,0.24362003554574094,1
2015-07,20,6,15,15,0.40916775204695716,0.2072079613055823,0.1401906158732797,0.24343367077418085,1
2015-08,20,6,15,15,0.4214260536841871,0.20029858973052442,0.13838671801535876,0.23988863856992976,1
2015-09,20,6,15,15,0.3838296830259077,0.21368998978471984,0.14654479335006446,0.25593553383930806,1
2015-10,20,6,15,15,0.40381934686692456,0.20659828761126028,0.142011935850722,0.2475704296710931,1
2015-11,20,6,15,15,0.39645396017154605,0.21242409987406533,0.14646462983393513,0.24465731012045352,1
2015-12,20,6,15,15,0.3751151557452575,0.21584240629395884,0.15312050496310056,0.255921932997683,1
2016-01,20,6,15,15,0.37869395971017983,0.21459963445570393,0.15214213143833083,0.2545642743957855,1
2016-02,20,6,15,15,0.3871736646830165,0.2159162238242068,0.15465272753903914,0.24225738395373755,1
2016-03,20,6,15,15,0.3610767088212423,0.22261388596682502,0.16012519546942602,0.25618420974250666,1
2016-04,20,6,15,15,0.373226574967167,0.24192559367156324,0.17663924125866215,0.20820859010260764,1
2016-05,20,6,15,15,0.37213553666531946,0.24226801063222286,0.17770572973333645,0.2078907229691212,1
2016-06,20,6,15,15,0.3736531466812478,0.23989590530374602,0.17812885522293323,0.20832209279207295,1
2016-07,20,6,15,15,0.36906341603948883,0.23016363511011478,0.19173845086211305,0.20903449798828336,1
2016-08,20,6,15,15,0.37101324337896396,0.23088816118863362,0.18694691336396504,0.21115168206843735,1
2016-09,20,6,15,15,0.37112103179582406,0.23086166691987112,0.18752968186171357,0.21048761942259125,1
2016-10,20,6,15,15,0.36862462108404415,0.23179953560217265,0.1856095335894325,0.2139663097243507,1
2016-11,20,6,15,15,0.36640754961115124,0.23299490519444507,0.18319899746607005,0.21739854772833367,1
2016-12,20,6,15,15,0.36763844012427904,0.23491947430472818,0.17986579064964886,0.21757629492134398,1
2017-01,20,6,15,15,0.3671808557648545,0.23749383399388918,0.17918023629549804,0.21614507394575824,1
2017-02,20,6,15,15,0.37080827145120393,0.23327759693573438,0.1806736580338292,0.21524047357923254,1
2017-03,20,6,15,15,0.37172519854489544,0.2325576072053594,0.18091546670253333,0.21480172754721183,1
2017-04,20,6,15,15,0.3764783796982678,0.23253405873247332,0.18120177367845736,0.20978578789080143,1
2017-05,20,6,15,15,0.3780568252634364,0.23226734296747448,0.17840088970944276,0.2112749420596464,1
2017-06,20,6,15,15,0.38245736877748043,0.23511471805940187,0.18022498912872428,0.20220292403439344,1
2017-07,20,6,15,15,0.3822916268913927,0.23460481172507708,0.1797898112223746,0.2033137501611556,1
2017-08,20,6,15,15,0.38233900538820337,0.23580210767375195,0.1807654098665074,0.2010934770715373,1
2017-09,20,6,15,15,0.3836956488706312,0.23289074313703337,0.18109223355531426,0.20232137443702128,1
2017-10,20,6,15,15,0.3845183233500294,0.23228484748436512,0.1810355671251522,0.20216126204045332,1
2017-11,20,6,15,15,0.3834590073879757,0.23118333718203932,0.18386662986148988,0.20149102556849502,1
2017-12,20,6,15,15,0.38015089454266926,0.23773251182375704,0.18331339262578109,0.19880320100779258,1
2018-01,20,6,15,15,0.37342042227127836,0.24325533070230418,0.18744858111046897,0.19587566591594852,1
2018-02,20,6,15,15,0.3664912327313084,0.2481367055704254,0.20721570873559894,0.17815635296266727,1
2018-03,20,6,15,15,0.3717499479635571,0.24175643870597885,0.21000270324550627,0.17649091008495776,1
2018-04,20,6,15,15,0.3643962547911019,0.2470616785564915,0.2132522725792895,0.17528979407311718,1
2018-05,20,6,15,15,0.35343053472748276,0.2679228004457139,0.20800960861521917,0.17063705621158423,1
2018-06,20,6,15,15,0.3440576873598729,0.24714063491361432,0.2506054777926056,0.15819619993390716,1
2018-07,20,6,15,15,0.3289993126313112,0.24533843355313545,0.2722111778557664,0.153451075959787,1
2018-08,20,6,15,15,0.3273069435810431,0.24741238750871042,0.27220475428025337,0.1530759146299931,1
2018-09,20,6,15,15,0.349914700018694,0.23868290899993913,0.2630387587365959,0.14836363224477106,1
2018-10,20,6,15,15,0.3490315393179241,0.2414328419051672,0.25980941681717806,0.14972620195973058,1
2018-11,20,6,15,15,0.34728212060028607,0.23914175623219103,0.2647941478542178,0.14878197531330511,1
2018-12,20,6,15,15,0.3647772228044779,0.24118136268476656,0.25218547569163985,0.14185593881911576,1
2019-01,20,6,15,15,0.3685045051208825,0.2437308133474499,0.2488791099137184,0.1388855716179493,1
2019-02,20,6,15,15,0.3628268631999614,0.24129654807141807,0.2556749608709701,0.14020162785765042,1
2019-03,20,6,15,15,0.3880001858639175,0.23598444662971127,0.24823682336882583,0.1277785441375455,1
2019-04,20,6,15,15,0.4146019791154933,0.22248969448957176,0.22101332523234443,0.1418950011625905,1
2019-05,20,6,15,15,0.4102840469975763,0.22480884612081806,0.2211678542023174,0.1437392526792883,1
2019-06,20,6,15,15,0.4155418739461504,0.23080528251937532,0.2087448710061395,0.14490797252833482,1
2019-07,20,6,15,15,0.42793139921380213,0.24505319877230902,0.177378241700537,0.14963716031335184,1
2019-08,20,6,15,15,0.4229671452924398,0.24306912110449586,0.18264534103102686,0.1513183925720375,1
2019-09,20,6,15,15,0.44473491865843556,0.24983058984527928,0.14920646036207447,0.15622803113421072,1
2019-10,20,6,15,15,0.45555223367202924,0.24536767125349077,0.14588443906693033,0.15319565600754964,1
2019-11,20,6,15,15,0.4642570744535843,0.241029128796679,0.1453980160249335,0.14931578072480328,1
2019-12,20,6,15,15,0.4664464330056449,0.2381944476901172,0.1457186126956846,0.14964050660855324,1
2020-01,20,6,15,15,0.47483669598799216,0.22409484173425578,0.14836922083570792,0.1526992414420441,1
2020-02,20,6,15,15,0.46887866249924864,0.22847980521635314,0.14701570222009097,0.1556258300643072,1
2020-03,20,6,15,15,0.47285417218646214,0.22417412883131416,0.14780864876936492,0.15516305021285878,1
2020-04,20,6,15,15,0.5070874818736578,0.23424146114030256,0.16728506019463685,0.09138599679140275,1
2020-05,20,6,15,15,0.4907938469733772,0.2384582057528142,0.17586093682038834,0.09488701045342023,1
2020-06,20,6,15,15,0.47566269812355466,0.24518062504693308,0.180919631620903,0.09823704520860939,1
2020-07,20,6,15,15,0.44808028595759825,0.25864998872795525,0.19057797712064908,0.1026917481937975,1
2020-08,20,6,15,15,0.44549879130867254,0.26327039511434597,0.18865748768943003,0.10257332588755147,1
2020-09,19,6,15,15,0.4456072044688714,0.26147592464563246,0.18972418928041168,0.10319268160508446,1
2020-10,19,6,15,15,0.45563533553024305,0.24775825359005382,0.1920636694246491,0.104542741455054,1
2020-11,19,6,15,15,0.4573384110006997,0.24699466030243375,0.1913844259261139,0.10428250277075267,1
2020-12,19,6,15,15,0.44691153287149815,0.25050246161638406,0.19563512499477434,0.10695088051734346,1
2021-01,19,6,15,15,0.4544956344992441,0.23521964971424805,0.20082903934208923,0.10945567644441857,1
2021-02,19,6,15,15,0.42269355673806686,0.25248878133087443,0.20909161187634986,0.11572605005470886,1
2021-03,19,6,15,15,0.3929256285018621,0.2718076309415512,0.21297743943540456,0.1222893011211822,1
2021-04,19,6,15,15,0.39458583517707757,0.2708043498029174,0.21273577372856967,0.12187404129143525,1
2021-05,19,6,15,15,0.38959714556821123,0.2767659124716353,0.21281110541738474,0.12082583654276875,1
2021-06,19,6,15,15,0.3675021721803143,0.28413863356432645,0.22298343115956928,0.12537576309579002,1
2021-07,19,6,15,15,0.37433459241484696,0.27200491385784986,0.2267353567162891,0.12692513701101413,1
2021-08,19,6,15,15,0.3748451178328788,0.27555005689070167,0.2209191152868504,0.1286857099895691,1
2021-09,19,6,15,15,0.37279700619801315,0.2769132108294099,0.22128884529597398,0.12900093767660295,1
2021-10,19,6,15,15,0.3736090076980045,0.27173367270693277,0.2247188303193728,0.12993848927569,1
2021-11,19,6,15,15,0.36904338501717565,0.2763283473500928,0.2227737425708027,0.13185452506192885,1
2021-12,19,6,15,15,0.368097600213,0.2772571189988479,0.2222093141164275,0.13243596667172466,1
2022-01,19,6,15,15,0.36789945856061473,0.27525245470133414,0.22221542548185297,0.1346326612561981,1
2022-02,19,6,15,15,0.3664680116066056,0.27940680729221584,0.22009792537320888,0.13402725572796964,1
2022-03,19,6,15,15,0.36594675569060564,0.27824253168358415,0.22037556064436478,0.13543515198144543,1
2022-04,19,6,15,15,0.3461181864381052,0.2878960405442481,0.2245947863745364,0.14139098664311028,1
2022-05,19,6,15,15,0.369900821002315,0.28595914349741103,0.19551668102141917,0.14862335447885483,1
2022-06,19,6,15,15,0.36625204300836506,0.28594868802829826,0.1958004491696498,0.15199881979368682,1
2022-07,19,6,15,15,0.36792037371270253,0.29540257326116975,0.1844497032820248,0.15222734974410287,1
2022-08,19,6,15,15,0.37240334612236303,0.298651060037415,0.1758033964642685,0.15314219737595353,1
2022-09,19,6,15,15,0.3655761029146106,0.2923186461555198,0.19076669609688163,0.15133855483298791,1
2022-10,19,6,15,15,0.3800914445244632,0.2658004640923229,0.19801037821822864,0.1560977131649853,1
2022-11,19,6,15,15,0.37884139388143223,0.26728893614261806,0.19801248505934585,0.15585718491660383,1
2022-12,19,6,15,15,0.38557952125560974,0.25624743222559626,0.20294616168236426,0.15522688483642966,1
2023-01,19,6,15,15,0.37906532050511405,0.2630780790371571,0.20250261756725407,0.1553539828904748,1
2023-02,19,6,15,15,0.37856406932767384,0.2630566657085081,0.20265467112035218,0.1557245938434658,1
2023-03,19,6,15,15,0.3759686437722341,0.2646211825785253,0.20313303086638987,0.15627714278285063,1
2023-04,19,6,15,15,0.33035555066207256,0.2336141910162425,0.17460063491494557,0.2614296234067393,1
2023-05,19,6,15,15,0.33106441901321243,0.23500277633383002,0.173727211087931,0.26020559356502665,1
2023-06,19,6,15,15,0.33081937400745326,0.2302998247033444,0.17109968081834673,0.2677811204708556,1
2023-07,19,6,15,15,0.33948079482399574,0.22107581115385863,0.16484596467837984,0.27459742934376574,1
2023-08,19,6,15,15,0.3391559455342726,0.22041661512330038,0.16470138282763633,0.27572605651479076,1
2023-09,19,6,15,15,0.3404026381704818,0.22107741260834882,0.1651818855068406,0.27333806371432884,1
2023-10,19,6,15,15,0.3387897261730594,0.22921469841801492,0.1634764549466049,0.2685191204623208,1
2023-11,19,6,15,15,0.34061694604351644,0.22896984619525865,0.1614094172044763,0.2690037905567486,1
2023-12,19,6,15,15,0.345078570313739,0.22690960493848583,0.15700440669147678,0.2710074180562984,1
2024-01,19,6,15,15,0.3442843593750987,0.24012636413166474,0.14558371504041442,0.2700055614528221,1
2024-02,19,6,15,15,0.3518580408976813,0.2360305516613556,0.14370500339903966,0.2684064040419235,1
2024-03,19,6,15,15,0.35930723196444864,0.23132471803626614,0.14413955448310944,0.2652284955161758,1
2024-04,19,6,15,15,0.363591187878567,0.23031923777540708,0.1435173577063653,0.2625722166396606,1
2024-05,19,6,15,15,0.3634763559155606,0.22703852815397033,0.14242231255002286,0.2670628033804462,1
2024-06,19,6,15,15,0.373151454681271,0.2258741195135501,0.14011579877208982,0.2608586270330891,1
2024-07,19,6,15,15,0.37152057410342315,0.2327607431587774,0.13886107342589638,0.25685760931190305,1
2024-08,19,6,15,15,0.3742173197788587,0.23067480940627455,0.14141136377193167,0.2536965070429351,1
2024-09,19,6,15,15,0.37680003549182717,0.22777597356048288,0.14072021588237577,0.2547037750653142,1
2024-10,19,6,15,15,0.37832249103156745,0.23054659112409884,0.14055458551178754,0.25057633233254617,1
2024-11,19,6,15,15,0.3922840893929119,0.22167424044636,0.13941630566341642,0.24662536449731165,1
2024-12,19,6,15,15,0.3983610882112073,0.22178165260653834,0.13947775958505937,0.24037949959719498,1
2025-01,19,6,15,15,0.4002587845901217,0.21762262461818432,0.14080101779869506,0.24131757299299897,1
2025-02,19,6,15,15,0.4013051401011326,0.21729677213600426,0.14055821764713664,0.2408398701157265,1
2025-03,19,6,15,15,0.4038078281691308,0.21675209529088876,0.14038350984768247,0.239056566692298,1
2025-04,19,6,15,15,0.45291707304108325,0.19858704899353283,0.13002597769443686,0.21846990027094706,1
2025-05,19,6,15,15,0.43952667624774644,0.20295562143497647,0.14501555113428363,0.2125021511829934,1
2025-06,19,6,15,15,0.454847262919699,0.20131191450998148,0.1472060290164826,0.1966347935538369,1
2025-07,19,6,15,15,0.43940411578849425,0.19291221820064344,0.1729371696094573,0.19474649640140507,1
2025-08,19,6,15,15,0.43241725800896386,0.18441527313194084,0.19051969718741554,0.19264777167167976,1
2025-09,19,6,15,15,0.4350755498021218,0.18852341050376678,0.1915302972923996,0.18487074240171172,1
2025-10,19,6,15,15,0.4226135381618134,0.21384605271513685,0.18385645692539454,0.17968395219765526,1
2025-11,19,6,15,15,0.41097673058559453,0.21781368555321673,0.19047714141136807,0.18073244244982076,1
2025-12,19,6,15,15,0.3972102333769389,0.22037783889761622,0.17319470767482467,0.20921722005062018,1
