country,year,mcap_gdp
Australia,1828,0.23346839845180511
Australia,1869,0.07594875991344452
Australia,1876,0.1659676432609558
Australia,1883,0.13203266263008118
Australia,1888,0.24467846751213074
Australia,1898,0.2200348824262619
Australia,1899,0.23004411160945892
Australia,1901,0.20846520364284515
Australia,1902,0.1927780658006668
Australia,1903,0.2075876146554947
Australia,1904,0.19450417160987854
Australia,1906,0.2498687207698822
Australia,1907,0.1900547444820404
Australia,1908,0.2029551863670349
Australia,1909,0.2159324288368225
Australia,1910,0.20958468317985535
Australia,1911,0.19329911470413208
Australia,1912,0.19148197770118713
Australia,1913,0.18615634739398956
Australia,1914,0.17192326486110687
Australia,1915,0.18508218228816986
Australia,1916,0.15945427119731903
Australia,1917,0.16266153752803802
Australia,1918,0.16781821846961975
Australia,1919,0.1784028261899948
Australia,1920,0.1377241611480713
Australia,1921,0.13236914575099945
Australia,1922,0.16241493821144104
Australia,1923,0.1653660237789154
Australia,1924,0.18073490262031555
Australia,1925,0.19329428672790527
Australia,1926,0.22746935486793518
Australia,1927,0.20517586171627045
Australia,1928,0.26078787446022034
Australia,1929,0.21966053545475006
Australia,1930,0.1673373430967331
Australia,1931,0.20957808196544647
Australia,1932,0.2441876232624054
Australia,1933,0.3150792121887207
Australia,1934,0.32260075211524963
Australia,1935,0.30699944496154785
Australia,1936,0.33992400765419006
Australia,1937,0.3147587776184082
Australia,1938,0.2976019084453583
Australia,1939,0.3019874393939972
Australia,1940,0.25313064455986023
Australia,1941,0.1905866265296936
Australia,1942,0.15932773053646088
Australia,1943,0.15156099200248718
Australia,1944,0.1429877132177353
Australia,1945,0.20392365753650665
Australia,1946,0.21676816046237946
Australia,1947,0.2726897597312927
Australia,1948,0.22550225257873535
Australia,1949,0.22263537347316742
Australia,1950,0.24474269151687622
Australia,1951,0.17381291091442108
Australia,1952,0.1625007688999176
Australia,1953,0.16088873147964478
Australia,1954,0.15766628086566925
Australia,1955,0.19086109101772308
Australia,1956,0.19525159895420074
Australia,1957,0.18770812451839447
Australia,1958,0.2446700930595398
Australia,1959,0.3627181947231293
Australia,1960,0.3399450182914734
Australia,1961,0.3458307683467865
Australia,1962,0.3980315029621124
Australia,1963,0.4545820653438568
Australia,1964,0.404199481010437
Australia,1965,0.39226484298706055
Australia,1966,0.33869466185569763
Australia,1967,0.5007600784301758
Australia,1968,0.6074555516242981
Australia,1969,0.6232521533966064
Australia,1970,0.5090704560279846
Australia,1971,0.42596733570098877
Australia,1972,0.48330381512641907
Australia,1973,0.34526482224464417
Australia,1974,0.1885843127965927
Australia,1975,0.24818170070648193
Australia,1976,0.21633008122444153
Australia,1977,0.20825091004371643
Australia,1978,0.22272391617298126
Australia,1979,0.2970693111419678
Australia,1980,0.3759489059448242
Australia,1981,0.31689387559890747
Australia,1982,0.2411373108625412
Australia,1983,0.3167048692703247
Australia,1984,0.2827285826206207
Australia,1985,0.3712666630744934
Australia,1986,0.6895597577095032
Australia,1987,0.7477436065673828
Australia,1988,0.49674880504608154
Australia,1989,0.4817552864551544
Australia,1990,0.3456176817417145
Australia,1991,0.45987609028816223
Australia,1992,0.4646238386631012
Australia,1993,0.6810553073883057
Australia,1994,0.604939341545105
Australia,1995,0.6655359864234924
Australia,1996,0.7435817718505859
Australia,1997,0.8160435557365417
Australia,1998,0.911076545715332
Australia,1999,1.055215835571289
Australia,2000,1.0177793502807617
Australia,2001,1.0420106649398804
Australia,2002,0.8805971145629883
Australia,2003,0.97022944688797
Australia,2004,1.1503044366836548
Australia,2005,1.1882778406143188
Australia,2006,1.3952962160110474
Australia,2007,1.360817790031433
Australia,2008,0.823101818561554
Australia,2009,1.1134612560272217
Australia,2010,1.0905241966247559
Australia,2011,0.8250003457069397
Australia,2012,0.8908787369728088
Australia,2013,0.9938541054725647
Australia,2014,0.9851914644241333
Australia,2015,1.002668023109436
Australia,2016,1.058953881263733
Belgium,1828,0.6905563473701477
Belgium,1869,0.21184459328651428
Belgium,1870,0.2132062017917633
Belgium,1871,0.26670464873313904
Belgium,1872,0.2679957151412964
Belgium,1873,0.2738296091556549
Belgium,1874,0.2924686074256897
Belgium,1875,0.24853573739528656
Belgium,1876,0.23505696654319763
Belgium,1877,0.22385281324386597
Belgium,1878,0.28971511125564575
Belgium,1879,0.28681203722953796
Belgium,1880,0.3010735511779785
Belgium,1881,0.2726518511772156
Belgium,1882,0.26058077812194824
Belgium,1883,0.2660052478313446
Belgium,1884,0.25723183155059814
Belgium,1885,0.26176124811172485
Belgium,1886,0.25558871030807495
Belgium,1887,0.2826579809188843
Belgium,1888,0.317459374666214
Belgium,1889,0.31870466470718384
Belgium,1890,0.3093382716178894
Belgium,1891,0.3178248703479767
Belgium,1892,0.3122290074825287
Belgium,1893,0.353589802980423
Belgium,1894,0.3961288034915924
Belgium,1895,0.44432032108306885
Belgium,1896,0.4613310694694519
Belgium,1897,0.5639766454696655
Belgium,1898,0.6284809708595276
Belgium,1899,0.5718787908554077
Belgium,1901,0.5138601660728455
Belgium,1902,0.49931642413139343
Belgium,1903,0.5300449728965759
Belgium,1904,0.575655460357666
Belgium,1906,0.7461123466491699
Belgium,1907,0.666642963886261
Belgium,1908,0.7047205567359924
Belgium,1909,0.809585452079773
Belgium,1910,0.8391019701957703
Belgium,1911,0.8629859089851379
Belgium,1912,0.8927796483039856
Belgium,1913,0.8460804224014282
Belgium,1914,0.5946084260940552
Belgium,1915,0.4728389084339142
Belgium,1916,0.39474526047706604
Belgium,1917,0.3602279722690582
Belgium,1918,0.37689146399497986
Belgium,1919,0.3999403715133667
Belgium,1920,0.3501996695995331
Belgium,1921,0.39667901396751404
Belgium,1922,0.531872570514679
Belgium,1923,0.7352789044380188
Belgium,1924,0.6187474727630615
Belgium,1925,0.6852529644966125
Belgium,1926,0.9097871780395508
Belgium,1927,1.294145107269287
Belgium,1928,1.4103213548660278
Belgium,1929,0.9235430359840393
Belgium,1930,0.7478799819946289
Belgium,1931,0.572274386882782
Belgium,1932,0.6814929842948914
Belgium,1933,0.6433125734329224
Belgium,1934,0.5302695631980896
Belgium,1935,0.7528185248374939
Belgium,1936,0.8139798045158386
Belgium,1937,0.6205070614814758
Belgium,1938,0.5752171874046326
Belgium,1939,0.46330514550209045
Belgium,1940,0.9261220097541809
Belgium,1941,1.7907204627990723
Belgium,1942,1.854048252105713
Belgium,1943,1.561226487159729
Belgium,1944,0.975385308265686
Belgium,1945,0.6853657960891724
Belgium,1946,0.5649340152740479
Belgium,1947,0.32587960362434387
Belgium,1948,0.5897845029830933
Belgium,1949,0.6699750423431396
Belgium,1950,0.6342588067054749
Belgium,1951,0.6279522180557251
Belgium,1952,0.6114530563354492
Belgium,1953,0.6308805346488953
Belgium,1954,0.7269871234893799
Belgium,1955,0.7734123468399048
Belgium,1956,0.701681911945343
Belgium,1957,0.5694359540939331
Belgium,1958,0.6252475380897522
Belgium,1959,0.5818204879760742
Belgium,1960,0.49044737219810486
Belgium,1961,0.5077921748161316
Belgium,1962,0.2805579602718353
Belgium,1963,0.29520657658576965
Belgium,1964,0.2749488949775696
Belgium,1965,0.2434370368719101
Belgium,1966,0.1839996576309204
Belgium,1967,0.21091510355472565
Belgium,1968,0.22810392081737518
Belgium,1969,0.2114211469888687
Belgium,1970,0.19932490587234497
Belgium,1971,0.20056521892547607
Belgium,1972,0.22612264752388
Belgium,1973,0.20371712744235992
Belgium,1974,0.12578360736370087
Belgium,1975,0.13471661508083344
Belgium,1976,0.11197245121002197
Belgium,1977,0.09606559574604034
Belgium,1978,0.10032094269990921
Belgium,1979,0.10131543129682541
Belgium,1980,0.0784432590007782
Belgium,1981,0.07503437250852585
Belgium,1982,0.08547330647706985
Belgium,1983,0.118951216340065
Belgium,1984,0.13483451306819916
Belgium,1985,0.1792708784341812
Belgium,1986,0.24238547682762146
Belgium,1987,0.2192651927471161
Belgium,1988,0.30288073420524597
Belgium,1989,0.31721100211143494
Belgium,1990,0.24519264698028564
Belgium,1991,0.2525886297225952
Belgium,1992,0.21850961446762085
Belgium,1993,0.27438750863075256
Belgium,1994,0.24531900882720947
Belgium,1995,0.25845545530319214
Belgium,1996,0.31258073449134827
Belgium,1997,0.4205669164657593
Belgium,1998,0.6212174892425537
Belgium,1999,0.5492777824401855
Belgium,2000,0.5672727823257446
Belgium,2001,0.5464358329772949
Belgium,2002,0.39742153882980347
Belgium,2003,0.44885826110839844
Belgium,2004,0.6314342021942139
Belgium,2005,0.6322576403617859
Belgium,2006,0.7321355938911438
Belgium,2007,0.6819422245025635
Belgium,2008,0.33553439378738403
Belgium,2009,0.49045881628990173
Belgium,2010,0.5110760927200317
Belgium,2011,0.4334331750869751
Belgium,2012,0.5607708096504211
Belgium,2013,0.6596274375915527
Belgium,2014,0.7534490823745728
Belgium,2015,0.8985874056816101
Belgium,2016,0.9031612873077393
Canada,1828,0.477358341217041
Canada,1898,0.41187340021133423
Canada,1899,0.3824652135372162
Canada,1901,0.4024936258792877
Canada,1902,0.4393742084503174
Canada,1903,0.35700446367263794
Canada,1904,0.4170159101486206
Canada,1906,0.49132585525512695
Canada,1907,0.39481446146965027
Canada,1908,0.5125918984413147
Canada,1909,0.5443083047866821
Canada,1910,0.5424001216888428
Canada,1911,0.5469611883163452
Canada,1912,0.600051760673523
Canada,1913,0.5174286961555481
Canada,1914,0.49356818199157715
Canada,1915,0.5058996677398682
Canada,1916,0.3980273902416229
Canada,1917,0.29261472821235657
Canada,1918,0.3123025894165039
Canada,1919,0.31873294711112976
Canada,1920,0.2686211168766022
Canada,1921,0.31675922870635986
Canada,1922,0.36094802618026733
Canada,1923,0.3492087125778198
Canada,1924,0.377299040555954
Canada,1925,0.42591801285743713
Canada,1926,0.479367196559906
Canada,1934,1.0201184749603271
Canada,1935,1.1391628980636597
Canada,1936,1.3305277824401855
Canada,1937,0.9277904629707336
Canada,1938,1.0044041872024536
Canada,1939,0.8898780941963196
Canada,1940,0.6257290244102478
Canada,1941,0.4636412262916565
Canada,1942,0.38263407349586487
Canada,1943,0.42010363936424255
Canada,1944,0.4563283622264862
Canada,1945,0.6171848773956299
Canada,1946,0.6176327466964722
Canada,1947,0.5449110269546509
Canada,1948,0.4831570088863373
Canada,1949,0.4695402681827545
Canada,1950,0.537962794303894
Canada,1951,0.5700704455375671
Canada,1952,0.6439610123634338
Canada,1953,0.7437404990196228
Canada,1954,0.9462363123893738
Canada,1955,1.1468465328216553
Canada,1956,1.1254043579101562
Canada,1957,0.8795792460441589
Canada,1958,1.028234839439392
Canada,1959,0.9844849705696106
Canada,1960,0.8781701326370239
Canada,1961,1.1282334327697754
Canada,1962,0.9131560921669006
Canada,1963,1.0024683475494385
Canada,1964,1.1351886987686157
Canada,1965,1.0867656469345093
Canada,1966,0.8537425994873047
Canada,1967,0.8938142657279968
Canada,1968,0.952388346195221
Canada,1969,0.8966364860534668
Canada,1970,0.7457183599472046
Canada,1971,0.6811450719833374
Canada,1972,0.7722992897033691
Canada,1973,0.7735304236412048
Canada,1974,0.45357269048690796
Canada,1975,0.41235488653182983
Canada,1976,0.3808564841747284
Canada,1977,0.3364700675010681
Canada,1978,0.3852953314781189
Canada,1979,0.44969266653060913
Canada,1980,0.5766626596450806
Canada,1981,0.4245418608188629
Canada,1982,0.3973957598209381
Canada,1983,0.5095375180244446
Canada,1984,0.4750160276889801
Canada,1985,0.5125446915626526
Canada,1986,0.5734296441078186
Canada,1987,0.5439345836639404
Canada,1988,0.5666366815567017
Canada,1989,0.6259995102882385
Canada,1990,0.4824383854866028
Canada,1991,0.5380620956420898
Canada,1992,0.5009993314743042
Canada,1993,0.6405394077301025
Canada,1994,0.5978027582168579
Canada,1995,0.6492881774902344
Canada,1996,0.8707196116447449
Canada,1997,1.0739049911499023
Canada,1998,0.9528470039367676
Canada,1999,1.0528123378753662
Canada,2000,1.2864378690719604
Canada,2001,0.8953931927680969
Canada,2002,0.7858321070671082
Canada,2003,0.9683837890625
Canada,2004,1.093565583229065
Canada,2005,1.2650362253189087
Canada,2006,1.3750617504119873
Canada,2007,1.4092248678207397
Canada,2008,0.7837568521499634
Canada,2009,1.1507537364959717
Canada,2010,1.3300774097442627
Canada,2011,1.1329090595245361
Canada,2012,1.1278505325317383
Canada,2013,1.1949783563613892
Canada,2014,1.227150321006775
Canada,2015,1.1114976406097412
Canada,2016,1.321616768836975
Denmark,1828,0.37594738602638245
Denmark,1871,0.19059224426746368
Denmark,1872,0.1962256282567978
Denmark,1873,0.2028234750032425
Denmark,1874,0.21596011519432068
Denmark,1875,0.1944282352924347
Denmark,1876,0.18547415733337402
Denmark,1877,0.2064545601606369
Denmark,1878,0.22759565711021423
Denmark,1879,0.23464420437812805
Denmark,1880,0.2667672038078308
Denmark,1881,0.267169326543808
Denmark,1882,0.2780589163303375
Denmark,1883,0.2857005298137665
Denmark,1884,0.2599893808364868
Denmark,1885,0.2976285219192505
Denmark,1886,0.28711262345314026
Denmark,1887,0.30488961935043335
Denmark,1888,0.3001193106174469
Denmark,1889,0.27479949593544006
Denmark,1890,0.267119437456131
Denmark,1891,0.27306222915649414
Denmark,1892,0.28217220306396484
Denmark,1893,0.29704681038856506
Denmark,1894,0.30165255069732666
Denmark,1895,0.30330604314804077
Denmark,1896,0.31068119406700134
Denmark,1897,0.33478718996047974
Denmark,1898,0.3083398938179016
Denmark,1899,0.32133638858795166
Denmark,1901,0.3179357647895813
Denmark,1902,0.3290039896965027
Denmark,1903,0.3427785634994507
Denmark,1904,0.36781108379364014
Denmark,1906,0.39544203877449036
Denmark,1907,0.3955426812171936
Denmark,1908,0.3807017207145691
Denmark,1909,0.3976537883281708
Denmark,1910,0.38476255536079407
Denmark,1911,0.39768925309181213
Denmark,1912,0.3956461548805237
Denmark,1913,0.3445161283016205
Denmark,1914,0.27992773056030273
Denmark,1915,0.32208573818206787
Denmark,1916,0.3801072835922241
Denmark,1917,0.40386468172073364
Denmark,1918,0.45564472675323486
Denmark,1919,0.36244872212409973
Denmark,1920,0.24967913329601288
Denmark,1921,0.20165176689624786
Denmark,1922,0.1518682837486267
Denmark,1923,0.17194537818431854
Denmark,1924,0.15262044966220856
Denmark,1925,0.16415409743785858
Denmark,1926,0.17800286412239075
Denmark,1927,0.21591491997241974
Denmark,1928,0.19285379350185394
Denmark,1929,0.20710571110248566
Denmark,1930,0.19760864973068237
Denmark,1931,0.17257708311080933
Denmark,1932,0.18798905611038208
Denmark,1933,0.23653030395507812
Denmark,1934,0.23788626492023468
Denmark,1935,0.22572986781597137
Denmark,1936,0.2503270208835602
Denmark,1937,0.220648854970932
Denmark,1938,0.20611736178398132
Denmark,1939,0.18130339682102203
Denmark,1940,0.1689000129699707
Denmark,1941,0.1802402138710022
Denmark,1942,0.16932852566242218
Denmark,1943,0.17330197989940643
Denmark,1944,0.15460264682769775
Denmark,1945,0.14262212812900543
Denmark,1946,0.14118823409080505
Denmark,1947,0.12823782861232758
Denmark,1948,0.11124537140130997
Denmark,1949,0.11451131105422974
Denmark,1950,0.10740841925144196
Denmark,1951,0.09752999246120453
Denmark,1952,0.09292428940534592
Denmark,1953,0.09128221869468689
Denmark,1954,0.09631416201591492
Denmark,1955,0.11121028661727905
Denmark,1956,0.13077150285243988
Denmark,1957,0.11090880632400513
Denmark,1958,0.12744233012199402
Denmark,1959,0.13551288843154907
Denmark,1960,0.1320142149925232
Denmark,1961,0.12243948876857758
Denmark,1962,0.11372525244951248
Denmark,1963,0.1223895251750946
Denmark,1964,0.11646044999361038
Denmark,1965,0.11535342037677765
Denmark,1966,0.10300913453102112
Denmark,1967,0.0875854343175888
Denmark,1968,0.0874369814991951
Denmark,1969,0.08515014499425888
Denmark,1970,0.07872316241264343
Denmark,1971,0.07084222137928009
Denmark,1972,0.1289248764514923
Denmark,1973,0.1157451719045639
Denmark,1974,0.08004418760538101
Denmark,1975,0.10720126330852509
Denmark,1976,0.10420116037130356
Denmark,1977,0.09590456634759903
Denmark,1978,0.08140014111995697
Denmark,1979,0.0779229998588562
Denmark,1980,0.08642040938138962
Denmark,1981,0.10703995823860168
Denmark,1982,0.09641414880752563
Denmark,1983,0.19605958461761475
Denmark,1984,0.14641863107681274
Denmark,1985,0.21355700492858887
Denmark,1986,0.18594695627689362
Denmark,1987,0.1720038801431656
Denmark,1988,0.2469683587551117
Denmark,1989,0.33702749013900757
Denmark,1990,0.2683941423892975
Denmark,1991,0.30294108390808105
Denmark,1992,0.22417183220386505
Denmark,1993,0.29660695791244507
Denmark,1994,0.29266873002052307
Denmark,1995,0.3058294355869293
Denmark,1996,0.3950771689414978
Denmark,1997,0.5686478018760681
Denmark,1998,0.5426775217056274
Denmark,1999,0.5941894054412842
Denmark,2000,0.6930961012840271
Denmark,2001,0.5361078977584839
Denmark,2002,0.3959665298461914
Denmark,2003,0.5173794031143188
Denmark,2004,0.5497744679450989
Denmark,2005,0.7345535159111023
Denmark,2006,0.8048824667930603
Denmark,2007,0.8144277930259705
Denmark,2008,0.40524813532829285
Denmark,2009,0.5878068804740906
Denmark,2010,0.7308679819107056
Denmark,2011,0.5728660821914673
Denmark,2012,0.686542809009552
Denmark,2013,0.8545471429824829
Denmark,2014,0.9751837849617004
Denmark,2015,1.220457911491394
Denmark,2016,1.1485962867736816
Finland,1912,0.18235263228416443
Finland,1913,0.18572190403938293
Finland,1914,0.1872788667678833
Finland,1915,0.27705565094947815
Finland,1916,0.5142239332199097
Finland,1917,0.4362953305244446
Finland,1918,0.48417550325393677
Finland,1919,0.3713279962539673
Finland,1920,0.22618287801742554
Finland,1921,0.13425379991531372
Finland,1922,0.130894735455513
Finland,1923,0.11599664390087128
Finland,1924,0.0964927226305008
Finland,1925,0.11376446485519409
Finland,1926,0.14154134690761566
Finland,1927,0.24947009980678558
Finland,1928,0.19795985519886017
Finland,1929,0.15482644736766815
Finland,1930,0.15452352166175842
Finland,1931,0.16663742065429688
Finland,1932,0.15195105969905853
Finland,1933,0.18511025607585907
Finland,1934,0.17704106867313385
Finland,1935,0.16835875809192657
Finland,1936,0.22154849767684937
Finland,1937,0.18657968938350677
Finland,1938,0.17381615936756134
Finland,1939,0.1620488464832306
Finland,1940,0.16442324221134186
Finland,1941,0.19111071527004242
Finland,1942,0.21799400448799133
Finland,1943,0.17577457427978516
Finland,1944,0.15086013078689575
Finland,1945,0.19666431844234467
Finland,1946,0.15674646198749542
Finland,1947,0.10215362161397934
Finland,1948,0.052936263382434845
Finland,1949,0.06777408719062805
Finland,1950,0.09735408425331116
Finland,1951,0.07839469611644745
Finland,1952,0.0613255575299263
Finland,1953,0.08313502371311188
Finland,1954,0.07760900259017944
Finland,1955,0.10972282290458679
Finland,1956,0.09621533006429672
Finland,1957,0.07299358397722244
Finland,1958,0.06852353364229202
Finland,1959,0.08834494650363922
Finland,1960,0.08910402655601501
Finland,1961,0.079135462641716
Finland,1962,0.07941461354494095
Finland,1963,0.07390643656253815
Finland,1964,0.06687439233064651
Finland,1965,0.058731142431497574
Finland,1966,0.045727990567684174
Finland,1967,0.04019118845462799
Finland,1968,0.04802967607975006
Finland,1969,0.05226011574268341
Finland,1970,0.05938998982310295
Finland,1971,0.0644613578915596
Finland,1972,0.09011419862508774
Finland,1973,0.11082994192838669
Finland,1974,0.07332958281040192
Finland,1975,0.06671469658613205
Finland,1976,0.05153380706906319
Finland,1977,0.03888988867402077
Finland,1978,0.04068940132856369
Finland,1979,0.04756461828947067
Finland,1980,0.03948992118239403
Finland,1981,0.04214274510741234
Finland,1982,0.05189003050327301
Finland,1983,0.0866456851363182
Finland,1984,0.0848105177283287
Finland,1985,0.09056021273136139
Finland,1986,0.1496293693780899
Finland,1987,0.1985340565443039
Finland,1988,0.27786344289779663
Finland,1989,0.24329864978790283
Finland,1990,0.15134784579277039
Finland,1991,0.1204729676246643
Finland,1992,0.14969594776630402
Finland,1993,0.30547651648521423
Finland,1994,0.35996168851852417
Finland,1995,0.33367833495140076
Finland,1996,0.4815990626811981
Finland,1997,0.6064404249191284
Finland,1998,1.093087077140808
Finland,1999,2.7464683055877686
Finland,2000,2.2952349185943604
Finland,2001,1.4809294939041138
Finland,2002,0.8987787365913391
Finland,2003,0.89069002866745
Finland,2004,0.8530954122543335
Finland,2005,1.0803591012954712
Finland,2006,1.1662436723709106
Finland,2007,1.3042168617248535
Finland,2008,0.5734935402870178
Finland,2009,0.7350203394889832
Finland,2010,0.8475467562675476
Finland,2011,0.5601948499679565
Finland,2012,0.6029190421104431
Finland,2013,0.7633103728294373
Finland,2014,0.7917011380195618
Finland,2015,0.8641975522041321
Finland,2016,0.940723717212677
France,1828,0.6561232805252075
France,1869,0.3225395679473877
France,1870,0.35011735558509827
France,1871,0.3548480272293091
France,1872,0.38889288902282715
France,1873,0.38405492901802063
France,1874,0.4160119295120239
France,1875,0.4815100133419037
France,1876,0.4866142272949219
France,1877,0.574140727519989
France,1878,0.6246066689491272
France,1879,0.613000750541687
France,1880,0.7674744725227356
France,1881,0.6731618642807007
France,1882,0.6590538024902344
France,1883,0.6897392868995667
France,1884,0.7062495946884155
France,1885,0.6936941742897034
France,1886,0.6868991255760193
France,1887,0.6635904312133789
France,1888,0.6131379008293152
France,1889,0.5734300017356873
France,1890,0.6109907627105713
France,1891,0.6244675517082214
France,1892,0.6839457154273987
France,1893,0.6516938209533691
France,1894,0.717330813407898
France,1895,0.6719774603843689
France,1896,0.6139250993728638
France,1897,0.5752676129341125
France,1898,0.5783636569976807
France,1899,0.5742206573486328
France,1901,0.6291032433509827
France,1902,0.6295685172080994
France,1903,0.6096303462982178
France,1904,0.6421009302139282
France,1906,0.6235414147377014
France,1907,0.5836368203163147
France,1908,0.6162810921669006
France,1909,0.5831710696220398
France,1910,0.5806905031204224
France,1911,0.5526856184005737
France,1912,0.5278093218803406
France,1913,0.5546953082084656
France,1914,0.5750585794448853
France,1915,0.4771178960800171
France,1916,0.4166632294654846
France,1920,0.16721338033676147
France,1921,0.22448986768722534
France,1922,0.25444188714027405
France,1923,0.30459362268447876
France,1924,0.2850915789604187
France,1925,0.2974402904510498
France,1926,0.2697511315345764
France,1927,0.38879549503326416
France,1928,0.5244712829589844
France,1929,0.5505436062812805
France,1930,0.41909319162368774
France,1931,0.2982454001903534
France,1932,0.4108552634716034
France,1933,0.42786943912506104
France,1934,0.3812554180622101
France,1935,0.4521760046482086
France,1936,0.4157204031944275
France,1937,0.2882670760154724
France,1938,0.2758874297142029
France,1945,0.47186392545700073
France,1946,0.35308268666267395
France,1947,0.22918109595775604
France,1948,0.16619478166103363
France,1949,0.09913375973701477
France,1950,0.0742475613951683
France,1951,0.09299097210168839
France,1952,0.0900086760520935
France,1953,0.10577630251646042
France,1954,0.17616349458694458
France,1955,0.18500351905822754
France,1956,0.1882171481847763
France,1957,0.22999529540538788
France,1958,0.2172240912914276
France,1959,0.3123975694179535
France,1960,0.306026428937912
France,1961,0.34666645526885986
France,1962,0.32559293508529663
France,1963,0.26233047246932983
France,1964,0.22794893383979797
France,1965,0.19990913569927216
France,1966,0.17129115760326385
France,1967,0.158479243516922
France,1968,0.16299854218959808
France,1969,0.1867261379957199
France,1970,0.1655576527118683
France,1971,0.14596359431743622
France,1972,0.16568073630332947
France,1973,0.14854665100574493
France,1974,0.09397774934768677
France,1975,0.10995503515005112
France,1976,0.08183347433805466
France,1977,0.06972938030958176
France,1978,0.08631183207035065
France,1979,0.08924105763435364
France,1980,0.08845267444849014
France,1981,0.0694468691945076
France,1982,0.05486954748630524
France,1983,0.08043203502893448
France,1984,0.09402510523796082
France,1985,0.13689978420734406
France,1986,0.21732564270496368
France,1987,0.17390236258506775
France,1988,0.25633928179740906
France,1989,0.3212071359157562
France,1990,0.25889959931373596
France,1991,0.2676540017127991
France,1992,0.24908515810966492
France,1993,0.36795690655708313
France,1994,0.3185890316963196
France,1995,0.3119572103023529
France,1996,0.3817339241504669
France,1997,0.48906293511390686
France,1998,0.635555624961853
France,1999,0.9369336366653442
France,2000,0.9678412079811096
France,2001,0.7963639497756958
France,2002,0.5451220870018005
France,2003,0.6093040704727173
France,2004,0.6044977307319641
France,2005,0.7821782231330872
France,2006,0.9258267879486084
France,2007,0.9075080752372742
France,2008,0.5099644064903259
France,2009,0.6637791991233826
France,2010,0.6597505807876587
France,2011,0.5348344445228577
France,2012,0.6074360609054565
France,2013,0.7324593663215637
France,2014,0.7490655779838562
France,2015,0.800542414188385
France,2016,0.8240938782691956
Germany,1828,0.3407351076602936
Germany,1869,0.15786240994930267
Germany,1870,0.21640217304229736
Germany,1871,0.2448994368314743
Germany,1872,0.19006945192813873
Germany,1873,0.1710069179534912
Germany,1874,0.1577913761138916
Germany,1875,0.14995329082012177
Germany,1876,0.1434951275587082
Germany,1877,0.14831756055355072
Germany,1878,0.18916648626327515
Germany,1879,0.16754953563213348
Germany,1880,0.18825067579746246
Germany,1881,0.1815202683210373
Germany,1882,0.17205481231212616
Germany,1883,0.15120138227939606
Germany,1884,0.15218862891197205
Germany,1885,0.16672533750534058
Germany,1886,0.16621464490890503
Germany,1887,0.19263552129268646
Germany,1888,0.2334529608488083
Germany,1889,0.20877991616725922
Germany,1890,0.183786541223526
Germany,1891,0.18721099197864532
Germany,1892,0.19123175740242004
Germany,1893,0.21272657811641693
Germany,1894,0.23211334645748138
Germany,1895,0.24928165972232819
Germany,1896,0.2709163427352905
Germany,1897,0.27822011709213257
Germany,1898,0.30307111144065857
Germany,1899,0.27927732467651367
Germany,1901,0.26303550601005554
Germany,1902,0.28098875284194946
Germany,1903,0.30361247062683105
Germany,1904,0.3349699079990387
Germany,1906,0.3456672132015228
Germany,1907,0.32360634207725525
Germany,1908,0.3267781436443329
Germany,1909,0.3608154356479645
Germany,1910,0.36242741346359253
Germany,1911,0.3682986795902252
Germany,1912,0.35028326511383057
Germany,1913,0.3391425609588623
Germany,1914,0.33732494711875916
Germany,1915,0.31672292947769165
Germany,1916,0.2789609134197235
Germany,1917,0.22416861355304718
Germany,1918,0.13783521950244904
Germany,1919,0.2887634038925171
Germany,1920,0.1567295789718628
Germany,1921,0.26722607016563416
Germany,1922,0.3425235450267792
Germany,1924,0.17523504793643951
Germany,1925,0.11845304071903229
Germany,1926,0.23247388005256653
Germany,1927,0.22354887425899506
Germany,1928,0.2247151881456375
Germany,1929,0.17040607333183289
Germany,1930,0.1309182196855545
Germany,1931,0.09084951132535934
Germany,1932,0.13606025278568268
Germany,1933,0.14400257170200348
Germany,1934,0.142438143491745
Germany,1935,0.13794656097888947
Germany,1936,0.14888831973075867
Germany,1937,0.1353623867034912
Germany,1938,0.11098501831293106
Germany,1939,0.09462584555149078
Germany,1940,0.10673843324184418
Germany,1941,0.10582376271486282
Germany,1942,0.11456242948770523
Germany,1943,0.10910885781049728
Germany,1944,0.11926254630088806
Germany,1946,0.2846173346042633
Germany,1947,0.25967341661453247
Germany,1948,0.024887243285775185
Germany,1949,0.053752198815345764
Germany,1950,0.04546806961297989
Germany,1951,0.08344058692455292
Germany,1952,0.06064844876527786
Germany,1953,0.06551463156938553
Germany,1954,0.11002950370311737
Germany,1955,0.12039399892091751
Germany,1956,0.10607545077800751
Germany,1957,0.10610964149236679
Germany,1958,0.15636490285396576
Germany,1959,0.2510351240634918
Germany,1960,0.3117845952510834
Germany,1961,0.28030258417129517
Germany,1962,0.2009587585926056
Germany,1963,0.2095963954925537
Germany,1964,0.2025817334651947
Germany,1965,0.16691654920578003
Germany,1966,0.13890454173088074
Germany,1967,0.1865231841802597
Germany,1968,0.20209352672100067
Germany,1969,0.2152969241142273
Germany,1970,0.1510707288980484
Germany,1971,0.15361112356185913
Germany,1972,0.16323447227478027
Germany,1973,0.1258336454629898
Germany,1974,0.10687829554080963
Germany,1975,0.12507125735282898
Germany,1976,0.10797297209501266
Germany,1977,0.1100737601518631
Germany,1978,0.11521151661872864
Germany,1979,0.09532923996448517
Germany,1980,0.09109712392091751
Germany,1981,0.08737080544233322
Germany,1982,0.09739930927753448
Germany,1983,0.1284789741039276
Germany,1984,0.1339036524295807
Germany,1985,0.22791315615177155
Germany,1986,0.24654293060302734
Germany,1987,0.16584956645965576
Germany,1988,0.2032889574766159
Germany,1989,0.26402008533477783
Germany,1990,0.20771057903766632
Germany,1991,0.18719330430030823
Germany,1992,0.1647283285856247
Germany,1993,0.23009151220321655
Germany,1994,0.22198393940925598
Germany,1995,0.22893695533275604
Germany,1996,0.2816754877567291
Germany,1997,0.39473652839660645
Germany,1998,0.47625094652175903
Germany,1999,0.7142474055290222
Germany,2000,0.6606671214103699
Germany,2001,0.5727622509002686
Germany,2002,0.3031684458255768
Germany,2003,0.39568376541137695
Germany,2004,0.3912581503391266
Germany,2005,0.46067193150520325
Germany,2006,0.5353685617446899
Germany,2007,0.5903868079185486
Germany,2008,0.32471540570259094
Germany,2009,0.3774396479129791
Germany,2010,0.4229436218738556
Germany,2011,0.3419063985347748
Germany,2012,0.41699767112731934
Germany,2013,0.5069130659103394
Germany,2014,0.5029837489128113
Germany,2015,0.5295231938362122
Germany,2016,0.5305473804473877
Italy,1899,0.14000000059604645
Italy,1913,0.17000000178813934
Italy,1928,0.14214135706424713
Italy,1929,0.13082461059093475
Italy,1930,0.11752267181873322
Italy,1931,0.09663724154233932
Italy,1932,0.09357999265193939
Italy,1933,0.13981196284294128
Italy,1934,0.15722565352916718
Italy,1935,0.15148527920246124
Italy,1936,0.18619948625564575
Italy,1937,0.17791001498699188
Italy,1938,0.16907437145709991
Italy,1939,0.2197156548500061
Italy,1940,0.19267050921916962
Italy,1941,0.24946360290050507
Italy,1942,0.24099144339561462
Italy,1943,0.42682698369026184
Italy,1944,0.4429640769958496
Italy,1945,0.1329919993877411
Italy,1946,0.15843212604522705
Italy,1947,0.07487523555755615
Italy,1948,0.09193466603755951
Italy,1949,0.08105107396841049
Italy,1950,0.09374157339334488
Italy,1952,0.09119337052106857
Italy,1954,0.1565721482038498
Italy,1955,0.15694285929203033
Italy,1956,0.15287309885025024
Italy,1957,0.16237446665763855
Italy,1958,0.19279615581035614
Italy,1959,0.2940092384815216
Italy,1960,0.36186137795448303
Italy,1961,0.3467862904071808
Italy,1962,0.26818737387657166
Italy,1963,0.23187236487865448
Italy,1964,0.1427125185728073
Italy,1965,0.1339169293642044
Italy,1966,0.14905568957328796
Italy,1967,0.12316414713859558
Italy,1968,0.12144038081169128
Italy,1969,0.12868212163448334
Italy,1970,0.11184798926115036
Italy,1971,0.09521951526403427
Italy,1972,0.09093346446752548
Italy,1973,0.12064895778894424
Italy,1974,0.0774875208735466
Italy,1975,0.0534752756357193
Italy,1976,0.040711838752031326
Italy,1977,0.028135742992162704
Italy,1978,0.03877798467874527
Italy,1979,0.04599262773990631
Italy,1980,0.08188984543085098
Italy,1981,0.08765332400798798
Italy,1982,0.06399261206388474
Italy,1983,0.06620872020721436
Italy,1984,0.07731877267360687
Italy,1985,0.13006065785884857
Italy,1986,0.22115035355091095
Italy,1987,0.15188594162464142
Italy,1988,0.17066580057144165
Italy,1989,0.18450409173965454
Italy,1990,0.13390561938285828
Italy,1991,0.12877333164215088
Italy,1992,0.11830693483352661
Italy,1993,0.15406030416488647
Italy,1994,0.17665524780750275
Italy,1995,0.18029339611530304
Italy,1996,0.20089274644851685
Italy,1997,0.29850149154663086
Italy,1998,0.44185012578964233
Italy,1999,0.619742751121521
Italy,2000,0.6835087537765503
Italy,2001,0.4717378318309784
Italy,2002,0.3518493175506592
Italy,2003,0.3621852397918701
Italy,2004,0.4142005145549774
Italy,2005,0.4688078761100769
Italy,2006,0.5186664462089539
Italy,2007,0.46989747881889343
Italy,2008,0.23645782470703125
Italy,2009,0.29893583059310913
Italy,2010,0.2645517885684967
Italy,2011,0.20260778069496155
Italy,2012,0.23759879171848297
Italy,2013,0.28168782591819763
Italy,2014,0.2817842662334442
Italy,2015,0.3258177638053894
Italy,2016,0.27711328864097595
Japan,1828,0.18359199166297913
Japan,1898,0.1040002852678299
Japan,1899,0.09152936935424805
Japan,1901,0.09396877884864807
Japan,1902,0.12526895105838776
Japan,1903,0.10690580308437347
Japan,1904,0.11447285860776901
Japan,1906,0.28514930605888367
Japan,1907,0.13617783784866333
Japan,1908,0.14436209201812744
Japan,1909,0.14560467004776
Japan,1910,0.1543894112110138
Japan,1911,0.17421115934848785
Japan,1912,0.15201996266841888
Japan,1913,0.1597030907869339
Japan,1914,0.12879647314548492
Japan,1915,0.20380882918834686
Japan,1916,0.275483101606369
Japan,1917,0.22897501289844513
Japan,1918,0.17291109263896942
Japan,1919,0.21002070605754852
Japan,1920,0.13390173017978668
Japan,1921,0.13407397270202637
Japan,1922,0.11320742219686508
Japan,1923,0.12762200832366943
Japan,1924,0.13398876786231995
Japan,1925,0.1322963684797287
Japan,1926,0.1553398221731186
Japan,1927,0.14537476003170013
Japan,1928,0.14845973253250122
Japan,1929,0.1279584765434265
Japan,1930,0.10365310311317444
Japan,1931,0.12334827333688736
Japan,1932,0.12150641530752182
Japan,1933,0.14028342068195343
Japan,1934,0.14531198143959045
Japan,1935,0.14847029745578766
Japan,1936,0.14192655682563782
Japan,1937,0.14891982078552246
Japan,1938,0.12798066437244415
Japan,1939,0.11480116099119186
Japan,1940,0.1129111796617508
Japan,1941,0.08639628440141678
Japan,1942,0.09565392136573792
Japan,1943,0.10724613815546036
Japan,1944,0.10039301216602325
Japan,1949,0.034997303038835526
Japan,1950,0.04145415499806404
Japan,1951,0.045704979449510574
Japan,1952,0.09982185810804367
Japan,1953,0.11688057333230972
Japan,1954,0.09225922077894211
Japan,1955,0.11916199326515198
Japan,1956,0.16358822584152222
Japan,1957,0.14643968641757965
Japan,1958,0.19526329636573792
Japan,1959,0.2827458381652832
Japan,1960,0.3379825949668884
Japan,1961,0.3175341784954071
Japan,1962,0.3491365909576416
Japan,1963,0.29574087262153625
Japan,1964,0.2513430416584015
Japan,1965,0.2589606046676636
Japan,1966,0.24600473046302795
Japan,1967,0.2072634994983673
Japan,1968,0.23907548189163208
Japan,1969,0.29494336247444153
Japan,1970,0.22135145962238312
Japan,1971,0.28147006034851074
Japan,1972,0.520096480846405
Japan,1973,0.3427257835865021
Japan,1974,0.26848912239074707
Japan,1975,0.2915515601634979
Japan,1976,0.31814220547676086
Japan,1977,0.27784422039985657
Japan,1978,0.3245629668235779
Japan,1979,0.3128145635128021
Japan,1980,0.3173917233943939
Japan,1981,0.35203826427459717
Japan,1982,0.3578832447528839
Japan,1983,0.4446318745613098
Japan,1984,0.5340739488601685
Japan,1985,0.5842835903167725
Japan,1986,0.8382412195205688
Japan,1987,0.9506926536560059
Japan,1988,1.2524173259735107
Japan,1989,1.4901704788208008
Japan,1990,0.856475293636322
Japan,1991,0.8050861358642578
Japan,1992,0.6021097302436829
Japan,1993,0.6705583930015564
Japan,1994,0.7229405641555786
Japan,1995,0.7289455533027649
Japan,1996,0.678949773311615
Japan,1997,0.5369474291801453
Japan,1998,0.537004828453064
Japan,1999,0.9031969308853149
Japan,2000,0.7059172987937927
Japan,2001,0.5856927633285522
Japan,2002,0.49557745456695557
Japan,2003,0.6313139200210571
Japan,2004,0.7173120379447937
Japan,2005,1.0292527675628662
Japan,2006,1.0416865348815918
Japan,2007,0.928598940372467
Japan,2008,0.5430203080177307
Japan,2009,0.6217718124389648
Japan,2010,0.6231033802032471
Japan,2011,0.5259354114532471
Japan,2012,0.6083210110664368
Japan,2013,0.9507530331611633
Japan,2014,1.0214519500732422
Japan,2015,1.1100448369979858
Japan,2016,1.081364393234253
Netherlands,1828,0.8141788244247437
Netherlands,1898,0.5096312165260315
Netherlands,1899,0.6721423268318176
Netherlands,1901,0.7201330661773682
Netherlands,1902,0.7554376721382141
Netherlands,1903,0.70875084400177
Netherlands,1904,0.7550138235092163
Netherlands,1906,0.823653519153595
Netherlands,1907,0.7325987815856934
Netherlands,1908,0.857563316822052
Netherlands,1909,0.969864547252655
Netherlands,1910,0.952524721622467
Netherlands,1911,0.8790441751480103
Netherlands,1912,0.8875183463096619
Netherlands,1913,0.8309503197669983
Netherlands,1921,0.476601243019104
Netherlands,1922,0.4790898859500885
Netherlands,1923,0.536909818649292
Netherlands,1924,0.5966633558273315
Netherlands,1938,0.7400000095367432
Netherlands,1951,0.2742850184440613
Netherlands,1952,0.27723458409309387
Netherlands,1953,0.31648239493370056
Netherlands,1954,0.4715608060359955
Netherlands,1955,0.5305227637290955
Netherlands,1956,0.5057616829872131
Netherlands,1957,0.4119870364665985
Netherlands,1958,0.5897725820541382
Netherlands,1959,0.713465690612793
Netherlands,1960,0.6734309196472168
Netherlands,1961,0.6802414059638977
Netherlands,1962,0.600041389465332
Netherlands,1963,0.6243845224380493
Netherlands,1964,0.5824244022369385
Netherlands,1965,0.49524131417274475
Netherlands,1966,0.3696877956390381
Netherlands,1967,0.4388944208621979
Netherlands,1968,0.5239852070808411
Netherlands,1969,0.39691048860549927
Netherlands,1970,0.33041489124298096
Netherlands,1971,0.26399341225624084
Netherlands,1972,0.29953351616859436
Netherlands,1973,0.21168628334999084
Netherlands,1974,0.13674014806747437
Netherlands,1975,0.1777099072933197
Netherlands,1976,0.1566927433013916
Netherlands,1977,0.15018020570278168
Netherlands,1978,0.14190895855426788
Netherlands,1979,0.14128193259239197
Netherlands,1980,0.14879822731018066
Netherlands,1981,0.13219089806079865
Netherlands,1982,0.1492777317762375
Netherlands,1983,0.21575364470481873
Netherlands,1984,0.25860267877578735
Netherlands,1985,0.32621198892593384
Netherlands,1986,0.3451744318008423
Netherlands,1987,0.276914119720459
Netherlands,1988,0.35534757375717163
Netherlands,1989,0.4591185748577118
Netherlands,1990,0.37282997369766235
Netherlands,1991,0.4062950015068054
Netherlands,1992,0.4172058701515198
Netherlands,1993,0.5848550796508789
Netherlands,1994,0.6127068996429443
Netherlands,1995,0.6872560977935791
Netherlands,1996,0.9237494468688965
Netherlands,1997,1.2514187097549438
Netherlands,1998,1.4129031896591187
Netherlands,1999,1.6427627801895142
Netherlands,2000,1.5063449144363403
Netherlands,2001,1.129935383796692
Netherlands,2002,0.7206012606620789
Netherlands,2003,0.8001032471656799
Netherlands,2004,0.8100591897964478
Netherlands,2005,1.1111760139465332
Netherlands,2006,1.1947927474975586
Netherlands,2007,1.070311188697815
Netherlands,2008,0.4693770706653595
Netherlands,2009,0.6429360508918762
Netherlands,2010,0.7458264231681824
Netherlands,2011,0.7204104065895081
Netherlands,2012,0.8508343696594238
Netherlands,2013,1.0021966695785522
Netherlands,2014,1.0462135076522827
Netherlands,2015,1.226250410079956
Netherlands,2016,1.3994194269180298
Norway,1828,0.17600437998771667
Norway,1879,0.11143815517425537
Norway,1880,0.11241172254085541
Norway,1881,0.11374852806329727
Norway,1882,0.11734351515769958
Norway,1883,0.12642382085323334
Norway,1884,0.13959382474422455
Norway,1885,0.1457202136516571
Norway,1886,0.1487223207950592
Norway,1887,0.14291763305664062
Norway,1888,0.15234455466270447
Norway,1889,0.15913906693458557
Norway,1890,0.15576805174350739
Norway,1891,0.15190644562244415
Norway,1892,0.15217062830924988
Norway,1893,0.15165932476520538
Norway,1894,0.16392852365970612
Norway,1895,0.16784675419330597
Norway,1896,0.20247730612754822
Norway,1897,0.2107565999031067
Norway,1898,0.1841406226158142
Norway,1899,0.17561443150043488
Norway,1901,0.16771765053272247
Norway,1902,0.17119348049163818
Norway,1903,0.16911450028419495
Norway,1904,0.16458529233932495
Norway,1906,0.19174586236476898
Norway,1907,0.24573858082294464
Norway,1908,0.29878222942352295
Norway,1909,0.30596238374710083
Norway,1910,0.315286248922348
Norway,1911,0.3152797818183899
Norway,1912,0.31650829315185547
Norway,1913,0.29908907413482666
Norway,1914,0.2869304418563843
Norway,1915,0.2842749059200287
Norway,1916,0.3001367747783661
Norway,1917,0.38901472091674805
Norway,1918,0.39235612750053406
Norway,1919,0.3304609954357147
Norway,1920,0.21011342108249664
Norway,1921,0.17984424531459808
Norway,1922,0.18118399381637573
Norway,1923,0.17021454870700836
Norway,1924,0.15679877996444702
Norway,1925,0.1359865814447403
Norway,1926,0.1400238275527954
Norway,1927,0.1471828669309616
Norway,1928,0.15419195592403412
Norway,1929,0.15197843313217163
Norway,1930,0.13098464906215668
Norway,1931,0.12106969207525253
Norway,1932,0.11354183405637741
Norway,1933,0.12816007435321808
Norway,1934,0.12363305687904358
Norway,1935,0.14212611317634583
Norway,1936,0.16320686042308807
Norway,1937,0.15337668359279633
Norway,1938,0.1372518241405487
Norway,1939,0.13316817581653595
Norway,1946,0.1133296936750412
Norway,1947,0.10880602151155472
Norway,1948,0.11083883047103882
Norway,1949,0.10058388113975525
Norway,1950,0.10447254031896591
Norway,1951,0.09509529173374176
Norway,1952,0.08640765398740768
Norway,1953,0.08490785956382751
Norway,1954,0.10151329636573792
Norway,1955,0.10509278625249863
Norway,1956,0.11307603120803833
Norway,1957,0.09353043138980865
Norway,1958,0.09068205952644348
Norway,1959,0.09680567681789398
Norway,1960,0.10917142778635025
Norway,1961,0.11438293755054474
Norway,1962,0.08935439586639404
Norway,1963,0.09577947109937668
Norway,1964,0.09404248744249344
Norway,1965,0.08816856890916824
Norway,1966,0.07639624923467636
Norway,1967,0.06914310902357101
Norway,1968,0.0772128626704216
Norway,1969,0.08499236404895782
Norway,1970,0.09177318960428238
Norway,1971,0.08357872068881989
Norway,1972,0.0865672156214714
Norway,1973,0.1308417022228241
Norway,1974,0.06782861799001694
Norway,1975,0.0523715578019619
Norway,1976,0.048949871212244034
Norway,1977,0.03303645923733711
Norway,1978,0.029931772500276566
Norway,1979,0.05537654086947441
Norway,1980,0.05184130743145943
Norway,1981,0.0531487911939621
Norway,1982,0.04179805889725685
Norway,1983,0.07894906401634216
Norway,1984,0.10385282337665558
Norway,1985,0.1370905488729477
Norway,1986,0.12871339917182922
Norway,1987,0.11671588569879532
Norway,1988,0.1558537781238556
Norway,1989,0.23608769476413727
Norway,1990,0.20590510964393616
Norway,1991,0.16669049859046936
Norway,1992,0.15176615118980408
Norway,1993,0.2405892014503479
Norway,1994,0.27477291226387024
Norway,1995,0.2925325632095337
Norway,1996,0.3474442660808563
Norway,1997,0.42631444334983826
Norway,1998,0.30330246686935425
Norway,1999,0.40461018681526184
Norway,2000,0.385972261428833
Norway,2001,0.40010249614715576
Norway,2002,0.2864970862865448
Norway,2003,0.3956161141395569
Norway,2004,0.48735252022743225
Norway,2005,0.6603682041168213
Norway,2006,0.8061855435371399
Norway,2007,0.8324984908103943
Norway,2008,0.3989766836166382
Norway,2009,0.5513124465942383
Norway,2010,0.6687048673629761
Norway,2011,0.4739955961704254
Norway,2012,0.456452339887619
Norway,2013,0.5256938934326172
Norway,2014,0.522695004940033
Norway,2015,0.5439450144767761
Norway,2016,0.6393257975578308
Portugal,1828,0.08923610299825668
Portugal,1869,0.06707528978586197
Portugal,1870,0.07592900842428207
Portugal,1871,0.08184117823839188
Portugal,1872,0.07858521491289139
Portugal,1873,0.08899429440498352
Portugal,1874,0.08580537885427475
Portugal,1875,0.08647859841585159
Portugal,1876,0.08111687004566193
Portugal,1877,0.08410260826349258
Portugal,1878,0.09812621027231216
Portugal,1879,0.10035253316164017
Portugal,1880,0.10574477910995483
Portugal,1881,0.0981927439570427
Portugal,1882,0.09887968003749847
Portugal,1883,0.08941173553466797
Portugal,1884,0.08465640246868134
Portugal,1885,0.08571325987577438
Portugal,1886,0.08745124936103821
Portugal,1887,0.09619089961051941
Portugal,1888,0.09845378249883652
Portugal,1889,0.0740332305431366
Portugal,1890,0.06523826718330383
Portugal,1891,0.06314335018396378
Portugal,1892,0.062175046652555466
Portugal,1893,0.0714113712310791
Portugal,1894,0.07119765877723694
Portugal,1895,0.0724945068359375
Portugal,1896,0.07224372774362564
Portugal,1897,0.07234984636306763
Portugal,1898,0.0745423287153244
Portugal,1899,0.06720837205648422
Portugal,1901,0.07088672369718552
Portugal,1902,0.07709864526987076
Portugal,1903,0.07656924426555634
Portugal,1904,0.08330238610506058
Portugal,1906,0.10254518687725067
Portugal,1907,0.10123385488986969
Portugal,1908,0.09304992109537125
Portugal,1909,0.0902823731303215
Portugal,1910,0.08267168700695038
Portugal,1911,0.08224667608737946
Portugal,1912,0.08134743571281433
Portugal,1913,0.08061114698648453
Portugal,1914,0.08894549310207367
Portugal,1915,0.0883888453245163
Portugal,1916,0.08497454226016998
Portugal,1917,0.09425622969865799
Portugal,1918,0.11599892377853394
Portugal,1919,0.12173300236463547
Portugal,1920,0.08181871473789215
Portugal,1921,0.08237902075052261
Portugal,1922,0.08724939078092575
Portugal,1923,0.08441577851772308
Portugal,1924,0.07745209336280823
Portugal,1925,0.07368357479572296
Portugal,1926,0.10872578620910645
Portugal,1927,0.12127388268709183
Portugal,1928,0.12472468614578247
Portugal,1929,0.1094946414232254
Portugal,1930,0.08041489124298096
Portugal,1931,0.056717608124017715
Portugal,1932,0.05847541615366936
Portugal,1933,0.06419926881790161
Portugal,1934,0.07315266877412796
Portugal,1935,0.07692399621009827
Portugal,1936,0.0835074707865715
Portugal,1937,0.08271606266498566
Portugal,1938,0.0809304341673851
Portugal,1939,0.07953430712223053
Portugal,1940,0.08513683825731277
Portugal,1941,0.09218505769968033
Portugal,1942,0.1387341469526291
Portugal,1943,0.13327449560165405
Portugal,1944,0.16484618186950684
Portugal,1945,0.1849517822265625
Portugal,1946,0.17953899502754211
Portugal,1947,0.15846282243728638
Portugal,1948,0.12593717873096466
Portugal,1949,0.11352328211069107
Portugal,1950,0.12142045795917511
Portugal,1951,0.12384385615587234
Portugal,1952,0.13850972056388855
Portugal,1953,0.15467822551727295
Portugal,1954,0.20747260749340057
Portugal,1955,0.20324932038784027
Portugal,1956,0.2962154448032379
Portugal,1957,0.2663151025772095
Portugal,1958,0.2602914869785309
Portugal,1959,0.274875670671463
Portugal,1960,0.22457033395767212
Portugal,1961,0.18364621698856354
Portugal,1962,0.1532331109046936
Portugal,1963,0.1751532405614853
Portugal,1964,0.1759539097547531
Portugal,1965,0.19205161929130554
Portugal,1966,0.22833850979804993
Portugal,1967,0.21568909287452698
Portugal,1968,0.24173475801944733
Portugal,1969,0.3211904466152191
Portugal,1970,0.3182900846004486
Portugal,1971,0.34135112166404724
Portugal,1972,0.4208843410015106
Portugal,1973,0.7933637499809265
Portugal,1974,0.5272241234779358
Portugal,1975,0.3542154133319855
Portugal,1976,0.18120670318603516
Portugal,1977,0.008197996765375137
Portugal,1978,0.005535054486244917
Portugal,1979,0.004641511011868715
Portugal,1980,0.0073317475616931915
Portugal,1981,0.006821257993578911
Portugal,1982,0.004320415668189526
Portugal,1983,0.007465766742825508
Portugal,1984,0.007965849712491035
Portugal,1985,0.014646322466433048
Portugal,1986,0.053739964962005615
Portugal,1987,0.2530985474586487
Portugal,1988,0.16090735793113708
Portugal,1989,0.1843266636133194
Portugal,1990,0.1384095549583435
Portugal,1991,0.13432469964027405
Portugal,1992,0.12823647260665894
Portugal,1993,0.17053860425949097
Portugal,1994,0.1876760721206665
Portugal,1995,0.20623980462551117
Portugal,1996,0.2605745494365692
Portugal,1997,0.4937010407447815
Portugal,1998,0.5964000225067139
Portugal,1999,0.6429027915000916
Portugal,2000,0.5598587393760681
Portugal,2001,0.425191730260849
Portugal,2002,0.31577810645103455
Portugal,2003,0.33916133642196655
Portugal,2004,0.35510197281837463
Portugal,2005,0.3839009702205658
Portugal,2006,0.5081934928894043
Portugal,2007,0.5619945526123047
Portugal,2008,0.2699388563632965
Portugal,2009,0.3821803331375122
Portugal,2010,0.34514111280441284
Portugal,2011,0.2755040228366852
Portugal,2012,0.2882768213748932
Portugal,2013,0.33226221799850464
Portugal,2014,0.25511595606803894
Portugal,2015,0.2765443027019501
Portugal,2016,0.27193620800971985
Spain,1828,0.07924193143844604
Spain,1898,0.07405813038349152
Spain,1899,0.06807392090559006
Spain,1901,0.06740067154169083
Spain,1902,0.07449806481599808
Spain,1903,0.07514383643865585
Spain,1904,0.06867320835590363
Spain,1906,0.08545834571123123
Spain,1907,0.08498554676771164
Spain,1908,0.09256166219711304
Spain,1909,0.09102051705121994
Spain,1910,0.09577561169862747
Spain,1911,0.08636191487312317
Spain,1912,0.08670728653669357
Spain,1913,0.07886791974306107
Spain,1914,0.06716616451740265
Spain,1915,0.06880620121955872
Spain,1916,0.06418320536613464
Spain,1917,0.06906794756650925
Spain,1918,0.06823953986167908
Spain,1919,0.06632046401500702
Spain,1920,0.055091921240091324
Spain,1921,0.05963999032974243
Spain,1922,0.06777416169643402
Spain,1923,0.0799463540315628
Spain,1924,0.07906355708837509
Spain,1925,0.07141551375389099
Spain,1926,0.10596009343862534
Spain,1927,0.1474597007036209
Spain,1928,0.17959360778331757
Spain,1929,0.16670788824558258
Spain,1930,0.1735367774963379
Spain,1931,0.14082156121730804
Spain,1932,0.13675017654895782
Spain,1933,0.15048396587371826
Spain,1934,0.1329403966665268
Spain,1935,0.1576845943927765
Spain,1936,0.18623840808868408
Spain,1937,0.17560476064682007
Spain,1938,0.16497109830379486
Spain,1939,0.15433743596076965
Spain,1940,0.14370378851890564
Spain,1941,0.1725008338689804
Spain,1942,0.17338748276233673
Spain,1943,0.15477316081523895
Spain,1944,0.14385734498500824
Spain,1945,0.17774415016174316
Spain,1946,0.22901073098182678
Spain,1947,0.30042150616645813
Spain,1948,0.1949719488620758
Spain,1949,0.16480913758277893
Spain,1950,0.14041616022586823
Spain,1951,0.14044488966464996
Spain,1952,0.1487814486026764
Spain,1953,0.14785005152225494
Spain,1954,0.16727778315544128
Spain,1955,0.2248835563659668
Spain,1956,0.28408098220825195
Spain,1957,0.3142242133617401
Spain,1958,0.24530425667762756
Spain,1959,0.22166652977466583
Spain,1960,0.21472881734371185
Spain,1961,0.24444489181041718
Spain,1962,0.25630471110343933
Spain,1963,0.22431689500808716
Spain,1964,0.21363240480422974
Spain,1965,0.20790189504623413
Spain,1966,0.19495254755020142
Spain,1967,0.1910628378391266
Spain,1968,0.2318718582391739
Spain,1969,0.31857749819755554
Spain,1970,0.301799476146698
Spain,1971,0.3345428705215454
Spain,1972,0.38151809573173523
Spain,1973,0.39010000228881836
Spain,1974,0.3087753653526306
Spain,1975,0.29690489172935486
Spain,1976,0.2038639932870865
Spain,1977,0.12687285244464874
Spain,1978,0.10034123063087463
Spain,1979,0.07837884873151779
Spain,1980,0.0758855938911438
Spain,1981,0.08348840475082397
Spain,1982,0.06209396943449974
Spain,1983,0.06605831533670425
Spain,1984,0.07815215736627579
Spain,1985,0.09256810694932938
Spain,1986,0.1735990047454834
Spain,1987,0.1846456676721573
Spain,1988,0.21977771818637848
Spain,1989,0.28211846947669983
Spain,1990,0.20200252532958984
Spain,1991,0.2090044766664505
Spain,1992,0.17784252762794495
Spain,1993,0.2568192183971405
Spain,1994,0.23457282781600952
Spain,1995,0.24343347549438477
Spain,1996,0.3149682581424713
Spain,1997,0.4177982807159424
Spain,1998,0.5352824926376343
Spain,1999,0.6612761616706848
Spain,2000,0.6521345973014832
Spain,2001,0.5854232907295227
Spain,2002,0.4319874346256256
Spain,2003,0.5050531029701233
Spain,2004,0.5743620991706848
Spain,2005,0.6210123896598816
Spain,2006,0.7192031145095825
Spain,2007,0.7299851179122925
Spain,2008,0.4287603497505188
Spain,2009,0.5077614188194275
Spain,2010,0.43698370456695557
Spain,2011,0.39383938908576965
Spain,2012,0.42049404978752136
Spain,2013,0.5547810196876526
Spain,2014,0.5845589637756348
Spain,2015,0.5815911293029785
Spain,2016,0.5668817758560181
Sweden,1828,0.400395005941391
Sweden,1869,0.0518617145717144
Sweden,1870,0.06301980465650558
Sweden,1871,0.07435116916894913
Sweden,1872,0.06528888642787933
Sweden,1873,0.04872143268585205
Sweden,1874,0.04444844648241997
Sweden,1875,0.04699617996811867
Sweden,1876,0.04014931991696358
Sweden,1877,0.0462321899831295
Sweden,1878,0.03455303981900215
Sweden,1879,0.08772742748260498
Sweden,1880,0.07361146062612534
Sweden,1881,0.08032841235399246
Sweden,1882,0.09084074199199677
Sweden,1883,0.09319841116666794
Sweden,1884,0.09708420187234879
Sweden,1885,0.10631521791219711
Sweden,1886,0.10530166327953339
Sweden,1887,0.09127561002969742
Sweden,1888,0.09670942276716232
Sweden,1889,0.109162338078022
Sweden,1890,0.08273810893297195
Sweden,1891,0.08677373826503754
Sweden,1892,0.08899335563182831
Sweden,1893,0.09791972488164902
Sweden,1894,0.10064192116260529
Sweden,1895,0.10398222506046295
Sweden,1896,0.11145463585853577
Sweden,1897,0.10843385010957718
Sweden,1898,0.09785082936286926
Sweden,1899,0.0988679975271225
Sweden,1901,0.07469208538532257
Sweden,1902,0.16086828708648682
Sweden,1903,0.14256907999515533
Sweden,1904,0.3294522166252136
Sweden,1906,0.44581860303878784
Sweden,1907,0.37656962871551514
Sweden,1908,0.4094907343387604
Sweden,1909,0.425041526556015
Sweden,1910,0.5862921476364136
Sweden,1911,0.6497930884361267
Sweden,1912,0.5709193348884583
Sweden,1913,0.5311286449432373
Sweden,1914,0.4350294768810272
Sweden,1915,0.45640039443969727
Sweden,1916,0.5779350996017456
Sweden,1917,0.6554232239723206
Sweden,1918,0.47029823064804077
Sweden,1919,0.3278876841068268
Sweden,1920,0.18224060535430908
Sweden,1921,0.2140720635652542
Sweden,1922,0.21050705015659332
Sweden,1923,0.20655903220176697
Sweden,1924,0.21654552221298218
Sweden,1925,0.2280396819114685
Sweden,1926,0.24378538131713867
Sweden,1927,0.28517597913742065
Sweden,1928,0.36807212233543396
Sweden,1929,0.3789824843406677
Sweden,1930,0.3816084563732147
Sweden,1931,0.27788615226745605
Sweden,1932,0.18923528492450714
Sweden,1933,0.2119511067867279
Sweden,1934,0.238702654838562
Sweden,1935,0.24289929866790771
Sweden,1936,0.3052454888820648
Sweden,1937,0.27073463797569275
Sweden,1938,0.28156358003616333
Sweden,1939,0.20436379313468933
Sweden,1940,0.1957876831293106
Sweden,1941,0.20637069642543793
Sweden,1942,0.20751535892486572
Sweden,1943,0.21340887248516083
Sweden,1944,0.22653523087501526
Sweden,1945,0.22994819283485413
Sweden,1946,0.2126920223236084
Sweden,1947,0.17803703248500824
Sweden,1948,0.14785049855709076
Sweden,1949,0.16180363297462463
Sweden,1950,0.18402668833732605
Sweden,1951,0.170686736702919
Sweden,1952,0.14733891189098358
Sweden,1953,0.15786394476890564
Sweden,1954,0.20285962522029877
Sweden,1955,0.1707753688097
Sweden,1956,0.15821582078933716
Sweden,1957,0.1663416028022766
Sweden,1958,0.18326936662197113
Sweden,1959,0.24359574913978577
Sweden,1960,0.2353210151195526
Sweden,1961,0.2162451297044754
Sweden,1962,0.2065824717283249
Sweden,1963,0.2258068025112152
Sweden,1964,0.2371734231710434
Sweden,1965,0.2128707617521286
Sweden,1966,0.16445069015026093
Sweden,1967,0.15901140868663788
Sweden,1968,0.21424898505210876
Sweden,1969,0.18537142872810364
Sweden,1970,0.13935178518295288
Sweden,1971,0.15251187980175018
Sweden,1972,0.16146604716777802
Sweden,1973,0.1415693461894989
Sweden,1974,0.130794495344162
Sweden,1975,0.14196187257766724
Sweden,1976,0.12874892354011536
Sweden,1977,0.09459050744771957
Sweden,1978,0.10667959600687027
Sweden,1979,0.09517484903335571
Sweden,1980,0.10193315893411636
Sweden,1981,0.1617383509874344
Sweden,1982,0.21263487637043
Sweden,1983,0.3358430862426758
Sweden,1984,0.28827595710754395
Sweden,1985,0.32134106755256653
Sweden,1986,0.4486566483974457
Sweden,1987,0.3935489058494568
Sweden,1988,0.5403815507888794
Sweden,1989,0.6312000751495361
Sweden,1990,0.4149067997932434
Sweden,1991,0.3922000825405121
Sweden,1992,0.36465710401535034
Sweden,1993,0.5473101139068604
Sweden,1994,0.5578517317771912
Sweden,1995,0.6135732531547546
Sweden,1996,0.8631734251976013
Sweden,1997,1.020355463027954
Sweden,1998,1.0448271036148071
Sweden,1999,1.4092903137207031
Sweden,2000,1.2065489292144775
Sweden,2001,0.9264220595359802
Sweden,2002,0.5838437676429749
Sweden,2003,0.7113485932350159
Sweden,2004,0.8217456340789795
Sweden,2005,1.0278249979019165
Sweden,2006,1.170914888381958
Sweden,2007,1.0091019868850708
Sweden,2008,0.5572766065597534
Sweden,2009,0.861335277557373
Sweden,2010,1.0671989917755127
Sweden,2011,0.8878405690193176
Sweden,2012,0.9297557473182678
Sweden,2013,1.1463652849197388
Sweden,2014,1.1732512712478638
Sweden,2015,1.2076911926269531
Sweden,2016,1.2475378513336182
Switzerland,1828,0.3309352993965149
Switzerland,1874,0.10847283899784088
Switzerland,1875,0.10483566671609879
Switzerland,1876,0.08928468078374863
Switzerland,1877,0.10057515650987625
Switzerland,1878,0.11971892416477203
Switzerland,1879,0.14307886362075806
Switzerland,1880,0.1626838743686676
Switzerland,1881,0.15263031423091888
Switzerland,1882,0.1340838223695755
Switzerland,1883,0.1407276690006256
Switzerland,1884,0.1439991146326065
Switzerland,1885,0.17472997307777405
Switzerland,1886,0.2141159623861313
Switzerland,1887,0.25257498025894165
Switzerland,1888,0.26969394087791443
Switzerland,1889,0.270163893699646
Switzerland,1890,0.18254128098487854
Switzerland,1891,0.21663719415664673
Switzerland,1892,0.22201064229011536
Switzerland,1893,0.26666808128356934
Switzerland,1894,0.22987183928489685
Switzerland,1895,0.33128857612609863
Switzerland,1896,0.31873300671577454
Switzerland,1897,0.40194758772850037
Switzerland,1898,0.3271942734718323
Switzerland,1899,0.32666733860969543
Switzerland,1901,0.3238203227519989
Switzerland,1902,0.26404112577438354
Switzerland,1903,0.2752613425254822
Switzerland,1904,0.2923668920993805
Switzerland,1906,0.34084686636924744
Switzerland,1907,0.32913738489151
Switzerland,1908,0.36296960711479187
Switzerland,1909,0.36705729365348816
Switzerland,1910,0.39646393060684204
Switzerland,1911,0.39673835039138794
Switzerland,1912,0.37288251519203186
Switzerland,1913,0.36999398469924927
Switzerland,1914,0.4116533100605011
Switzerland,1915,0.37290358543395996
Switzerland,1916,0.31469815969467163
Switzerland,1917,0.2532408535480499
Switzerland,1918,0.23763515055179596
Switzerland,1919,0.22066368162631989
Switzerland,1920,0.15731537342071533
Switzerland,1921,0.18338768184185028
Switzerland,1922,0.23843330144882202
Switzerland,1923,0.26116427779197693
Switzerland,1924,0.26383864879608154
Switzerland,1925,0.29275381565093994
Switzerland,1926,0.3894985616207123
Switzerland,1927,0.5092193484306335
Switzerland,1928,0.5211745500564575
Switzerland,1929,0.49980297684669495
Switzerland,1930,0.4954676330089569
Switzerland,1931,0.3215072751045227
Switzerland,1932,0.39538460969924927
Switzerland,1933,0.4045170247554779
Switzerland,1934,0.3753353953361511
Switzerland,1935,0.355793297290802
Switzerland,1936,0.55066978931427
Switzerland,1937,0.4953273832798004
Switzerland,1938,0.4981170892715454
Switzerland,1939,0.3990921080112457
Switzerland,1940,0.33855506777763367
Switzerland,1941,0.37173303961753845
Switzerland,1942,0.3457149267196655
Switzerland,1943,0.325461208820343
Switzerland,1944,0.3257422149181366
Switzerland,1945,0.34558576345443726
Switzerland,1946,0.3164823055267334
Switzerland,1947,0.3114611506462097
Switzerland,1948,0.3037046790122986
Switzerland,1949,0.3256714940071106
Switzerland,1950,0.3205929100513458
Switzerland,1951,0.3559489846229553
Switzerland,1952,0.37537682056427
Switzerland,1953,0.3718933165073395
Switzerland,1954,0.4468269646167755
Switzerland,1955,0.4289861023426056
Switzerland,1956,0.3929288387298584
Switzerland,1957,0.3506651818752289
Switzerland,1958,0.4057578444480896
Switzerland,1959,0.47506803274154663
Switzerland,1960,0.5827142596244812
Switzerland,1961,0.7548182010650635
Switzerland,1962,0.5269889831542969
Switzerland,1963,0.47271087765693665
Switzerland,1964,0.40950483083724976
Switzerland,1965,0.3357545733451843
Switzerland,1966,0.27858418226242065
Switzerland,1967,0.3458171486854553
Switzerland,1968,0.45439326763153076
Switzerland,1969,0.4100748300552368
Switzerland,1970,0.298480749130249
Switzerland,1971,0.320460706949234
Switzerland,1972,0.36181819438934326
Switzerland,1973,0.27215301990509033
Switzerland,1974,0.18459559977054596
Switzerland,1975,0.28125590085983276
Switzerland,1976,0.3249213695526123
Switzerland,1977,0.36430278420448303
Switzerland,1978,0.35977163910865784
Switzerland,1979,0.37396717071533203
Switzerland,1980,0.38256075978279114
Switzerland,1981,0.329100102186203
Switzerland,1982,0.35839515924453735
Switzerland,1983,0.41687390208244324
Switzerland,1984,0.4238591492176056
Switzerland,1985,0.6806520223617554
Switzerland,1986,0.7844486236572266
Switzerland,1987,0.6016894578933716
Switzerland,1988,0.6917955875396729
Switzerland,1989,0.7989724278450012
Switzerland,1990,0.591809868812561
Switzerland,1991,0.6516326665878296
Switzerland,1992,0.7461816072463989
Switzerland,1993,1.03358793258667
Switzerland,1994,0.9334952235221863
Switzerland,1995,1.1333608627319336
Switzerland,1996,1.325100064277649
Switzerland,1997,2.0179331302642822
Switzerland,1998,2.2545437812805176
Switzerland,1999,2.5512075424194336
Switzerland,2000,2.7970969676971436
Switzerland,2001,2.208977699279785
Switzerland,2002,1.6270214319229126
Switzerland,2003,1.8950109481811523
Switzerland,2004,1.9213818311691284
Switzerland,2005,2.430941104888916
Switzerland,2006,2.739476203918457
Switzerland,2007,2.504838705062866
Switzerland,2008,1.5291929244995117
Switzerland,2009,1.868038535118103
Switzerland,2010,1.8821053504943848
Switzerland,2011,1.636820912361145
Switzerland,2012,1.8024656772613525
Switzerland,2013,2.147207498550415
Switzerland,2014,2.2869813442230225
Switzerland,2015,2.300844430923462
Switzerland,2016,2.1643452644348145
UK,1828,0.7158446311950684
UK,1869,0.4896005392074585
UK,1870,0.5363836288452148
UK,1871,0.5232934951782227
UK,1872,0.5314264297485352
UK,1873,0.537636399269104
UK,1874,0.5869188904762268
UK,1875,0.5914223194122314
UK,1876,0.5992144346237183
UK,1877,0.5779015421867371
UK,1878,0.6484512686729431
UK,1879,0.6960340738296509
UK,1880,0.6921424865722656
UK,1881,0.6895460486412048
UK,1882,0.675258994102478
UK,1883,0.6863240599632263
UK,1884,0.7022168636322021
UK,1885,0.7108408808708191
UK,1886,0.7139512896537781
UK,1887,0.7224282622337341
UK,1888,0.736737072467804
UK,1889,0.7398849725723267
UK,1890,0.7289310097694397
UK,1891,0.746238648891449
UK,1892,0.7242695093154907
UK,1893,0.7337358593940735
UK,1894,0.7622877359390259
UK,1895,0.8245834112167358
UK,1896,0.8167391419410706
UK,1897,0.787471354007721
UK,1898,0.7790309190750122
UK,1899,0.7475453019142151
UK,1901,0.6988986134529114
UK,1902,0.7259666323661804
UK,1903,0.7077977061271667
UK,1904,0.7374276518821716
UK,1906,0.6852604746818542
UK,1907,0.6196197867393494
UK,1908,0.6423125267028809
UK,1909,0.6340011954307556
UK,1910,0.6271410584449768
UK,1911,0.6103333830833435
UK,1912,0.5961719751358032
UK,1913,0.5667641162872314
UK,1914,0.5270678997039795
UK,1915,0.4084925651550293
UK,1916,0.409547358751297
UK,1917,0.35529208183288574
UK,1918,0.3556774854660034
UK,1919,0.41342103481292725
UK,1920,0.3121945559978485
UK,1921,0.39165404438972473
UK,1922,0.5628939867019653
UK,1923,0.5968265533447266
UK,1924,0.6835976839065552
UK,1925,0.6990852355957031
UK,1926,0.7424774169921875
UK,1927,0.7735626101493835
UK,1928,0.8861441612243652
UK,1929,0.7780470848083496
UK,1930,0.6671168804168701
UK,1931,0.6253808736801147
UK,1932,0.864314615726471
UK,1933,1.0807077884674072
UK,1934,1.1119002103805542
UK,1935,1.2206976413726807
UK,1936,1.3446370363235474
UK,1937,1.0343822240829468
UK,1938,0.8466016054153442
UK,1939,0.769406259059906
UK,1940,0.6070184111595154
UK,1941,0.6197835803031921
UK,1942,0.6471974849700928
UK,1943,0.6391417384147644
UK,1944,0.6936109662055969
UK,1945,0.71138995885849
UK,1946,0.8000708222389221
UK,1947,0.6982204914093018
UK,1948,0.5522274374961853
UK,1949,0.4468112587928772
UK,1950,0.4660769999027252
UK,1951,0.42927879095077515
UK,1952,0.3701932728290558
UK,1953,0.4196401834487915
UK,1954,0.553796112537384
UK,1955,0.5229575037956238
UK,1956,0.428464412689209
UK,1957,0.3996393382549286
UK,1958,0.5321444272994995
UK,1959,0.7972762584686279
UK,1960,0.733511745929718
UK,1961,0.7779578566551208
UK,1962,0.7985664010047913
UK,1963,0.9028950333595276
UK,1964,0.7425334453582764
UK,1965,0.7361677289009094
UK,1966,0.649914562702179
UK,1967,0.805571973323822
UK,1968,0.9211697578430176
UK,1969,0.8070054054260254
UK,1970,0.6822735667228699
UK,1971,0.7589792609214783
UK,1972,0.8827460408210754
UK,1973,0.5196477770805359
UK,1974,0.1980619877576828
UK,1975,0.3923613727092743
UK,1976,0.3192460238933563
UK,1977,0.40311041474342346
UK,1978,0.3665305972099304
UK,1979,0.32666611671447754
UK,1980,0.3567308485507965
UK,1981,0.3721942901611328
UK,1982,0.41476523876190186
UK,1983,0.4854486584663391
UK,1984,0.5926141142845154
UK,1985,0.6452493667602539
UK,1986,0.7880513072013855
UK,1987,0.8022306561470032
UK,1988,0.7774994969367981
UK,1989,0.9073068499565125
UK,1990,0.7304297685623169
UK,1991,0.8262346982955933
UK,1992,0.9273406863212585
UK,1993,1.1427665948867798
UK,1994,1.0376896858215332
UK,1995,1.1480238437652588
UK,1996,1.2079524993896484
UK,1997,1.4164594411849976
UK,1998,1.5326746702194214
UK,1999,1.8810629844665527
UK,2000,1.7486052513122559
UK,2001,1.4278316497802734
UK,2002,1.0238704681396484
UK,2003,1.1392570734024048
UK,2004,1.1638091802597046
UK,2005,1.3389711380004883
UK,2006,1.3734341859817505
UK,2007,1.301984190940857
UK,2008,0.8476589322090149
UK,2009,1.1652207374572754
UK,2010,1.2356657981872559
UK,2011,1.1156151294708252
UK,2012,1.170526146888733
UK,2013,1.3164786100387573
UK,2014,1.2076892852783203
UK,2015,1.1518383026123047
UK,2016,1.2014731168746948
USA,1828,0.6800744533538818
USA,1879,0.41984015703201294
USA,1898,0.4153788089752197
USA,1899,0.5017309784889221
USA,1901,0.6664792895317078
USA,1902,0.6867226958274841
USA,1903,0.5463908910751343
USA,1904,0.6462735533714294
USA,1906,0.599819004535675
USA,1907,0.4114548861980438
USA,1908,0.6244246363639832
USA,1909,0.667653501033783
USA,1910,0.6109604239463806
USA,1911,0.582361102104187
USA,1912,0.5199214816093445
USA,1913,0.4786817729473114
USA,1914,0.5059616565704346
USA,1915,0.5776901841163635
USA,1916,0.4605560600757599
USA,1917,0.3173794746398926
USA,1918,0.26983994245529175
USA,1919,0.30263373255729675
USA,1920,0.25211313366889954
USA,1921,0.3098107576370239
USA,1922,0.44045764207839966
USA,1923,0.3862971365451813
USA,1924,0.452219694852829
USA,1925,0.5335474014282227
USA,1926,0.5789245367050171
USA,1927,0.8117498159408569
USA,1928,1.1233340501785278
USA,1929,1.035672664642334
USA,1930,0.8750423789024353
USA,1931,0.5435567498207092
USA,1932,0.5462625026702881
USA,1933,0.7911966443061829
USA,1934,0.6189489364624023
USA,1935,0.7698342800140381
USA,1936,0.8655294179916382
USA,1937,0.5188645720481873
USA,1938,0.6558794379234314
USA,1939,0.5952298045158386
USA,1940,0.4821988046169281
USA,1941,0.32821598649024963
USA,1942,0.2758461534976959
USA,1943,0.2781086266040802
USA,1944,0.29187247157096863
USA,1945,0.37989214062690735
USA,1946,0.35302361845970154
USA,1947,0.31625768542289734
USA,1948,0.2929600477218628
USA,1949,0.3300226628780365
USA,1950,0.3634008765220642
USA,1951,0.3655385673046112
USA,1952,0.37536880373954773
USA,1953,0.34137818217277527
USA,1954,0.4894205331802368
USA,1955,0.5506615042686462
USA,1956,0.5545393228530884
USA,1957,0.46394503116607666
USA,1958,0.6373526453971863
USA,1959,0.6362243294715881
USA,1960,0.606246829032898
USA,1961,0.743352472782135
USA,1962,0.6075223684310913
USA,1963,0.679325520992279
USA,1964,0.7258461713790894
USA,1965,0.7567843198776245
USA,1966,0.61981600522995
USA,1967,0.7438211441040039
USA,1968,0.791206955909729
USA,1969,0.6572526097297668
USA,1970,0.6213576197624207
USA,1971,0.6691010594367981
USA,1972,0.7142655253410339
USA,1973,0.5248491168022156
USA,1974,0.340535968542099
USA,1975,0.41770926117897034
USA,1976,0.4713858962059021
USA,1977,0.4007241725921631
USA,1978,0.3665425181388855
USA,1979,0.3781745731830597
USA,1980,0.47590190172195435
USA,1981,0.3939956724643707
USA,1982,0.4356929361820221
USA,1983,0.49780282378196716
USA,1984,0.3968086242675781
USA,1985,0.530276358127594
USA,1986,0.5541805028915405
USA,1987,0.5214532613754272
USA,1988,0.5308839082717896
USA,1989,0.599518895149231
USA,1990,0.5187613368034363
USA,1991,0.6754641532897949
USA,1992,0.6971803903579712
USA,1993,0.7656243443489075
USA,1994,0.7050327062606812
USA,1995,0.9099809527397156
USA,1996,1.050460696220398
USA,1997,1.2556196451187134
USA,1998,1.4258899688720703
USA,1999,1.5344102382659912
USA,2000,1.473589539527893
USA,2001,1.3214800357818604
USA,2002,1.0107907056808472
USA,2003,1.245065450668335
USA,2004,1.3365062475204468
USA,2005,1.3040837049484253
USA,2006,1.4165419340133667
USA,2007,1.378527045249939
USA,2008,0.7877658605575562
USA,2009,1.0434879064559937
USA,2010,1.1528409719467163
USA,2011,1.0063133239746094
USA,2012,1.1525791883468628
USA,2013,1.4319372177124023
USA,2014,1.502265214920044
USA,2015,1.3754645586013794
USA,2016,1.461509108543396
