month,cpi
1913-01,34.2
1913-02,34.1
1913-03,34.1
1913-04,34.2
1913-05,34.0
1913-06,34.1
1913-07,34.4
1913-08,34.6
1913-09,34.8
1913-10,35.0
1913-11,35.1
1913-12,35.0
1914-01,35.0
1914-02,34.6
1914-03,34.5
1914-04,34.2
1914-05,34.4
1914-06,34.6
1914-07,35.0
1914-08,35.5
1914-09,35.6
1914-10,35.4
1914-11,35.5
1914-12,35.4
1915-01,35.2
1915-02,35.0
1915-03,34.7
1915-04,35.0
1915-05,35.1
1915-06,35.2
1915-07,35.2
1915-08,35.2
1915-09,35.4
1915-10,35.7
1915-11,35.9
1915-12,36.1
1916-01,36.4
1916-02,36.4
1916-03,36.7
1916-04,37.1
1916-05,37.2
1916-06,37.7
1916-07,37.7
1916-08,38.1
1916-09,38.8
1916-10,39.3
1916-11,40.0
1916-12,40.2
1917-01,40.7
1917-02,41.6
1917-03,41.9
1917-04,43.7
1917-05,44.7
1917-06,45.1
1917-07,44.7
1917-08,45.4
1917-09,46.2
1917-10,47.0
1917-11,47.1
1917-12,47.7
1918-01,48.6
1918-02,49.1
1918-03,48.9
1918-04,49.4
1918-05,50.4
1918-06,51.3
1918-07,52.6
1918-08,53.5
1918-09,54.8
1918-10,55.7
1918-11,56.6
1918-12,57.5
1919-01,57.6
1919-02,56.3
1919-03,57.0
1919-04,58.0
1919-05,58.8
1919-06,59.0
1919-07,60.6
1919-08,61.6
1919-09,62.0
1919-10,63.0
1919-11,64.5
1919-12,65.9
1920-01,67.2
1920-02,68.0
1920-03,68.7
1920-04,70.7
1920-05,71.9
1920-06,72.9
1920-07,72.5
1920-08,70.6
1920-09,69.8
1920-10,69.4
1920-11,69.0
1920-12,67.4
1921-01,66.3
1921-02,64.2
1921-03,63.7
1921-04,62.9
1921-05,61.7
1921-06,61.4
1921-07,61.5
1921-08,61.7
1921-09,61.0
1921-10,60.9
1921-11,60.6
1921-12,60.2
1922-01,59.0
1922-02,58.8
1922-03,58.2
1922-04,58.1
1922-05,58.1
1922-06,58.3
1922-07,58.4
1922-08,57.8
1922-09,57.9
1922-10,58.3
1922-11,58.5
1922-12,58.7
1923-01,58.5
1923-02,58.4
1923-03,58.6
1923-04,58.9
1923-05,59.0
1923-06,59.3
1923-07,59.9
1923-08,59.7
1923-09,60.0
1923-10,60.1
1923-11,60.3
1923-12,60.2
1924-01,60.1
1924-02,59.9
1924-03,59.5
1924-04,59.3
1924-05,59.3
1924-06,59.3
1924-07,59.4
1924-08,59.3
1924-09,59.6
1924-10,59.8
1924-11,60.0
1924-12,60.1
1925-01,60.3
1925-02,60.0
1925-03,60.1
1925-04,60.0
1925-05,60.2
1925-06,60.9
1925-07,61.7
1925-08,61.7
1925-09,61.5
1925-10,61.8
1925-11,62.8
1925-12,62.5
1926-01,62.5
1926-02,62.2
1926-03,61.9
1926-04,62.4
1926-05,62.1
1926-06,61.6
1926-07,61.0
1926-08,60.7
1926-09,61.1
1926-10,61.3
1926-11,61.5
1926-12,61.5
1927-01,61.0
1927-02,60.6
1927-03,60.2
1927-04,60.2
1927-05,60.7
1927-06,61.3
1927-07,60.1
1927-08,59.8
1927-09,60.1
1927-10,60.5
1927-11,60.4
1927-12,60.3
1928-01,60.1
1928-02,59.6
1928-03,59.6
1928-04,59.7
1928-05,60.0
1928-06,59.5
1928-07,59.5
1928-08,59.7
1928-09,60.1
1928-10,60.0
1928-11,59.9
1928-12,59.7
1929-01,59.5
1929-02,59.4
1929-03,59.2
1929-04,59.0
1929-05,59.3
1929-06,59.5
1929-07,60.1
1929-08,60.4
1929-09,60.3
1929-10,60.3
1929-11,60.1
1929-12,59.8
1930-01,59.6
1930-02,59.3
1930-03,59.0
1930-04,59.3
1930-05,59.0
1930-06,58.6
1930-07,57.8
1930-08,57.5
1930-09,57.8
1930-10,57.5
1930-11,57.0
1930-12,56.2
1931-01,55.4
1931-02,54.6
1931-03,54.2
1931-04,53.8
1931-05,53.3
1931-06,52.7
1931-07,52.6
1931-08,52.5
1931-09,52.2
1931-10,51.9
1931-11,51.3
1931-12,50.8
1932-01,49.8
1932-02,49.1
1932-03,48.8
1932-04,48.5
1932-05,47.8
1932-06,47.5
1932-07,47.4
1932-08,46.9
1932-09,46.6
1932-10,46.3
1932-11,46.0
1932-12,45.6
1933-01,44.9
1933-02,44.2
1933-03,43.8
1933-04,43.7
1933-05,43.9
1933-06,44.3
1933-07,45.6
1933-08,46.0
1933-09,46.0
1933-10,46.0
1933-11,46.0
1933-12,45.8
1934-01,46.0
1934-02,46.4
1934-03,46.4
1934-04,46.3
1934-05,46.4
1934-06,46.5
1934-07,46.5
1934-08,46.6
1934-09,47.3
1934-10,47.0
1934-11,46.9
1934-12,46.8
1935-01,47.4
1935-02,47.8
1935-03,47.7
1935-04,48.1
1935-05,47.9
1935-06,47.8
1935-07,47.6
1935-08,47.6
1935-09,47.8
1935-10,47.8
1935-11,48.0
1935-12,48.2
1936-01,48.2
1936-02,47.9
1936-03,47.7
1936-04,47.7
1936-05,47.7
1936-06,48.2
1936-07,48.4
1936-08,48.7
1936-09,48.9
1936-10,48.7
1936-11,48.7
1936-12,48.7
1937-01,49.1
1937-02,49.2
1937-03,49.6
1937-04,49.8
1937-05,50.0
1937-06,50.1
1937-07,50.3
1937-08,50.5
1937-09,50.9
1937-10,50.7
1937-11,50.4
1937-12,50.2
1938-01,49.6
1938-02,49.1
1938-03,49.1
1938-04,49.3
1938-05,49.1
1938-06,49.1
1938-07,49.2
1938-08,49.1
1938-09,49.1
1938-10,48.9
1938-11,48.7
1938-12,48.8
1939-01,48.6
1939-02,48.4
1939-03,48.3
1939-04,48.2
1939-05,48.2
1939-06,48.1
1939-07,48.2
1939-08,48.1
1939-09,49.1
1939-10,48.9
1939-11,48.8
1939-12,48.6
1940-01,48.5
1940-02,48.8
1940-03,48.7
1940-04,48.7
1940-05,48.8
1940-06,49.0
1940-07,48.9
1940-08,48.7
1940-09,48.9
1940-10,48.8
1940-11,48.8
1940-12,49.1
1941-01,49.1
1941-02,49.1
1941-03,49.3
1941-04,49.8
1941-05,50.1
1941-06,51.0
1941-07,51.3
1941-08,51.8
1941-09,52.7
1941-10,53.3
1941-11,53.7
1941-12,53.9
1942-01,54.6
1942-02,55.0
1942-03,55.7
1942-04,56.1
1942-05,56.6
1942-06,56.7
1942-07,57.0
1942-08,57.3
1942-09,57.5
1942-10,58.0
1942-11,58.4
1942-12,58.8
1943-01,58.8
1943-02,59.0
1943-03,59.9
1943-04,60.6
1943-05,61.0
1943-06,60.9
1943-07,60.5
1943-08,60.2
1943-09,60.5
1943-10,60.7
1943-11,60.6
1943-12,60.7
1944-01,60.6
1944-02,60.5
1944-03,60.5
1944-04,60.8
1944-05,61.0
1944-06,61.2
1944-07,61.5
1944-08,61.7
1944-09,61.8
1944-10,61.8
1944-11,61.8
1944-12,62.0
1945-01,62.0
1945-02,61.9
1945-03,61.9
1945-04,62.0
1945-05,62.5
1945-06,63.0
1945-07,63.2
1945-08,63.2
1945-09,62.9
1945-10,62.9
1945-11,63.2
1945-12,63.4
1946-01,63.4
1946-02,63.2
1946-03,63.6
1946-04,64.0
1946-05,64.3
1946-06,65.0
1946-07,68.9
1946-08,70.4
1946-09,71.2
1946-10,72.6
1946-11,74.3
1946-12,74.9
1947-01,74.9
1947-02,74.8
1947-03,76.4
1947-04,76.4
1947-05,76.2
1947-06,76.8
1947-07,77.4
1947-08,78.3
1947-09,80.1
1947-10,80.1
1947-11,80.6
1947-12,81.7
1948-01,82.6
1948-02,81.9
1948-03,81.7
1948-04,82.8
1948-05,83.4
1948-06,84.0
1948-07,85.0
1948-08,85.4
1948-09,85.4
1948-10,85.0
1948-11,84.4
1948-12,83.9
1949-01,83.7
1949-02,82.8
1949-03,83.0
1949-04,83.2
1949-05,83.0
1949-06,83.1
1949-07,82.6
1949-08,82.8
1949-09,83.2
1949-10,82.7
1949-11,82.8
1949-12,82.3
1950-01,82.0
1950-02,81.8
1950-03,82.1
1950-04,82.2
1950-05,82.6
1950-06,83.0
1950-07,83.9
1950-08,84.5
1950-09,85.1
1950-10,85.6
1950-11,86.0
1950-12,87.1
1951-01,88.5
1951-02,89.6
1951-03,89.9
1951-04,90.0
1951-05,90.4
1951-06,90.3
1951-07,90.4
1951-08,90.4
1951-09,91.0
1951-10,91.4
1951-11,91.9
1951-12,92.2
1952-01,92.2
1952-02,91.6
1952-03,91.6
1952-04,92.0
1952-05,92.1
1952-06,92.4
1952-07,93.0
1952-08,93.2
1952-09,93.0
1952-10,93.1
1952-11,93.2
1952-12,93.0
1953-01,92.8
1953-02,92.4
1953-03,92.6
1953-04,92.7
1953-05,92.9
1953-06,93.3
1953-07,93.5
1953-08,93.7
1953-09,93.9
1953-10,94.1
1953-11,93.7
1953-12,93.6
1954-01,93.9
1954-02,93.7
1954-03,93.6
1954-04,93.4
1954-05,93.7
1954-06,93.8
1954-07,93.9
1954-08,93.7
1954-09,93.5
1954-10,93.3
1954-11,93.4
1954-12,93.2
1955-01,93.2
1955-02,93.2
1955-03,93.2
1955-04,93.1
1955-05,93.1
1955-06,93.2
1955-07,93.5
1955-08,93.3
1955-09,93.6
1955-10,93.6
1955-11,93.7
1955-12,93.5
1956-01,93.4
1956-02,93.4
1956-03,93.5
1956-04,93.6
1956-05,94.1
1956-06,94.7
1956-07,95.4
1956-08,95.2
1956-09,95.4
1956-10,95.9
1956-11,96.0
1956-12,96.2
1957-01,93.6
1957-02,96.7
1957-03,96.9
1957-04,97.2
1957-05,97.5
1957-06,98.0
1957-07,98.5
1957-08,98.6
1957-09,98.7
1957-10,98.7
1957-11,99.1
1957-12,99.1
1958-01,99.7
1958-02,99.8
1958-03,100.5
1958-04,100.7
1958-05,100.7
1958-06,100.8
1958-07,101.0
1958-08,100.8
1958-09,100.8
1958-10,100.8
1958-11,101.0
1958-12,100.8
1959-01,100.9
1959-02,100.8
1959-03,100.8
1959-04,101.0
1959-05,101.1
1959-06,101.5
1959-07,101.8
1959-08,101.7
1959-09,102.0
1959-10,102.3
1959-11,102.4
1959-12,102.3
1960-01,102.2
1960-02,102.4
1960-03,102.4
1960-04,102.9
1960-05,102.9
1960-06,103.1
1960-07,103.2
1960-08,103.2
1960-09,103.3
1960-10,103.7
1960-11,103.8
1960-12,103.9
1961-01,103.8
1961-02,103.9
1961-03,103.9
1961-04,103.9
1961-05,103.8
1961-06,104.0
1961-07,104.4
1961-08,104.3
1961-09,104.6
1961-10,104.6
1961-11,104.6
1961-12,104.5
1962-01,104.5
1962-02,104.8
1962-03,105.0
1962-04,105.2
1962-05,105.2
1962-06,105.3
1962-07,105.5
1962-08,105.5
1962-09,106.1
1962-10,106.0
1962-11,106.0
1962-12,105.8
1963-01,106.0
1963-02,106.1
1963-03,106.2
1963-04,106.2
1963-05,106.2
1963-06,106.6
1963-07,107.1
1963-08,107.1
1963-09,107.1
1963-10,107.2
1963-11,107.4
1963-12,107.6
1964-01,107.7
1964-02,107.6
1964-03,107.7
1964-04,107.8
1964-05,107.8
1964-06,108.0
1964-07,108.3
1964-08,108.2
1964-09,108.4
1964-10,108.5
1964-11,108.7
1964-12,108.8
1965-01,108.9
1965-02,108.9
1965-03,109.0
1965-04,109.3
1965-05,109.6
1965-06,110.1
1965-07,110.2
1965-08,110.0
1965-09,110.2
1965-10,110.4
1965-11,110.6
1965-12,110.0
1966-01,111.0
1966-02,111.6
1966-03,112.0
1966-04,112.5
1966-05,112.6
1966-06,112.9
1966-07,113.3
1966-08,113.8
1966-09,114.1
1966-10,114.5
1966-11,114.6
1966-12,114.7
1967-01,114.7
1967-02,114.8
1967-03,115.0
1967-04,115.3
1967-05,115.6
1967-06,116.0
1967-07,116.5
1967-08,116.9
1967-09,117.1
1967-10,117.5
1967-11,117.8
1967-12,118.2
1968-01,118.6
1968-02,119.0
1968-03,119.5
1968-04,119.9
1968-05,120.3
1968-06,120.9
1968-07,121.5
1968-08,121.9
1968-09,122.2
1968-10,122.9
1968-11,123.4
1968-12,123.7
1969-01,124.1
1969-02,124.6
1969-03,125.6
1969-04,126.4
1969-05,126.8
1969-06,127.6
1969-07,128.2
1969-08,128.7
1969-09,129.3
1969-10,129.8
1969-11,130.5
1969-12,131.3
1970-01,131.8
1970-02,132.5
1970-03,133.2
1970-04,134.13453687312133
1970-05,134.48293826759698
1970-06,135.17974105654824
1970-07,135.87654384549953
1970-08,135.87654384549953
1970-09,136.57334663445081
1970-10,137.27014942340207
1970-11,137.96695221235336
1970-12,138.66375500130462
1971-01,138.66375500130462
1971-02,139.01215639578027
1971-03,139.3605577902559
1971-04,139.70895918473155
1971-05,140.40576197368284
1971-06,141.45096615710978
1971-07,141.79936755158542
1971-08,142.14776894606103
1971-09,142.14776894606103
1971-10,142.49617034053668
1971-11,142.49617034053668
1971-12,143.19297312948797
1972-01,143.19297312948797
1972-02,143.88977591843923
1972-03,144.23817731291487
1972-04,144.58657870739052
1972-05,144.93498010186616
1972-06,145.2833814963418
1972-07,145.98018428529306
1972-08,146.3285856797687
1972-09,146.67698707424435
1972-10,147.37378986319564
1972-11,147.72219125767128
1972-12,148.07059265214693
1973-01,148.41899404662257
1973-02,149.46419823004948
1973-03,150.85780380795202
1973-04,151.90300799137896
1973-05,152.94821217480586
1973-06,153.9934163582328
1973-07,154.34181775270844
1973-08,157.12902890851356
1973-09,157.4774303029892
1973-10,158.87103588089175
1973-11,159.91624006431866
1973-12,160.9614442477456
1974-01,162.35504982564817
1974-02,164.445458192502
1974-03,166.5358665593558
1974-04,167.2326693483071
1974-05,169.32307771516096
1974-06,170.7166832930635
1974-07,172.11028887096606
1974-08,174.2006972378199
1974-09,176.29110560467373
1974-10,178.03311257705195
1974-11,179.4267181549545
1974-12,180.82032373285705
1975-01,181.51712652180834
1975-02,182.91073209971088
1975-03,183.60753488866217
1975-04,184.30433767761346
1975-05,185.3495418610404
1975-06,186.74314743894294
1975-07,188.83355580579678
1975-08,189.1819572002724
1975-09,190.22716138369933
1975-10,191.27236556712626
1975-11,192.6659711450288
1975-12,193.3627739339801
1976-01,193.71117532845574
1976-02,194.407978117407
1976-03,194.75637951188264
1976-04,195.45318230083393
1976-05,196.84678787873648
1976-06,197.8919920621634
1976-07,198.93719624559034
1976-08,199.98240042901725
1976-09,200.67920321796854
1976-10,201.72440740139544
1976-11,202.07280879587108
1976-12,202.76961158482237
1977-01,203.81481576824928
1977-02,205.90522413510314
1977-03,207.2988297130057
1977-04,209.04083668538388
1977-05,210.08604086881078
1977-06,211.47964644671336
1977-07,212.5248506301403
1977-08,213.22165341909158
1977-09,213.91845620804284
1977-10,214.61525899699413
1977-11,215.66046318042103
1977-12,216.35726596937232
1978-01,217.75087154727487
1978-02,219.14447712517742
1978-03,220.88648409755564
1978-04,222.62849106993383
1978-05,224.71889943678767
1978-06,227.15770919811717
1978-07,228.89971617049537
1978-08,229.94492035392227
1978-09,231.68692732630046
1978-10,233.7773356931543
1978-11,234.82253987658126
1978-12,235.86774406000816
1979-01,237.95815242686197
1979-02,240.7453635826671
1979-03,243.18417334399658
1979-04,245.97138449980167
1979-05,249.10699705008247
1979-06,251.89420820588757
1979-07,254.6814193616927
1979-08,257.12022912302217
1979-09,259.90744027882727
1979-10,261.99784864568113
1979-11,264.4366584070106
1979-12,267.22386956281576
1980-01,271.05628490204776
1980-02,274.8887002412798
1980-03,279.06951697498744
1980-04,282.20512952526826
1980-05,284.99234068107336
1980-06,288.1279532313541
1980-07,288.1279532313541
1980-08,290.21836159820793
1980-09,292.6571713595374
1980-10,295.44438251534257
1980-11,297.88319227667205
1980-12,300.67040343247714
1981-01,303.1092131938066
1981-02,306.2448257440874
1981-03,308.3352341109412
1981-04,310.42564247779507
1981-05,312.86445223912455
1981-06,315.65166339492964
1981-07,319.135677339686
1981-08,321.5744871010155
1981-09,324.71009965129633
1981-10,325.4069024402476
1981-11,326.4521066236745
1981-12,327.4973108071014
1982-01,328.54251499052833
1982-02,329.58771917395524
1982-03,329.2393177794796
1982-04,330.6329233573822
1982-05,333.7685359076629
1982-06,337.9493526413706
1982-07,339.69135961374883
1982-08,340.3881624027001
1982-09,341.0849651916514
1982-10,342.1301693750783
1982-11,341.433366586127
1982-12,340.03976100822445
1983-01,340.73656379717573
1983-02,341.0849651916514
1983-03,341.0849651916514
1983-04,343.52377495298083
1983-05,345.6141833198347
1983-06,346.6593875032616
1983-07,348.0529930811642
1983-08,349.0981972645911
1983-09,350.84020423696927
1983-10,351.8854084203962
1983-11,352.58221120934746
1983-12,352.93061260382314
1984-01,355.021020970677
1984-02,356.7630279430552
1984-03,357.4598307320064
1984-04,359.2018377043846
1984-05,360.2470418878116
1984-06,361.2922460712385
1984-07,362.685851649141
1984-08,364.0794572270436
1984-09,365.82146419942177
1984-10,366.86666838284873
1984-11,366.86666838284873
1984-12,366.86666838284873
1985-01,367.5634711718
1985-02,369.3054781441782
1985-03,370.6990837220808
1985-04,372.441090694459
1985-05,373.8346962723615
1985-06,374.8799004557884
1985-07,375.5767032447397
1985-08,376.273506033691
1985-09,377.3187102171179
1985-10,378.71231579502046
1985-11,379.75751997844736
1985-12,380.80272416187427
1986-01,381.8479283453012
1986-02,380.80272416187427
1986-03,379.0607171894961
1986-04,378.3639144005448
1986-05,379.40911858397175
1986-06,381.4995269508256
1986-07,381.4995269508256
1986-08,382.1963297397769
1986-09,383.9383367121551
1986-10,384.2867381066307
1986-11,384.6351395011064
1986-12,384.983540895582
1987-01,387.4223506569115
1987-02,388.815956234814
1987-03,390.5579632071922
1987-04,392.64837157404605
1987-05,394.0419771519486
1987-06,395.43558272985115
1987-07,396.4807869132781
1987-08,398.571195280132
1987-09,400.6616036469858
1987-10,401.7068078304127
1987-11,402.05520922488836
1987-12,402.05520922488836
1988-01,403.10041340831526
1988-02,404.14561759174217
1988-03,405.88762456412036
1988-04,407.97803293097417
1988-05,409.37163850887674
1988-06,411.113645481255
1988-07,412.8556524536332
1988-08,414.5976594260114
1988-09,417.3848705818165
1988-10,418.77847615971905
1988-11,419.12687755419466
1988-12,419.82368034314595
1989-01,421.91408870999976
1989-02,423.656095682378
1989-03,426.0949054437075
1989-04,428.8821165995126
1989-05,431.32092636084207
1989-06,432.36613054426897
1989-07,433.41133472769593
1989-08,434.10813751664716
1989-09,435.50174309454974
1989-10,437.59215146140355
1989-11,438.6373556448305
1989-12,439.3341584337818
1990-01,443.86337656196514
1990-02,445.95378492881895
1990-03,448.39259469014837
1990-04,449.0893974790997
1990-05,450.13460166252656
1990-06,452.5734114238561
1990-07,454.31541839623435
1990-08,458.49623512994197
1990-09,462.32865046917397
1990-10,465.1158616249791
1990-11,466.1610658084061
1990-12,466.1610658084061
1991-01,468.9482769642112
1991-02,469.6450797531625
1991-03,470.34188254211375
1991-04,471.038685331065
1991-05,472.43229090896756
1991-06,473.82589648687014
1991-07,474.52269927582137
1991-08,475.91630485372394
1991-09,478.00671322057775
1991-10,478.7035160095291
1991-11,480.0971215874317
1991-12,480.4455229819073
1992-01,481.1423257708585
1992-02,482.88433274323677
1992-03,485.3231425045663
1992-04,486.01994529351754
1992-05,486.71674808246877
1992-06,488.45875505484696
1992-07,489.5039592382739
1992-08,490.8975648161765
1992-09,492.2911703940791
1992-10,494.03317736645727
1992-11,494.7299801554085
1992-12,494.3815787609329
1993-01,496.82038852226236
1993-02,498.56239549464055
1993-03,500.30440246701875
1993-04,501.6980080449213
1993-05,502.39481083387255
1993-06,503.0916136228239
1993-07,503.0916136228239
1993-08,504.4852192007265
1993-09,505.5304233841533
1993-10,507.62083175100713
1993-11,507.96923314548286
1993-12,507.96923314548286
1994-01,509.3628387233854
1994-02,511.1048456957636
1994-03,512.8468526681418
1994-04,513.5436554570931
1994-05,513.8920568515687
1994-06,515.6340638239469
1994-07,517.0276694018495
1994-08,519.1180777687033
1994-09,520.5116833466059
1994-10,520.8600847410816
1994-11,521.5568875300328
1994-12,521.5568875300328
1995-01,523.6472958968867
1995-02,525.7377042637405
1995-03,527.4797112361186
1995-04,529.2217182084969
1995-05,530.2669223919237
1995-06,531.3121265753507
1995-07,531.3121265753507
1995-08,532.7057321532533
1995-09,533.7509363366802
1995-10,535.4929433090583
1995-11,535.1445419145828
1995-12,534.7961405201071
1996-01,537.9317530703879
1996-02,539.673760042766
1996-03,542.4609711985711
1996-04,544.551379565425
1996-05,545.5965837488519
1996-06,545.9449851433276
1996-07,546.9901893267545
1996-08,548.0353935101814
1996-09,549.7774004825596
1996-10,551.5194074549379
1996-11,552.5646116383647
1996-12,552.5646116383647
1997-01,554.3066186107429
1997-02,556.0486255831211
1997-03,557.4422311610236
1997-04,558.1390339499749
1997-05,557.7906325554993
1997-06,558.4874353444507
1997-07,559.1842381334019
1997-08,560.2294423168288
1997-09,561.6230478947314
1997-10,563.016653472634
1997-11,562.6682520781583
1997-12,561.971449289207
1998-01,563.016653472634
1998-02,564.0618576560609
1998-03,565.1070618394878
1998-04,566.1522660229147
1998-05,567.1974702063417
1998-06,567.8942729952929
1998-07,568.5910757842441
1998-08,569.2878785731955
1998-09,569.9846813621467
1998-10,571.3782869400493
1998-11,571.3782869400493
1998-12,571.0298855455736
1999-01,572.4234911234762
1999-02,573.1202939124274
1999-03,574.8623008848057
1999-04,579.0431176185133
1999-05,579.0431176185133
1999-06,579.0431176185133
1999-07,580.7851245908915
1999-08,582.1787301687941
1999-09,584.9659413245993
1999-10,586.0111455080261
1999-11,586.3595469025018
1999-12,586.3595469025018
2000-01,588.10155387488
2000-02,591.5855678196365
2000-03,596.4631873422953
2000-04,596.811588736771
2000-05,597.5083915257222
2000-06,600.6440040760031
2000-07,602.0376096539056
2000-08,602.0376096539056
2000-09,605.1732222041863
2000-10,606.2184263876132
2000-11,606.5668277820889
2000-12,606.2184263876132
2001-01,610.0508417268453
2001-02,612.4896514881748
2001-03,613.8832570660772
2001-04,616.3220668274068
2001-05,619.1092779832119
2001-06,620.1544821666389
2001-07,618.4124751942607
2001-08,618.4124751942607
2001-09,621.1996863500658
2001-10,619.1092779832119
2001-11,618.064073799785
2001-12,615.6252640384555
2002-01,617.0188696163581
2002-02,619.4576793776876
2002-03,622.941693322444
2002-04,626.4257072672004
2002-05,626.4257072672004
2002-06,626.774108661676
2002-07,627.4709114506272
2002-08,629.561319817481
2002-09,630.606524000908
2002-10,631.651728184335
2002-11,631.651728184335
2002-12,630.2581226064324
2003-01,633.0453337622375
2003-02,637.9229532848965
2003-03,641.7553686241284
2003-04,640.361763046226
2003-05,639.3165588627991
2003-06,640.0133616517503
2003-07,640.7101644407016
2003-08,643.148974202031
2003-09,645.2393825688848
2003-10,644.5425797799336
2003-11,642.8005728075555
2003-12,642.1037700186042
2004-01,645.2393825688848
2004-02,648.7233965136413
2004-03,652.904213247349
2004-04,654.9946216142029
2004-05,658.8270369534348
2004-06,660.9174453202887
2004-07,659.8722411368618
2004-08,660.2206425313374
2004-09,661.61424810924
2004-10,665.0982620539965
2004-11,665.446663448472
2004-12,663.0078536871425
2005-01,664.4014592650451
2005-02,668.2338746042772
2005-03,673.4598955214118
2005-04,677.9891136495951
2005-05,677.2923108606439
2005-06,677.6407122551194
2005-07,680.7763248054002
2005-08,684.2603387501566
2005-09,692.621972217572
2005-10,694.0155777954744
2005-11,688.4411554838642
2005-12,685.6539443280592
2006-01,690.8799652451937
2006-02,692.2735708230963
2006-03,696.1059861623283
2006-04,702.0288098684142
2006-05,705.5128238131706
2006-06,706.9064293910732
2006-07,708.996837757927
2006-08,710.3904433358296
2006-09,706.9064293910732
2006-10,703.0740140518411
2006-11,702.0288098684142
2006-12,703.0740140518411
2007-01,705.220166641811
2007-02,708.9933537439822
2007-03,715.4492315836159
2007-04,720.096906185921
2007-05,724.4972157981482
2007-06,725.901273417885
2007-07,725.716620678813
2007-08,724.385727351916
2007-09,726.3820673422615
2007-10,727.9359375616228
2007-11,732.2595988670654
2007-12,731.7683529008548
2008-01,735.4056634591806
2008-02,737.5413640073162
2008-03,743.9345295959441
2008-04,748.4463276544037
2008-05,754.748908880468
2008-06,762.3545113218712
2008-07,766.3576433443964
2008-08,763.2986791009002
2008-09,762.243022875639
2008-10,754.5433520577274
2008-11,740.0916622148779
2008-12,732.4372835782481
2009-01,735.6251563377001
2009-02,739.2833709796944
2009-03,741.0811221751886
2009-04,742.9311335798543
2009-05,745.0772861698242
2009-06,751.4774197863418
2009-07,750.285887017235
2009-08,751.9686657525524
2009-09,752.4390076350945
2009-10,753.1636825356038
2009-11,753.6967366691516
2009-12,752.3693273561994
2010-01,754.9405296474297
2010-02,755.1286664004465
2010-03,758.2294388112797
2010-04,759.5463960823976
2010-05,760.1351944390614
2010-06,759.3930994688283
2010-07,759.553364110287
2010-08,760.6020523076588
2010-09,761.0445220786428
2010-10,761.9921738716166
2010-11,762.3127031545341
2010-12,763.6226923977625
2011-01,767.2600029560883
2011-02,771.0436421000937
2011-03,778.562144192878
2011-04,783.5756402593825
2011-05,787.2617270129347
2011-06,786.4185956383037
2011-07,787.115398427255
2011-08,789.2859391148381
2011-09,790.4844399118344
2011-10,788.8539213856884
2011-11,788.1884747222399
2011-12,786.2443949410658
2012-01,789.7040207882089
2012-02,793.1810667050759
2012-03,799.2049268155596
2012-04,801.6193484792759
2012-05,800.6786647141917
2012-06,799.5045520148087
2012-07,798.2015307994699
2012-08,802.6436485790342
2012-09,806.2252149142438
2012-10,805.9116536592157
2012-11,802.0931743757627
2012-12,799.9330857300138
2013-01,802.2987311985033
2013-02,808.8695814983139
2013-03,810.984377962781
2013-04,810.14124658815
2013-05,811.5836283612791
2013-06,813.5311921563979
2013-07,813.8517214393156
2013-08,814.8307293577922
2013-09,815.7783811507659
2013-10,813.6775207420777
2013-11,812.0156460904288
2013-12,811.9459658115338
2014-01,814.9666059016375
2014-02,817.9802779638519
2014-03,823.2481070483236
2014-04,825.9621539112889
2014-05,828.8469174575471
2014-06,830.3903356350742
2014-07,830.0663223382119
2014-08,828.6796847881988
2014-09,829.3033232843102
2014-10,827.2198829453458
2014-11,822.7533770681682
2014-12,818.0882823961393
2015-01,814.2384469871835
2015-02,817.7747211411113
2015-03,822.6418886219359
2015-04,824.314215315419
2015-05,828.5159361327952
2015-06,831.4181197487774
2015-07,831.4738639718934
2015-08,830.2962672585658
2015-09,829.0036980850612
2015-10,828.6309085929722
2015-11,826.8819335927045
2015-12,824.0563982835071
2016-01,825.4186477359068
2016-02,826.0980304551342
2016-03,829.6552086927306
2016-04,833.5886604363606
2016-05,836.9611859348848
2016-06,839.7100729372976
2016-07,838.3513074988425
2016-08,839.1212745806337
2016-09,841.1385186546477
2016-10,842.1872068520194
2016-11,840.8772176087909
2016-12,841.1524547104267
2017-01,846.0544623306989
2017-02,848.7162489844928
2017-03,849.4060837455545
2017-04,851.9250258276135
2017-05,852.6531847420675
2017-06,853.4266358378035
2017-07,852.8378374811397
2017-08,855.3916197026462
2017-09,859.9208378308293
2017-10,859.3773316554474
2017-11,859.398235739116
2017-12,858.8930537171262
2018-01,863.572084444934
2018-02,867.4881161188404
2018-03,869.4496159697381
2018-04,872.9057578029365
2018-05,876.5361003333727
2018-06,877.93318992522
2018-07,877.9924181622808
2018-08,878.4801801145467
2018-09,879.5009962003603
2018-10,881.0548664197216
2018-11,878.1039066085131
2018-12,875.2992753829842
2019-01,876.9681180625224
2019-02,880.6751088997433
2019-03,885.6433127849659
2019-04,890.332795554608
2019-05,892.2280991405554
2019-06,892.405783851738
2019-07,893.8969418200938
2019-08,893.851649638812
2019-09,894.5519364417081
2019-10,896.59705262728
2019-11,896.1162587029037
2019-12,895.3009994398305
2020-01,898.7745613427528
2020-02,901.2377592016956
2020-03,899.2762593507977
2020-04,893.2628512821482
2020-05,893.280271351872
2020-06,898.1683429163652
2020-07,902.7114971003275
2020-08,905.5579364931934
2020-09,906.8191495411952
2020-10,907.1954230472289
2020-11,906.6414648300126
2020-12,907.495048246478
2021-01,911.3553356972681
2021-02,916.3444436661593
2021-03,922.8351616452404
2021-04,930.419860002975
2021-05,937.8791338586985
2021-06,946.5926527345345
2021-07,951.1462589603309
2021-08,953.1112428251736
2021-09,955.6998651861276
2021-10,963.6399329662273
2021-11,968.3747079171512
2021-12,971.3500558259733
2022-01,979.5235525403718
2022-02,988.4705003505062
2022-03,1001.6679451732435
2022-04,1007.2597875545774
2022-05,1018.3633399965161
2022-06,1032.351655984713
2022-07,1032.2297154966466
2022-08,1031.8638940324472
2022-09,1034.083210915257
2022-10,1038.2779637047438
2022-11,1037.229275507372
2022-12,1034.0448867618647
2023-01,1042.3124518527716
2023-02,1048.1307551405148
2023-03,1051.6008330294922
2023-04,1056.920922323135
2023-05,1059.582708976929
2023-06,1063.0040106706797
2023-07,1065.031706786528
2023-08,1069.682865402778
2023-09,1072.341168042627
2023-10,1071.9300543971458
2023-11,1069.7699657513967
2023-12,1068.707341498246
2024-01,1074.529128799934
2024-02,1081.180111420474
2024-03,1088.1690433936553
2024-04,1092.405604350479
2024-05,1094.2207756156972
2024-06,1094.5900810938415
2024-07,1095.8617461836775
2024-08,1096.753653753535
2024-09,1098.513080795637
2024-10,1099.7777778575835
2024-11,1099.1820114730303
2024-12,1099.572221034843
2025-01,1106.7701938447096
2025-02,1111.686137520761
2025-03,1114.1841755191513
2025-04,1117.6542534081289
2025-05,1119.9885427511153
2025-06,1123.8070220345685
2025-07,1125.5037368256649
2025-08,1128.736901766399
2025-09,1131.6077292568782
2025-11,1129.2455678023332
2025-12,1129.0086548540896
2026-01,1133.182503559908
2026-02,1138.5234969372195
2026-03,1150.4666967398446
2026-04,1160.2463238827756
2026-05,1167.5732052085984
2026-06,1163.4934248792886
2026-07,1163.374968405167
