country,year,equity_real,bond_real,short_real,inflation,equity_markets,bond_issuers,equity_source
Monde,1880,0.15581913746771536,0.04425225807892974,0.0029262703305490043,0.023592365653585946,8,3,capitalisation
Monde,1881,0.20928610947941495,0.04342338566373316,0.046263484488674976,-0.010630260874599803,8,3,capitalisation
Monde,1882,-0.05964677233125182,0.0437508895045744,0.03121936799171343,0.005551061635688808,8,3,capitalisation
Monde,1883,-0.005708662927109254,0.05998569856482683,0.05443871375577921,0.0015498250193116542,8,3,capitalisation
Monde,1884,0.05708587616540384,0.05045392810638183,0.052248944147181765,-0.017080628280097963,8,3,capitalisation
Monde,1885,0.048760955147672425,0.07152821506393958,0.05560800273205261,-0.026685609935146577,8,3,capitalisation
Monde,1886,0.1525473273445026,0.12962808340377552,0.08118979802618687,-0.021909679621975486,11,4,PIB proxy
Monde,1887,0.0018669541884830387,0.0193742968983055,0.014685615910365546,0.004444550312439288,11,4,PIB proxy
Monde,1888,0.07467377069764214,0.03731805222914608,0.030768075207375456,0.003997908784315646,11,4,PIB proxy
Monde,1889,0.09879037096414778,0.016276096082875613,0.013099645979356006,0.006389979635052145,11,4,PIB proxy
Monde,1890,-0.03397217487973492,-0.011929686616095836,0.02054631218567901,0.007827470142619053,11,4,PIB proxy
Monde,1891,0.04664499480618711,0.06652628184990084,0.039598925942137264,0.004151395774557237,11,4,PIB proxy
Monde,1892,0.06856287447817055,0.06290661307383028,0.04695872972185128,-0.007686733252960737,11,4,PIB proxy
Monde,1893,-0.0058230653486005535,0.0638144878927287,0.048725196383969716,-0.01818036632382975,11,4,PIB proxy
Monde,1894,0.09296099198324437,0.05362177704541837,0.041498752181125365,-0.019790893473681428,11,4,PIB proxy
Monde,1895,0.10236353214195204,0.02246057423896075,0.008590837003060653,-0.001945244548409657,11,4,PIB proxy
Monde,1896,0.08273704473244958,0.017771236464992013,0.007162688942766171,0.005298177371515993,12,4,PIB proxy
Monde,1897,0.07517033397592177,0.0013439601916080957,0.002192701038559758,0.007665652798766712,12,4,PIB proxy
Monde,1898,0.10173832979506647,0.0021367391595747964,0.01834710863983821,0.008487480242795482,12,4,PIB proxy
Monde,1899,0.056071155679102036,0.014356281354388267,0.047207054079994204,0.005602585674364415,10,4,capitalisation
Monde,1900,0.06018773969608837,-0.030304576816659656,-0.006971402843837821,0.02980473220220049,15,4,capitalisation
Monde,1901,0.06177025561936089,0.013085746128700615,0.04242421508386013,0.003450319827024439,16,4,PIB proxy
Monde,1902,0.04649677998201196,0.029847229145642862,0.021494640729072922,0.0054013265024234645,14,4,capitalisation
Monde,1903,-0.05099367425467638,-0.00044746107859361395,0.014947673623026375,0.014064892598763545,14,4,capitalisation
Monde,1904,0.1782883627047278,0.0076437313606336765,0.026356645921214894,0.0008604678516623131,14,4,capitalisation
Monde,1905,0.13728565483883903,0.031061989597964468,0.018899427263980723,0.001724921260409066,14,4,capitalisation
Monde,1906,0.0833744170944275,0.001188858083721156,0.016430478097690493,0.022168388208727723,16,4,PIB proxy
Monde,1907,-0.1467118919412571,-0.0394246669107452,0.0075611547850642224,0.028328334747475453,14,4,capitalisation
Monde,1908,0.18230742638961006,0.060673616844600486,0.049767040299167786,-0.0036356506409988415,14,4,capitalisation
Monde,1909,0.15435734701335302,0.061726912641566045,0.039849191458922156,-0.004237102990115656,14,4,capitalisation
Monde,1910,-0.038760988953613906,0.013071117969046808,0.010650795481403547,0.030588878738179046,14,4,capitalisation
Monde,1911,0.038344733749487325,-0.011897027040299268,0.015667694836810436,0.010637854735132119,14,4,capitalisation
Monde,1912,0.0374385221930007,-0.02622571730041856,0.00883068901904005,0.025300613280086707,14,4,capitalisation
Monde,1913,-0.046381701662185915,-0.0005156796639534944,0.031515575622022673,0.00671261375161968,15,4,capitalisation
Monde,1914,-0.0554095783650691,0.039215231653386695,0.051003779271115046,0.009380036358246217,15,4,capitalisation
Monde,1915,0.14030027715265647,0.004400652643416825,-0.03012829901366096,0.08082952946128634,10,4,capitalisation
Monde,1916,-0.014720974444544122,-0.15099144925565944,-0.0995516254704181,0.13428212733428832,12,4,capitalisation
Monde,1917,-0.2622350335896665,-0.20017267780716075,-0.18297090637659325,0.23963399630142632,12,4,capitalisation
Monde,1918,-0.05745580608912548,-0.15045582412337255,-0.160877570440914,0.23166087187087603,12,4,capitalisation
Monde,1919,0.025680360730349516,-0.173344564753387,-0.1447135258381119,0.15286106415592737,12,4,capitalisation
Monde,1920,-0.2770445353890313,-0.23428779087258844,-0.1878957902271741,0.3052130188556552,13,4,capitalisation
Monde,1921,0.23232837304387322,0.19963789171226431,0.05906057985589064,-0.05970055037719474,13,4,capitalisation
Monde,1922,0.40942131763500433,-0.08715120539785826,-0.13450646734541022,1.2631795307585023,15,4,capitalisation
Monde,1923,0.05607225586834197,0.0674088138554807,0.058016309288322576,0.008988864560713844,14,3,capitalisation
Monde,1924,0.16740981359511342,-0.16819359207979678,-0.18594738056896504,0.02176703368046087,14,4,capitalisation
Monde,1925,0.16011456460506968,0.012095676672490896,0.020393512185626017,0.023554652230647354,15,4,capitalisation
Monde,1926,0.15923357436823982,0.05718021656074379,0.05886653300705408,0.03078993031815742,14,4,capitalisation
Monde,1927,0.25692429950894247,0.06762954298946289,0.05228945995790918,0.0022517180995184597,14,4,capitalisation
Monde,1928,0.3216431255339538,0.05637882821433582,0.058668588757773144,-0.007687754995041832,14,4,capitalisation
Monde,1929,-0.07543169476014988,0.02983511659711202,0.05865196029659536,0.006171577410134998,15,4,capitalisation
Monde,1930,-0.18574627322306225,0.12803107981264739,0.09380322052532736,-0.022642707607524192,15,4,capitalisation
Monde,1931,-0.29233157576344226,0.04231357946240477,0.14542368586444981,-0.07617829168992275,15,4,capitalisation
Monde,1932,0.1026905027194831,0.3263000095080508,0.09881106764435543,-0.07612487584734307,15,4,capitalisation
Monde,1933,0.38563379947025034,0.10109845860392119,0.04813814343723022,-0.03594748482735223,15,4,capitalisation
Monde,1934,0.015848616140287985,0.09916911577491727,0.010156342670577051,0.011627221912764385,15,4,capitalisation
Monde,1935,0.26579729435023713,0.011278519898349604,0.005732154813064105,0.007658064894272964,15,4,capitalisation
Monde,1936,0.2620807455410141,0.028793945298143164,0.00812981199569035,0.01790444100278142,14,4,capitalisation
Monde,1937,-0.23640146761878522,-0.025266484352789886,-0.01702515331649962,0.04987616875462214,14,4,capitalisation
Monde,1938,0.05057268314707297,0.015335218258908823,-0.002706996132208178,0.009623370422951968,14,4,capitalisation
Monde,1939,0.021544242198098695,0.007393982854103198,-0.009965590666716428,0.007684726210078775,15,4,capitalisation
Monde,1940,-0.0876476934457806,-0.006580892009559025,-0.06345465555017904,0.07441865222052191,13,4,capitalisation
Monde,1941,-0.05415974809489976,0.006491674846571316,-0.027914439054529894,0.10773548053413409,13,4,capitalisation
Monde,1942,0.03848978719881324,-0.021115327536652795,-0.03836323698607605,0.1262566237461638,13,4,capitalisation
Monde,1943,0.10593323466003546,-0.010362975661168061,-0.022401124292430713,0.07740211154582546,13,4,capitalisation
Monde,1944,0.10317118465500497,-0.06629580685050374,-0.08868453554506801,0.20221076967284848,12,3,capitalisation
Monde,1945,0.16716097613726988,-0.23520308559058245,-0.3121172880836979,0.2833885053175973,11,3,capitalisation
Monde,1948,-0.0693568106754111,-0.17181502523245717,-0.17985750582763738,0.10215382695670396,13,3,capitalisation
Monde,1949,0.07519965591590316,-0.08157447870353074,-0.0721533107162367,0.009309754460481077,13,3,capitalisation
Monde,1950,0.18683003575137835,0.056122985068228326,0.04788342840443133,0.019507063026592213,15,4,capitalisation
Monde,1951,0.13029836179812881,-0.10671617949659329,-0.06848508766818029,0.08874692728318272,15,4,capitalisation
Monde,1952,0.08327096325374361,-0.018024412070473672,-0.016517755474509094,0.0413186972961777,15,4,capitalisation
Monde,1953,0.06313660491357354,0.03677060398610621,0.006302799427254674,0.011840154654709282,16,4,capitalisation
Monde,1954,0.459984019106352,0.04081521101107621,0.002561073829945665,0.009950908236298456,15,4,capitalisation
Monde,1955,0.25052250273113463,0.0005931050488989786,0.01834759359405888,0.009439380336742785,16,4,capitalisation
Monde,1956,0.02346236753405151,-0.043439209738421636,0.014541464041477992,0.022783909185269242,16,4,capitalisation
Monde,1957,-0.08985818444020965,-0.012844033412973466,0.025497245969497623,0.03570952052244286,16,4,capitalisation
Monde,1958,0.2906969159972965,0.05714453778358042,0.03150187092575671,0.033948828831334286,16,4,capitalisation
Monde,1959,0.23062367712587206,0.025087277189623114,0.03453354178478024,0.011589083343655287,16,4,capitalisation
Monde,1960,0.0247503195490415,0.015659416176516228,0.03225497934560739,0.016389383714491057,16,4,capitalisation
Monde,1961,0.17205941665120839,-0.006613675986049561,0.018100453998991073,0.019217380560707025,16,4,capitalisation
Monde,1962,-0.10425572735501643,0.0702478687254473,0.010401538691738738,0.023941087930072432,16,4,capitalisation
Monde,1963,0.13624495205321008,0.0011481554221042245,0.009711069118597315,0.02495384602933399,16,4,capitalisation
Monde,1964,0.05906319398219306,0.013338463163978798,0.027145502192287674,0.022874233997735298,16,4,capitalisation
Monde,1965,0.061644876992834385,-0.011327681310786097,0.01379660983636416,0.026949210462272194,16,4,capitalisation
Monde,1966,-0.0931448440653101,-0.0011577934155718728,0.016699786787213955,0.03418598445638666,16,4,capitalisation
Monde,1967,0.17915050887663808,0.021327998485255906,0.02465166617948955,0.028460606756807717,16,4,capitalisation
Monde,1968,0.15724404928248203,-0.005853214687829511,0.01950603243105542,0.04078433718688318,16,4,capitalisation
Monde,1969,-0.09600293021509476,-0.03922163937449563,0.02403318821366235,0.0511785143345316,16,4,capitalisation
Monde,1970,-0.09502628631846977,0.014053787661353345,0.01924886377568341,0.0584972918198713,16,4,MSCI World
Monde,1971,0.17407797934665692,0.08131245160885814,-0.0038815670874538244,0.05383120302859027,16,4,MSCI World
Monde,1972,0.2056459020147834,-0.015392180302352787,-0.0031377455184448677,0.044054674491513214,16,4,MSCI World
Monde,1973,-0.23490429831787318,-0.10088355318024123,0.002961438974010494,0.0776716452759428,16,4,MSCI World
Monde,1974,-0.3216588306024447,-0.12290207886656834,-0.030758021310276745,0.1406056444533018,16,4,MSCI World
Monde,1975,0.26507042291147864,0.0295718384084247,-0.03789874115819061,0.11176487734786698,16,4,MSCI World
Monde,1976,0.10372959262333126,0.035963264508917625,-0.017454688854118466,0.08219294122641535,16,4,MSCI World
Monde,1977,-0.01697642195693172,0.10902340684282019,-0.022020817728988756,0.08021888123435783,16,4,MSCI World
Monde,1978,0.09158356376861354,-0.03788382996638673,0.006685233819795133,0.06990097576784869,16,4,MSCI World
Monde,1979,0.027478352322615196,-0.07399641659980594,0.0174017690466321,0.08371204618961045,16,4,MSCI World
Monde,1980,0.14927721456946563,-0.03339231365912698,0.019402764328362188,0.10849269259001887,16,4,MSCI World
Monde,1981,-0.11355292979170994,-0.008211505766073879,0.03506941117872586,0.09085825346437763,16,4,MSCI World
Monde,1982,0.06609247045635724,0.22520352134143873,0.04068349122605508,0.061407040628516776,16,4,MSCI World
Monde,1983,0.18785860375439878,0.025646723676637118,0.03887614864664751,0.042620200670086525,16,4,MSCI World
Monde,1984,-0.005267438048441875,0.07637368907145325,0.044103043016755716,0.03969769651045984,16,4,MSCI World
Monde,1985,0.36520279742416983,0.1412148870352825,0.04755205075347235,0.034880776326200895,16,4,MSCI World
Monde,1986,0.3993470452866872,0.11610333408119478,0.051175687939074066,0.01875740807248336,16,4,MSCI World
Monde,1987,0.11928047193365643,0.046312334490464124,0.04043817921692883,0.025629200360956856,16,4,MSCI World
Monde,1988,0.19801080393544757,0.0351620775151118,0.03890861899057135,0.028414831437876174,16,4,MSCI World
Monde,1989,0.11170667270605761,0.028961078948111174,0.04676739327902485,0.03733617676445256,16,4,MSCI World
Monde,1990,-0.22544652219788808,-0.011766196625408232,0.047459840946923626,0.04450741084532275,16,4,MSCI World
Monde,1991,0.1666582581867766,0.10589847762438676,0.035720800134748876,0.04072962099667276,16,4,MSCI World
Monde,1992,-0.07123093506692224,0.09261585215190715,0.031917246880518335,0.026272651280941223,16,4,MSCI World
Monde,1993,0.199880508944974,0.13797927940734955,0.019698890428198057,0.024071821182329978,16,4,MSCI World
Monde,1994,0.020150786264184983,-0.0848291107608008,0.024176863019426453,0.01882905975803746,16,4,MSCI World
Monde,1995,0.17464029690385807,0.17656317550018752,0.027315319058982546,0.02011016831181772,16,4,MSCI World
Monde,1996,0.09771851910355611,0.03498154991601332,0.020229219734948956,0.021043088289944875,16,4,MSCI World
Monde,1997,0.13830897353182614,0.10000237610201967,0.020814851410156376,0.019144515820801986,16,4,MSCI World
Monde,1998,0.22380264241112702,0.10467242866559512,0.02945646985024078,0.012364703035738623,16,4,MSCI World
Monde,1999,0.21671701173529856,-0.03688609202792614,0.02292149670621857,0.01657278811712733,16,4,MSCI World
Monde,2000,-0.1605738807879532,0.08120637739146952,0.028609218845070727,0.024055888596732716,16,4,MSCI World
Monde,2001,-0.18137473029433404,0.029765073668298614,0.018825872237276164,0.02302945464143574,16,4,MSCI World
Monde,2002,-0.21826472419410903,0.09472851421943185,0.0140176427007494,0.014911562963015488,16,4,MSCI World
Monde,2003,0.30453193761812236,0.0015197587398279033,0.006363995548052254,0.019072082799542762,16,4,MSCI World
Monde,2004,0.11008737557264014,0.03885370331839977,0.005627466417478549,0.021449330762277577,16,4,MSCI World
Monde,2005,0.059514460744425346,0.03594735798226645,0.0075148743002912965,0.026186945244460694,16,4,MSCI World
Monde,2006,0.17110888153734494,-0.018846557179190593,0.012564655664822871,0.025096996818147452,16,4,MSCI World
Monde,2007,0.047376710570449454,0.03257705684907508,0.018609893115479392,0.022239200250562686,16,4,MSCI World
Monde,2008,-0.40702406086727005,0.10702584493346645,-4.129123682461433e-05,0.03394288817795496,16,4,MSCI World
Monde,2009,0.2643126078682194,-0.029752517855647587,0.0028983416259288908,-0.0004226733553727427,16,4,MSCI World
Monde,2010,0.10180570120006571,0.055076689275209034,-0.009827555320970877,0.01575722222024331,16,4,MSCI World
Monde,2011,-0.08351613708407268,0.10948142962013407,-0.01964248165879459,0.028044813208372647,16,4,MSCI World
Monde,2012,0.14877231915558475,0.019457307473060403,-0.014901095885570897,0.019447981440088663,16,4,MSCI World
Monde,2013,0.24486772044097793,-0.06015897419227645,-0.013032518807560511,0.014445208615812466,16,4,MSCI World
Monde,2014,0.03427167626882888,0.11156287561739608,-0.014826731027498097,0.01583495326333796,16,4,MSCI World
Monde,2015,-0.015110731216547046,-0.002277602524085487,-0.002845375334652761,0.0024872827344480522,16,4,MSCI World
Monde,2016,0.049049593151024196,0.06256547826037773,-0.004782619851900233,0.0086402628967413,16,4,MSCI World
Monde,2017,0.20102862840847768,-0.00040189668980883386,-0.01476309944421747,0.018395017945847997,16,4,MSCI World
Monde,2018,-0.10568220910516446,-0.004472522278127999,-0.01399398019293474,0.020309524498884717,15,4,MSCI World
Monde,2019,0.24936736750191835,0.05479333120820562,-0.007373181608497842,0.014348426711965227,16,4,MSCI World
Monde,2020,0.13990487990932166,0.04543573477060581,-0.006276382705273087,0.00755093282197607,16,4,MSCI World
Monde,2021,0.13823314334142767,-0.05561219897235703,-0.025452693084496048,0.03222307241471896,16,4,MSCI World
Monde,2022,-0.23081348403126045,-0.2027052742715677,-0.05488731464971769,0.07358452182103406,16,4,MSCI World
Monde,2023,0.1970131822384058,-0.026603979319078652,-0.017039216426697312,0.046152039212355334,16,4,MSCI World
Monde,2024,0.15076346319534473,-0.035735371280362416,0.00836129381610623,0.027065268348212188,16,4,MSCI World
Monde,2025,0.1792876874690803,-0.01134348658234241,0.006668036457680826,0.02224927838891205,16,4,MSCI World
